"term","estimate","std.error","statistic","p.value","conf.low","conf.high","df","outcome","model","n","units","treated_units","se_type"
"q03",-19.7657657657658,24.5179779460886,-0.806174383924637,0.421981901065364,-68.3858361063598,28.8543045748282,104,"water","Exact GP spelling",106,106,37,"HC2"
"q03",-6.08118899733805,20.8042710939674,-0.29230483345804,0.770480211242584,-47.2073008104109,35.0449228157348,142,"water","Allow interview-ID repair",144,144,46,"HC2"
"q03",-7.49103541013001,21.9354871653362,-0.34150303358513,0.733233329586123,-50.8559907058155,35.8739198855555,141,"water","2003 quota classical",143,143,46,"classical"
"q03",-7.49103541013001,20.8037831235505,-0.360080441410195,0.719325771962073,-48.6186893497946,33.6366185295346,141,"water","2003 quota HC1",143,143,46,"HC1"
"q03",-7.49103541013001,20.8389639050409,-0.359472545960788,0.719779405569594,-48.6882393445178,33.7061685242578,141,"water","2003 quota HC2",143,143,46,"HC2"
"q03",-7.49103541013001,21.0220634469426,-0.356341585070208,0.722117418769729,-49.0502145944578,34.0681437741978,141,"water","2003 quota HC3",143,143,46,"HC3"
"q03",-1.21626984126984,1.58476103673055,-0.76747838511923,0.444412096454962,-4.35627069276191,1.92373101022223,112,"metal_road_km","Exact GP spelling",114,114,42,"HC2"
"q03",-1.41206123973114,1.18959717825025,-1.18700789271214,0.237064238749264,-3.76221790383991,0.938095424377624,153,"metal_road_km","Allow interview-ID repair",155,155,52,"HC2"
"q03",-1.42043740573152,1.52650151502663,-0.93051817620158,0.353578365667123,-4.43633717977043,1.59546236830738,152,"metal_road_km","2003 quota classical",154,154,52,"classical"
"q03",-1.42043740573152,1.19906388973827,-1.18462195208095,0.238015928191578,-3.78942065174998,0.948545840286928,152,"metal_road_km","2003 quota HC1",154,154,52,"HC1"
"q03",-1.42043740573152,1.19848495878383,-1.18519418647767,0.23779033481827,-3.78827686137866,0.947402049915608,152,"metal_road_km","2003 quota HC2",154,154,52,"HC2"
"q03",-1.42043740573152,1.20577147566215,-1.17803201883797,0.240624897410582,-3.80267278853009,0.961797977067044,152,"metal_road_km","2003 quota HC3",154,154,52,"HC3"
"q03",0.167397660818714,0.318752354491535,0.525165252773558,0.60054479207207,-0.464424803996311,0.799220125633738,108,"ssk_new","Exact GP spelling",110,110,38,"HC2"
"q03",-0.096813725490196,0.285569262714441,-0.339020119217125,0.735075115234859,-0.661133569024893,0.467506118044501,148,"ssk_new","Allow interview-ID repair",150,150,48,"HC2"
"q03",-0.109529702970297,0.283495232370383,-0.386354655965424,0.69979267421475,-0.669782424093668,0.450723018153073,147,"ssk_new","2003 quota classical",149,149,48,"classical"
"q03",-0.109529702970297,0.285576946523239,-0.383538322346282,0.701874791390076,-0.673896376942141,0.454836971001546,147,"ssk_new","2003 quota HC1",149,149,48,"HC1"
"q03",-0.109529702970297,0.286159418792359,-0.382757637097989,0.702452353725667,-0.675047478041884,0.455988072101289,147,"ssk_new","2003 quota HC2",149,149,48,"HC2"
"q03",-0.109529702970297,0.288690934186374,-0.379401255806622,0.704937427478324,-0.680050343085517,0.460990937144922,147,"ssk_new","2003 quota HC3",149,149,48,"HC3"
