"term","estimate","std.error","statistic","p.value","conf.low","conf.high","df","outcome","model","n","units","treated_units","se_type","p_holm"
"q03",-7.49103541013001,20.8389639050409,-0.359472545960788,0.719779405569594,-48.6882393445178,33.7061685242578,141,"water","2003 quota unadjusted",143,143,46,"HC2",1
"q03",-8.13560606060602,21.6996505214138,-0.374918759755028,0.708327168624606,-51.0626910098972,34.7914788886852,131,"water","Unadjusted on adjusted sample",133,133,45,"HC2",1
"q03",-9.73215271514006,25.8592315884701,-0.376351195194808,0.707394158024762,-60.9896358685191,41.525330438239,108,"water","2003 quota adjusted",133,133,45,"HC2",1
"q98",34.4768231695379,25.0807369656146,1.37463357702787,0.172090563479939,-15.2375485855192,84.191194924595,108,"water","1998 quota adjusted",133,133,45,"HC2",0.516271690439818
"q03",-1.42043740573152,1.19848495878383,-1.18519418647767,0.23779033481827,-3.78827686137866,0.947402049915608,152,"metal_road_km","2003 quota unadjusted",154,154,52,"HC2",0.713371004454811
"q03",-1.53367433930094,1.29341464038743,-1.18575613064156,0.23771302213574,-4.09066646974338,1.0233177911415,141,"metal_road_km","Unadjusted on adjusted sample",143,143,51,"HC2",0.71313906640722
"q03",-0.788643616612263,1.03963499981352,-0.758577401447358,0.449617908576422,-2.84740395611589,1.27011672289136,118,"metal_road_km","2003 quota adjusted",143,143,51,"HC2",1
"q98",-1.19999786857607,1.26840255797484,-0.946070205418075,0.346046070593725,-3.71178025504049,1.31178451788836,118,"metal_road_km","1998 quota adjusted",143,143,47,"HC2",0.69209214118745
"q03",-0.109529702970297,0.286159418792359,-0.382757637097989,0.702452353725667,-0.675047478041884,0.455988072101289,147,"ssk_new","2003 quota unadjusted",149,149,48,"HC2",1
"q03",-0.0543478260869564,0.291232344622749,-0.186613290351923,0.852241929251166,-0.630277487678197,0.521581835504284,136,"ssk_new","Unadjusted on adjusted sample",138,138,46,"HC2",1
"q03",0.0437713653252282,0.287107539265378,0.152456342446548,0.879098906366823,-0.525040452507213,0.612583183157669,113,"ssk_new","2003 quota adjusted",138,138,46,"HC2",1
"q98",-0.0575105633333172,0.260910437617968,-0.220422624170849,0.825939775536095,-0.57442119790832,0.459400071241686,113,"ssk_new","1998 quota adjusted",138,138,45,"HC2",0.825939775536095
