"block","q03","rows","observed_survey","observed_outcome","strict_rows","outcome"
"BOLPUR-SRINIKETAN",0,6,6,5,6,"water"
"BOLPUR-SRINIKETAN",1,3,3,2,3,"water"
"DUBRAJPUR",0,6,6,6,6,"water"
"DUBRAJPUR",1,4,4,4,4,"water"
"ILLAMBAZAR",0,6,5,5,5,"water"
"ILLAMBAZAR",1,3,3,2,3,"water"
"KHYARASOL",0,8,8,7,8,"water"
"KHYARASOL",1,2,2,0,2,"water"
"LABHPUR",0,7,6,6,6,"water"
"LABHPUR",1,4,4,3,4,"water"
"MAYURESWAR - I",0,6,6,6,6,"water"
"MAYURESWAR - I",1,3,3,3,3,"water"
"MAYURESWAR - II",0,5,5,5,5,"water"
"MAYURESWAR - II",1,2,2,2,2,"water"
"MOHAMMAD BAZAR",0,8,8,8,7,"water"
"MOHAMMAD BAZAR",1,4,4,4,4,"water"
"MURARAI - I",0,5,5,5,5,"water"
"MURARAI - I",1,2,2,2,1,"water"
"MURARAI - II",0,5,5,4,4,"water"
"MURARAI - II",1,3,3,3,3,"water"
"NALHATI - I",0,7,7,6,7,"water"
"NALHATI - I",1,2,2,1,2,"water"
"NALHATI - II",0,4,4,4,4,"water"
"NALHATI - II",1,2,2,2,2,"water"
"NANOOR",0,7,7,5,7,"water"
"NANOOR",1,4,4,3,4,"water"
"RAJNAGAR",0,3,2,2,2,"water"
"RAJNAGAR",1,2,2,2,2,"water"
"RAMPURHAT - I",0,6,6,5,6,"water"
"RAMPURHAT - I",1,3,2,2,2,"water"
"RAMPURHAT - II",0,5,5,5,5,"water"
"RAMPURHAT - II",1,3,3,3,3,"water"
"SAINTHIA",0,8,8,7,8,"water"
"SAINTHIA",1,4,4,4,4,"water"
"SIURI-I",0,4,4,4,4,"water"
"SIURI-I",1,3,3,3,3,"water"
"SIURI-II",0,4,4,4,4,"water"
"SIURI-II",1,2,2,2,2,"water"
"BOLPUR-SRINIKETAN",0,6,6,5,6,"metal_road_km"
"BOLPUR-SRINIKETAN",1,3,3,3,3,"metal_road_km"
"DUBRAJPUR",0,6,6,6,6,"metal_road_km"
"DUBRAJPUR",1,4,4,4,4,"metal_road_km"
"ILLAMBAZAR",0,6,5,5,5,"metal_road_km"
"ILLAMBAZAR",1,3,3,3,3,"metal_road_km"
"KHYARASOL",0,8,8,8,8,"metal_road_km"
"KHYARASOL",1,2,2,1,2,"metal_road_km"
"LABHPUR",0,7,6,6,6,"metal_road_km"
"LABHPUR",1,4,4,4,4,"metal_road_km"
"MAYURESWAR - I",0,6,6,6,6,"metal_road_km"
"MAYURESWAR - I",1,3,3,3,3,"metal_road_km"
"MAYURESWAR - II",0,5,5,5,5,"metal_road_km"
"MAYURESWAR - II",1,2,2,2,2,"metal_road_km"
"MOHAMMAD BAZAR",0,8,8,8,7,"metal_road_km"
"MOHAMMAD BAZAR",1,4,4,4,4,"metal_road_km"
"MURARAI - I",0,5,5,5,5,"metal_road_km"
"MURARAI - I",1,2,2,2,1,"metal_road_km"
"MURARAI - II",0,5,5,4,4,"metal_road_km"
"MURARAI - II",1,3,3,3,3,"metal_road_km"
"NALHATI - I",0,7,7,7,7,"metal_road_km"
"NALHATI - I",1,2,2,2,2,"metal_road_km"
"NALHATI - II",0,4,4,4,4,"metal_road_km"
"NALHATI - II",1,2,2,2,2,"metal_road_km"
"NANOOR",0,7,7,6,7,"metal_road_km"
"NANOOR",1,4,4,4,4,"metal_road_km"
"RAJNAGAR",0,3,2,2,2,"metal_road_km"
"RAJNAGAR",1,2,2,2,2,"metal_road_km"
"RAMPURHAT - I",0,6,6,6,6,"metal_road_km"
"RAMPURHAT - I",1,3,2,2,2,"metal_road_km"
"RAMPURHAT - II",0,5,5,5,5,"metal_road_km"
"RAMPURHAT - II",1,3,3,3,3,"metal_road_km"
"SAINTHIA",0,8,8,8,8,"metal_road_km"
"SAINTHIA",1,4,4,4,4,"metal_road_km"
"SIURI-I",0,4,4,4,4,"metal_road_km"
"SIURI-I",1,3,3,3,3,"metal_road_km"
"SIURI-II",0,4,4,4,4,"metal_road_km"
"SIURI-II",1,2,2,2,2,"metal_road_km"
"BOLPUR-SRINIKETAN",0,6,6,6,6,"ssk_new"
"BOLPUR-SRINIKETAN",1,3,3,3,3,"ssk_new"
"DUBRAJPUR",0,6,6,6,6,"ssk_new"
"DUBRAJPUR",1,4,4,4,4,"ssk_new"
"ILLAMBAZAR",0,6,5,4,5,"ssk_new"
"ILLAMBAZAR",1,3,3,2,3,"ssk_new"
"KHYARASOL",0,8,8,7,8,"ssk_new"
"KHYARASOL",1,2,2,2,2,"ssk_new"
"LABHPUR",0,7,6,6,6,"ssk_new"
"LABHPUR",1,4,4,3,4,"ssk_new"
"MAYURESWAR - I",0,6,6,6,6,"ssk_new"
"MAYURESWAR - I",1,3,3,3,3,"ssk_new"
"MAYURESWAR - II",0,5,5,5,5,"ssk_new"
"MAYURESWAR - II",1,2,2,2,2,"ssk_new"
"MOHAMMAD BAZAR",0,8,8,8,7,"ssk_new"
"MOHAMMAD BAZAR",1,4,4,4,4,"ssk_new"
"MURARAI - I",0,5,5,5,5,"ssk_new"
"MURARAI - I",1,2,2,2,1,"ssk_new"
"MURARAI - II",0,5,5,5,4,"ssk_new"
"MURARAI - II",1,3,3,3,3,"ssk_new"
"NALHATI - I",0,7,7,6,7,"ssk_new"
"NALHATI - I",1,2,2,2,2,"ssk_new"
"NALHATI - II",0,4,4,4,4,"ssk_new"
"NALHATI - II",1,2,2,2,2,"ssk_new"
"NANOOR",0,7,7,7,7,"ssk_new"
"NANOOR",1,4,4,4,4,"ssk_new"
"RAJNAGAR",0,3,2,2,2,"ssk_new"
"RAJNAGAR",1,2,2,2,2,"ssk_new"
"RAMPURHAT - I",0,6,6,5,6,"ssk_new"
"RAMPURHAT - I",1,3,2,2,2,"ssk_new"
"RAMPURHAT - II",0,5,5,5,5,"ssk_new"
"RAMPURHAT - II",1,3,3,2,3,"ssk_new"
"SAINTHIA",0,8,8,8,8,"ssk_new"
"SAINTHIA",1,4,4,3,4,"ssk_new"
"SIURI-I",0,4,4,4,4,"ssk_new"
"SIURI-I",1,3,3,2,3,"ssk_new"
"SIURI-II",0,4,4,4,4,"ssk_new"
"SIURI-II",1,2,2,2,2,"ssk_new"
"BOLPUR-SRINIKETAN",0,6,6,5,6,"female_followup"
"BOLPUR-SRINIKETAN",1,3,3,3,3,"female_followup"
"DUBRAJPUR",0,6,6,6,6,"female_followup"
"DUBRAJPUR",1,4,4,3,4,"female_followup"
"ILLAMBAZAR",0,6,5,5,5,"female_followup"
"ILLAMBAZAR",1,3,3,3,3,"female_followup"
"KHYARASOL",0,8,8,8,8,"female_followup"
"KHYARASOL",1,2,2,2,2,"female_followup"
"LABHPUR",0,7,6,6,6,"female_followup"
"LABHPUR",1,4,4,4,4,"female_followup"
"MAYURESWAR - I",0,6,6,6,6,"female_followup"
"MAYURESWAR - I",1,3,3,3,3,"female_followup"
"MAYURESWAR - II",0,5,5,5,5,"female_followup"
"MAYURESWAR - II",1,2,2,2,2,"female_followup"
"MOHAMMAD BAZAR",0,8,8,8,7,"female_followup"
"MOHAMMAD BAZAR",1,4,4,4,4,"female_followup"
"MURARAI - I",0,5,5,5,5,"female_followup"
"MURARAI - I",1,2,2,2,1,"female_followup"
"MURARAI - II",0,5,5,5,4,"female_followup"
"MURARAI - II",1,3,3,3,3,"female_followup"
"NALHATI - I",0,7,7,7,7,"female_followup"
"NALHATI - I",1,2,2,2,2,"female_followup"
"NALHATI - II",0,4,4,4,4,"female_followup"
"NALHATI - II",1,2,2,2,2,"female_followup"
"NANOOR",0,7,7,7,7,"female_followup"
"NANOOR",1,4,4,4,4,"female_followup"
"RAJNAGAR",0,3,2,2,2,"female_followup"
"RAJNAGAR",1,2,2,2,2,"female_followup"
"RAMPURHAT - I",0,6,6,6,6,"female_followup"
"RAMPURHAT - I",1,3,2,2,2,"female_followup"
"RAMPURHAT - II",0,5,5,5,5,"female_followup"
"RAMPURHAT - II",1,3,3,3,3,"female_followup"
"SAINTHIA",0,8,8,8,8,"female_followup"
"SAINTHIA",1,4,4,4,4,"female_followup"
"SIURI-I",0,4,4,4,4,"female_followup"
"SIURI-I",1,3,3,3,3,"female_followup"
"SIURI-II",0,4,4,4,4,"female_followup"
"SIURI-II",1,2,2,2,2,"female_followup"
