"reservation","exclusion_reason","rows"
"OBC","exact_block_gp_unmatched",3
"OBC","included",10
"OBC","membership_missing_or_nonunique",2
"OBCW","exact_block_gp_unmatched",4
"OBCW","included",7
"OBCW","membership_missing_or_nonunique",2
"SC","exact_block_gp_unmatched",10
"SC","included",16
"SC","membership_missing_or_nonunique",3
"SC","office_name_nonunique",1
"SCW","exact_block_gp_unmatched",12
"SCW","included",15
"SCW","membership_missing_or_nonunique",2
"SCW","office_name_nonunique",1
"ST","membership_missing_or_nonunique",1
"ST","singleton_caste_no_residual_support",1
"STW","exact_block_gp_unmatched",2
"STW","office_name_nonunique",1
"UR","exact_block_gp_unmatched",16
"UR","included",24
"UR","membership_missing_or_nonunique",4
"UR","office_name_nonunique",2
"W","exact_block_gp_unmatched",13
"W","included",28
"W","membership_missing_or_nonunique",5
"W","office_name_nonunique",1
,"membership_missing_or_nonunique",1
