"model","gp_id","block","exposure","leverage","n","design_columns","rank","residual_df","estimate_without_gp","full_estimate"
"household_months","e3b0b61aa5a1841b72d4","Karimpur-II",1,0.148500964389702,100,17,17,83,-275.099944719787,-212.512602219974
"household_months","0edbb1bb469dde5bd93f","Karimpur-II",1,0.111270232751976,100,17,17,83,-109.937760006866,-212.512602219974
"household_months","e099bac892f58d556cf7","Karimpur-II",1,0.201424327096516,100,17,17,83,-254.583828514835,-212.512602219974
"household_months","fa9fc375fc29c241ae13","Karimpur-II",0,0.130424819774972,100,17,17,83,-288.652217000739,-212.512602219974
"household_months","fc60622198554353d450","Karimpur-II",1,0.136100007780116,100,17,17,83,-275.121629774264,-212.512602219974
"household_months","26ade07aa40c137a52ab","Karimpur-II",1,0.116701784952358,100,17,17,83,-188.241042602627,-212.512602219974
"household_months","4e06edc544a4fcf65741","Karimpur-II",0,0.131846312270463,100,17,17,83,-522.767619389633,-212.512602219974
"household_months","7ccc84cff51e274941d3","Karimpur-II",1,0.117042147987421,100,17,17,83,-199.896984648336,-212.512602219974
"household_months","f3f505a1d60502db74f0","Karimpur-II",1,0.209600715903983,100,17,17,83,-258.920781359065,-212.512602219974
"household_months","5a66d3f0ce995b483cd5","Karimpur-II",0,0.130793908394348,100,17,17,83,103.53065792104,-212.512602219974
"household_months","0b42e874be49bbf802fa","Tehatta-I",1,0.245616716410552,100,17,17,83,-252.055429104702,-212.512602219974
"household_months","2be7a2817dd45bb44cc1","Tehatta-I",1,0.141271176527152,100,17,17,83,-120.788640857986,-212.512602219974
"household_months","422d1b051d9909b7bacc","Tehatta-I",1,0.145941955043799,100,17,17,83,-246.314535001252,-212.512602219974
"household_months","d786a340916b24f1f340","Tehatta-I",0,0.151777762032614,100,17,17,83,-90.2155947400893,-212.512602219974
"household_months","8cf3d9ee47ebbfef8115","Tehatta-I",0,0.189646512869833,100,17,17,83,-220.431330936223,-212.512602219974
"household_months","5e7c207774a9a69a9c82","Tehatta-I",1,0.162918037385492,100,17,17,83,-214.232833978298,-212.512602219974
"household_months","2df6d6d8b29668c4705c","Tehatta-I",0,0.143373880923523,100,17,17,83,-222.231112669033,-212.512602219974
"household_months","7f17dd25ad2bc2e93c8b","Tehatta-II",1,0.195655417330849,100,17,17,83,-304.429826534532,-212.512602219974
"household_months","94014aee0ec741bbc979","Tehatta-II",1,0.243579820873754,100,17,17,83,-226.687231927624,-212.512602219974
"household_months","7cb7ca09aa6bdf3a25b7","Tehatta-II",0,0.18412060480195,100,17,17,83,-243.833619022077,-212.512602219974
"household_months","9f07e7b2fe0293526ef3","Tehatta-II",1,0.186546330001682,100,17,17,83,-144.839941684504,-212.512602219974
"household_months","efbf0b4a20f095a67859","Tehatta-II",0,0.224378398924415,100,17,17,83,-178.343742835137,-212.512602219974
"household_months","7c88337683fa372dc6d9","Tehatta-II",0,0.204018144793831,100,17,17,83,-248.71134324846,-212.512602219974
"household_months","6f8f84ee6651953a02b5","Nakashipara",1,0.158038845571677,100,17,17,83,-191.269394082584,-212.512602219974
"household_months","c2a6321e77ea1d73b58a","Nakashipara",0,0.126440232949873,100,17,17,83,-134.051864157966,-212.512602219974
"household_months","0b325add5b40fffe6941","Nakashipara",1,0.18826945442911,100,17,17,83,-102.563456215855,-212.512602219974
"household_months","ebc2949b8a0ec8e54f37","Tehatta-I",0,0.166475979324074,100,17,17,83,-276.404486644304,-212.512602219974
"household_months","f0f015132f0385a74b73","Nakashipara",0,0.133531622247106,100,17,17,83,-137.725171626022,-212.512602219974
"household_months","0428b65b5d19abc11441","Kaliganj",1,0.13544979565613,100,17,17,83,-134.625293209002,-212.512602219974
"household_months","2a7f9abfa11ddea3e9c9","Kaliganj",0,0.143649599551011,100,17,17,83,-268.137682889811,-212.512602219974
"household_months","6996540506dd34d56bfd","Kaliganj",1,0.145475639936989,100,17,17,83,-215.06329935644,-212.512602219974
"household_months","54e0a3ea7eb18b4d5f79","Kaliganj",0,0.17913192122437,100,17,17,83,-219.292910721226,-212.512602219974
"household_months","20dc31e536ad16911477","Kaliganj",1,0.169416818162773,100,17,17,83,-196.058919647361,-212.512602219974
"household_months","cd3165256caa6c850518","Kaliganj",1,0.149794489044117,100,17,17,83,-290.106160895397,-212.512602219974
"household_months","cf9e4190fd1f3c81c782","Kaliganj",0,0.148386759739982,100,17,17,83,-102.552561263034,-212.512602219974
"household_months","7a66f7ca09216bbae700","Kaliganj",0,0.149869976130454,100,17,17,83,-208.847604058508,-212.512602219974
"household_months","2b0c52edfc1bd5293327","Kaliganj",1,0.133086598695238,100,17,17,83,-186.739451728384,-212.512602219974
"household_months","bb612b59c3c26a51b54d","Nakashipara",1,0.151905735100192,100,17,17,83,-212.994122555768,-212.512602219974
"household_months","982aee833a7f559e2c35","Nakashipara",1,0.157703753461831,100,17,17,83,-250.1973344381,-212.512602219974
"household_months","252964aa076d5922d28a","Nakashipara",0,0.157558342505459,100,17,17,83,-78.751270848769,-212.512602219974
"household_months","04299bedd29d6042e8b5","Nakashipara",0,0.164941987921952,100,17,17,83,-270.019538251342,-212.512602219974
"household_months","81073cd657c1f994ee30","Nakashipara",0,0.1155093349048,100,17,17,83,-293.713925738858,-212.512602219974
"household_months","f07823d84afd6041fb07","Nakashipara",1,0.124054072295703,100,17,17,83,-144.44117018959,-212.512602219974
"household_months","e60997fd41433149f4bb","Nakashipara",0,0.123588840069667,100,17,17,83,-231.160156438607,-212.512602219974
"household_months","61e1a1c5d06b35db339a","Chapra",1,0.127310822445777,100,17,17,83,-434.705468704587,-212.512602219974
"household_months","8b8fa229dae4693af93c","Chapra",0,0.121228057654431,100,17,17,83,-234.962322837762,-212.512602219974
"household_months","a96029fc6c268da76ca2","Chapra",1,0.128555593639233,100,17,17,83,-205.631318292914,-212.512602219974
"household_months","ea21891b44fb757157a5","Chapra",1,0.115629688516738,100,17,17,83,-142.685274973457,-212.512602219974
"household_months","3d5b3738d453e4a1e7f7","Chapra",0,0.211568475824771,100,17,17,83,-314.213728392882,-212.512602219974
"household_months","3f8468076b7ac5c1428e","Chapra",1,0.12831162184872,100,17,17,83,-177.994642802246,-212.512602219974
"household_months","99c9745304ea1e8ff50c","Chapra",0,0.141280340698138,100,17,17,83,-137.829872217134,-212.512602219974
"household_months","56fff7092da63774b442","Chapra",0,0.13116719165386,100,17,17,83,-165.708818528278,-212.512602219974
"household_months","d00569d334472332bac2","Chapra",1,0.128896720893308,100,17,17,83,-61.4747922661204,-212.512602219974
"household_months","9937484cc9a8bc36b27c","Chapra",1,0.12897584966756,100,17,17,83,-168.694790844932,-212.512602219974
"household_months","10db5105100b93d220e3","Chapra",0,0.155969392250349,100,17,17,83,-112.578861002265,-212.512602219974
"household_months","dfa41efec94a0f2523c6","Nabadwip",0,0.185463033651626,100,17,17,83,-161.828938817303,-212.512602219974
"household_months","5fe7ded78ffaeddca214","Nabadwip",1,0.20744798600682,100,17,17,83,-331.679427212658,-212.512602219974
"household_months","e3f069271ffe9ab3915f","Nabadwip",0,0.187343438150088,100,17,17,83,-268.781224290545,-212.512602219974
"household_months","5192a7fab01eb6979088","Nabadwip",0,0.193772077438263,100,17,17,83,-239.523488252396,-212.512602219974
"household_months","b62d0232e5c1203af229","Nabadwip",1,0.199747549906409,100,17,17,83,-165.657355357094,-212.512602219974
"household_months","d175165776e372f6b020","Nabadwip",0,0.22317592630628,100,17,17,83,-222.075047066042,-212.512602219974
"household_months","35f0d03810b180b77171","Santipur",0,0.144040763475812,100,17,17,83,-189.746103480143,-212.512602219974
"household_months","7e05a8a0f43f4ee62471","Santipur",1,0.148157269778709,100,17,17,83,-286.017673940373,-212.512602219974
"household_months","d236615c92703d0e4c91","Santipur",1,0.148830180071806,100,17,17,83,-140.01472840269,-212.512602219974
"household_months","980ad6eaa96cd275d53d","Santipur",0,0.157929625863014,100,17,17,83,-205.148362004956,-212.512602219974
"household_months","5483cd9cafcc1184b23c","Santipur",0,0.149516197657896,100,17,17,83,-254.804633576214,-212.512602219974
"household_months","0e0f1133068c7da32fd5","Santipur",0,0.163009960904144,100,17,17,83,-186.368472005848,-212.512602219974
"household_months","b7e54c99d1476b6e496f","Santipur",0,0.191652637635519,100,17,17,83,-226.155390393785,-212.512602219974
"household_months","cb734593593aaa09234b","Santipur",1,0.183275782684843,100,17,17,83,-385.305507744422,-212.512602219974
"household_months","6e3ef72a94d38acabd5a","Santipur",0,0.14171188225395,100,17,17,83,-296.399628099904,-212.512602219974
"household_months","84c25bf962e05cfbd0c8","Ranaghat-I",1,0.179522641162017,100,17,17,83,-268.298896062513,-212.512602219974
"household_months","2b4920227cac923b57de","Ranaghat-I",1,0.191193109335324,100,17,17,83,-198.996444791801,-212.512602219974
"household_months","c1954651510f5c787ef3","Krishnaganj",1,0.5111674231191,100,17,17,83,-226.933323901703,-212.512602219974
"household_months","3574ac7ca5de35e33a9d","Krishnaganj",0,0.5111674231191,100,17,17,83,-226.933323901704,-212.512602219974
"household_months","421258e86a04e7af9556","Hanskhali",1,0.153648652747157,100,17,17,83,-273.577100805879,-212.512602219974
"household_months","48279e62a50c9b88207a","Hanskhali",0,0.151969260553358,100,17,17,83,-330.311504808166,-212.512602219974
"household_months","e24c3c409ddf52fe6e06","Hanskhali",0,0.170501933004267,100,17,17,83,-51.4540675421869,-212.512602219974
"household_months","424b6f90145d92b9eb9e","Hanskhali",1,0.149290309071116,100,17,17,83,-213.798617695249,-212.512602219974
"household_months","b32b8d3b23dbb24024fa","Hanskhali",1,0.154129085892121,100,17,17,83,-175.94232800833,-212.512602219974
"household_months","f949b0498fb7636e9c77","Hanskhali",1,0.157157006454284,100,17,17,83,-127.446476886219,-212.512602219974
"household_months","496a4ac883e1d1efb7df","Hanskhali",0,0.154852900128563,100,17,17,83,-260.764415437244,-212.512602219974
"household_months","dd4c14cca1d099624273","Hanskhali",0,0.149649711553801,100,17,17,83,-179.497902313337,-212.512602219974
"household_months","222735d60dec865d7497","Ranaghat-II",0,0.169838311770739,100,17,17,83,-213.67480057582,-212.512602219974
"household_months","12d6dc778a4e7498c8a2","Ranaghat-II",0,0.171918861514302,100,17,17,83,-194.453268004899,-212.512602219974
"household_months","5bedddff13ca52baee45","Ranaghat-II",1,0.155674541154191,100,17,17,83,-325.895258508669,-212.512602219974
"household_months","d7013f29b5f575841da2","Ranaghat-II",0,0.136560765077631,100,17,17,83,-198.930784934429,-212.512602219974
"household_months","a2fd3751002b0764809f","Ranaghat-I",1,0.17965820323831,100,17,17,83,-203.722558160144,-212.512602219974
"household_months","dd751034582bb8ef2d23","Ranaghat-I",1,0.192322238174074,100,17,17,83,-193.2317701308,-212.512602219974
"household_months","fd4fb4f07d760716cd9c","Ranaghat-I",0,0.21176025585913,100,17,17,83,-232.369231627184,-212.512602219974
"household_months","ac4a905cf80e9fab7227","Ranaghat-I",1,0.220510293367536,100,17,17,83,-177.574701536586,-212.512602219974
"household_months","959491038c54a23b718d","Ranaghat-II",0,0.136895653563856,100,17,17,83,-236.135199158017,-212.512602219974
"household_months","4b4293230e0acf22456a","Ranaghat-II",1,0.162613650000518,100,17,17,83,-147.429605333966,-212.512602219974
"household_months","cda635adc7691971b3e1","Ranaghat-II",0,0.175081303222659,100,17,17,83,-241.790706890112,-212.512602219974
"household_months","9788b3ca94fbf1859bc7","Ranaghat-II",0,0.13666847959236,100,17,17,83,-199.15472527348,-212.512602219974
"household_months","546bb9fa739e4a21e4b3","Haringhata",1,0.18037295682378,100,17,17,83,-290.893379089415,-212.512602219974
"household_months","6385079002ac05fb31d3","Haringhata",0,0.25315345004737,100,17,17,83,-217.361039082045,-212.512602219974
"household_months","93e09e30043522e66c13","Haringhata",1,0.179553033034998,100,17,17,83,-169.471945761419,-212.512602219974
"household_months","2c463ad2d68bbf82f6f7","Haringhata",0,0.193715340176441,100,17,17,83,-213.667657358218,-212.512602219974
"household_months","37175a2e48f71e5fcf82","Haringhata",1,0.19332063263337,100,17,17,83,-219.094419245966,-212.512602219974
"household_months","98eb849cefa3130985b4","Haringhata",0,0.197334729586656,100,17,17,83,-253.794976344632,-212.512602219974
"person_months","e3b0b61aa5a1841b72d4","Karimpur-II",1,0.14704649274451,100,17,17,83,-858.66165145771,-771.62815218291
"person_months","0edbb1bb469dde5bd93f","Karimpur-II",1,0.110662967275855,100,17,17,83,-654.373560685422,-771.62815218291
"person_months","e099bac892f58d556cf7","Karimpur-II",1,0.194641568479613,100,17,17,83,-834.151975929646,-771.62815218291
"person_months","fa9fc375fc29c241ae13","Karimpur-II",0,0.130449289551422,100,17,17,83,-876.076927296208,-771.62815218291
"person_months","fc60622198554353d450","Karimpur-II",1,0.134776346833571,100,17,17,83,-848.877622030583,-771.62815218291
"person_months","26ade07aa40c137a52ab","Karimpur-II",1,0.113775630526005,100,17,17,83,-748.046677670809,-771.62815218291
"person_months","4e06edc544a4fcf65741","Karimpur-II",0,0.131328400495027,100,17,17,83,-1151.49184035072,-771.62815218291
"person_months","7ccc84cff51e274941d3","Karimpur-II",1,0.111992745834966,100,17,17,83,-746.31817048512,-771.62815218291
"person_months","f3f505a1d60502db74f0","Karimpur-II",1,0.200327304876216,100,17,17,83,-820.250383014799,-771.62815218291
"person_months","5a66d3f0ce995b483cd5","Karimpur-II",0,0.131430967144999,100,17,17,83,-409.722056226471,-771.62815218291
"person_months","0b42e874be49bbf802fa","Tehatta-I",1,0.226063020391928,100,17,17,83,-780.576044444901,-771.62815218291
"person_months","2be7a2817dd45bb44cc1","Tehatta-I",1,0.141539006662201,100,17,17,83,-668.504017023676,-771.62815218291
"person_months","422d1b051d9909b7bacc","Tehatta-I",1,0.145245535699696,100,17,17,83,-809.177195280925,-771.62815218291
"person_months","d786a340916b24f1f340","Tehatta-I",0,0.14765855847656,100,17,17,83,-642.665478501967,-771.62815218291
"person_months","8cf3d9ee47ebbfef8115","Tehatta-I",0,0.189632523986371,100,17,17,83,-805.326547434016,-771.62815218291
"person_months","5e7c207774a9a69a9c82","Tehatta-I",1,0.156772481669819,100,17,17,83,-788.333104999042,-771.62815218291
"person_months","2df6d6d8b29668c4705c","Tehatta-I",0,0.143380026360841,100,17,17,83,-757.918108968493,-771.62815218291
"person_months","7f17dd25ad2bc2e93c8b","Tehatta-II",1,0.18950770594009,100,17,17,83,-869.513403665316,-771.62815218291
"person_months","94014aee0ec741bbc979","Tehatta-II",1,0.24060130621892,100,17,17,83,-780.581743190788,-771.62815218291
"person_months","7cb7ca09aa6bdf3a25b7","Tehatta-II",0,0.183969527859006,100,17,17,83,-824.834648613521,-771.62815218291
"person_months","9f07e7b2fe0293526ef3","Tehatta-II",1,0.183631946407136,100,17,17,83,-703.072439122733,-771.62815218291
"person_months","efbf0b4a20f095a67859","Tehatta-II",0,0.222249036352833,100,17,17,83,-706.80234695197,-771.62815218291
"person_months","7c88337683fa372dc6d9","Tehatta-II",0,0.199640268830063,100,17,17,83,-831.029862542695,-771.62815218291
"person_months","6f8f84ee6651953a02b5","Nakashipara",1,0.157937615256984,100,17,17,83,-707.932707862032,-771.62815218291
"person_months","c2a6321e77ea1d73b58a","Nakashipara",0,0.124576542372848,100,17,17,83,-620.988466616118,-771.62815218291
"person_months","0b325add5b40fffe6941","Nakashipara",1,0.195935221046825,100,17,17,83,-554.733308545769,-771.62815218291
"person_months","ebc2949b8a0ec8e54f37","Tehatta-I",0,0.165166211380219,100,17,17,83,-824.099918828198,-771.62815218291
"person_months","f0f015132f0385a74b73","Nakashipara",0,0.143569099379664,100,17,17,83,-680.418624930575,-771.62815218291
"person_months","0428b65b5d19abc11441","Kaliganj",1,0.135702664509065,100,17,17,83,-672.2998793697,-771.62815218291
"person_months","2a7f9abfa11ddea3e9c9","Kaliganj",0,0.143377695717596,100,17,17,83,-857.17634499137,-771.62815218291
"person_months","6996540506dd34d56bfd","Kaliganj",1,0.145180427485558,100,17,17,83,-790.730937809538,-771.62815218291
"person_months","54e0a3ea7eb18b4d5f79","Kaliganj",0,0.17452964235929,100,17,17,83,-797.119746702467,-771.62815218291
"person_months","20dc31e536ad16911477","Kaliganj",1,0.16856876427019,100,17,17,83,-740.580278895607,-771.62815218291
"person_months","cd3165256caa6c850518","Kaliganj",1,0.143759813795182,100,17,17,83,-860.150214815116,-771.62815218291
"person_months","cf9e4190fd1f3c81c782","Kaliganj",0,0.148594321309154,100,17,17,83,-615.03354369045,-771.62815218291
"person_months","7a66f7ca09216bbae700","Kaliganj",0,0.149271576697392,100,17,17,83,-758.637822082017,-771.62815218291
"person_months","2b0c52edfc1bd5293327","Kaliganj",1,0.132301855355531,100,17,17,83,-742.955252816438,-771.62815218291
"person_months","bb612b59c3c26a51b54d","Nakashipara",1,0.162186691420718,100,17,17,83,-793.747194682894,-771.62815218291
"person_months","982aee833a7f559e2c35","Nakashipara",1,0.163873952742558,100,17,17,83,-858.498814023348,-771.62815218291
"person_months","252964aa076d5922d28a","Nakashipara",0,0.157068741461684,100,17,17,83,-587.339831740571,-771.62815218291
"person_months","04299bedd29d6042e8b5","Nakashipara",0,0.14613596459155,100,17,17,83,-845.694997044669,-771.62815218291
"person_months","81073cd657c1f994ee30","Nakashipara",0,0.115736334019347,100,17,17,83,-910.639046264595,-771.62815218291
"person_months","f07823d84afd6041fb07","Nakashipara",1,0.124107512718116,100,17,17,83,-666.811068642517,-771.62815218291
"person_months","e60997fd41433149f4bb","Nakashipara",0,0.128952744980677,100,17,17,83,-783.521302667858,-771.62815218291
"person_months","61e1a1c5d06b35db339a","Chapra",1,0.147689513754572,100,17,17,83,-1256.09003913568,-771.62815218291
"person_months","8b8fa229dae4693af93c","Chapra",0,0.131046242947969,100,17,17,83,-837.869844196232,-771.62815218291
"person_months","a96029fc6c268da76ca2","Chapra",1,0.130190227612416,100,17,17,83,-765.990836366831,-771.62815218291
"person_months","ea21891b44fb757157a5","Chapra",1,0.117996546593679,100,17,17,83,-619.817641039767,-771.62815218291
"person_months","3d5b3738d453e4a1e7f7","Chapra",0,0.165019359114114,100,17,17,83,-937.396832042275,-771.62815218291
"person_months","3f8468076b7ac5c1428e","Chapra",1,0.138371264143445,100,17,17,83,-652.503640182458,-771.62815218291
"person_months","99c9745304ea1e8ff50c","Chapra",0,0.143025430005623,100,17,17,83,-519.125169693679,-771.62815218291
"person_months","56fff7092da63774b442","Chapra",0,0.146832117773489,100,17,17,83,-742.888033735742,-771.62815218291
"person_months","d00569d334472332bac2","Chapra",1,0.129427562998566,100,17,17,83,-465.247773918409,-771.62815218291
"person_months","9937484cc9a8bc36b27c","Chapra",1,0.112839723767457,100,17,17,83,-620.12133345409,-771.62815218291
"person_months","10db5105100b93d220e3","Chapra",0,0.165926677286166,100,17,17,83,-591.125059355835,-771.62815218291
"person_months","dfa41efec94a0f2523c6","Nabadwip",0,0.185181506404126,100,17,17,83,-669.779738060941,-771.62815218291
"person_months","5fe7ded78ffaeddca214","Nabadwip",1,0.206366550816401,100,17,17,83,-952.666532460318,-771.62815218291
"person_months","e3f069271ffe9ab3915f","Nabadwip",0,0.186500804003784,100,17,17,83,-848.655876478117,-771.62815218291
"person_months","5192a7fab01eb6979088","Nabadwip",0,0.193617248409188,100,17,17,83,-826.581758869855,-771.62815218291
"person_months","b62d0232e5c1203af229","Nabadwip",1,0.199763075894497,100,17,17,83,-667.113331649818,-771.62815218291
"person_months","d175165776e372f6b020","Nabadwip",0,0.223166836833443,100,17,17,83,-788.406254574509,-771.62815218291
"person_months","35f0d03810b180b77171","Santipur",0,0.142687784575495,100,17,17,83,-708.186352314337,-771.62815218291
"person_months","7e05a8a0f43f4ee62471","Santipur",1,0.147979609679804,100,17,17,83,-967.326729918322,-771.62815218291
"person_months","d236615c92703d0e4c91","Santipur",1,0.150604475951694,100,17,17,83,-689.014421941819,-771.62815218291
"person_months","980ad6eaa96cd275d53d","Santipur",0,0.158463974629977,100,17,17,83,-825.661618749243,-771.62815218291
"person_months","5483cd9cafcc1184b23c","Santipur",0,0.150444447574975,100,17,17,83,-835.054927623451,-771.62815218291
"person_months","0e0f1133068c7da32fd5","Santipur",0,0.166616747623962,100,17,17,83,-710.958259324539,-771.62815218291
"person_months","b7e54c99d1476b6e496f","Santipur",0,0.209674563326173,100,17,17,83,-819.844140952186,-771.62815218291
"person_months","cb734593593aaa09234b","Santipur",1,0.181444971062097,100,17,17,83,-1014.94360935836,-771.62815218291
"person_months","6e3ef72a94d38acabd5a","Santipur",0,0.144522296293637,100,17,17,83,-907.384150882968,-771.62815218291
"person_months","84c25bf962e05cfbd0c8","Ranaghat-I",1,0.179969936273278,100,17,17,83,-826.889392141585,-771.62815218291
"person_months","2b4920227cac923b57de","Ranaghat-I",1,0.191428379834964,100,17,17,83,-758.969683733762,-771.62815218291
"person_months","c1954651510f5c787ef3","Krishnaganj",1,0.517419577482452,100,17,17,83,-771.756444213173,-771.62815218291
"person_months","3574ac7ca5de35e33a9d","Krishnaganj",0,0.517419577482452,100,17,17,83,-771.756444213173,-771.62815218291
"person_months","421258e86a04e7af9556","Hanskhali",1,0.154528196445931,100,17,17,83,-838.285678522047,-771.62815218291
"person_months","48279e62a50c9b88207a","Hanskhali",0,0.152412446646463,100,17,17,83,-948.201858242403,-771.62815218291
"person_months","e24c3c409ddf52fe6e06","Hanskhali",0,0.171023204678672,100,17,17,83,-496.335089786141,-771.62815218291
"person_months","424b6f90145d92b9eb9e","Hanskhali",1,0.149700951562782,100,17,17,83,-790.458008536707,-771.62815218291
"person_months","b32b8d3b23dbb24024fa","Hanskhali",1,0.153873840426101,100,17,17,83,-698.839794409173,-771.62815218291
"person_months","f949b0498fb7636e9c77","Hanskhali",1,0.159253226060595,100,17,17,83,-713.415922499184,-771.62815218291
"person_months","496a4ac883e1d1efb7df","Hanskhali",0,0.154491422443413,100,17,17,83,-848.952740606937,-771.62815218291
"person_months","dd4c14cca1d099624273","Hanskhali",0,0.15028664012108,100,17,17,83,-772.925603408035,-771.62815218291
"person_months","222735d60dec865d7497","Ranaghat-II",0,0.169496585692886,100,17,17,83,-785.961762496238,-771.62815218291
"person_months","12d6dc778a4e7498c8a2","Ranaghat-II",0,0.169778558671993,100,17,17,83,-726.829980245235,-771.62815218291
"person_months","5bedddff13ca52baee45","Ranaghat-II",1,0.155430166794637,100,17,17,83,-868.16227453189,-771.62815218291
"person_months","d7013f29b5f575841da2","Ranaghat-II",0,0.136739133276187,100,17,17,83,-765.878555625131,-771.62815218291
"person_months","a2fd3751002b0764809f","Ranaghat-I",1,0.179824928489931,100,17,17,83,-757.346931788741,-771.62815218291
"person_months","dd751034582bb8ef2d23","Ranaghat-I",1,0.192587740317575,100,17,17,83,-767.288120352948,-771.62815218291
"person_months","fd4fb4f07d760716cd9c","Ranaghat-I",0,0.212562555467288,100,17,17,83,-784.212673417701,-771.62815218291
"person_months","ac4a905cf80e9fab7227","Ranaghat-I",1,0.220565702318858,100,17,17,83,-717.57590457536,-771.62815218291
"person_months","959491038c54a23b718d","Ranaghat-II",0,0.137214472783398,100,17,17,83,-807.269039486055,-771.62815218291
"person_months","4b4293230e0acf22456a","Ranaghat-II",1,0.160333276436325,100,17,17,83,-744.818230161695,-771.62815218291
"person_months","cda635adc7691971b3e1","Ranaghat-II",0,0.174729838416527,100,17,17,83,-811.18014192732,-771.62815218291
"person_months","9788b3ca94fbf1859bc7","Ranaghat-II",0,0.136342082620037,100,17,17,83,-735.725059625301,-771.62815218291
"person_months","546bb9fa739e4a21e4b3","Haringhata",1,0.180210088522003,100,17,17,83,-942.543093699416,-771.62815218291
"person_months","6385079002ac05fb31d3","Haringhata",0,0.259577641388403,100,17,17,83,-809.168091067898,-771.62815218291
"person_months","93e09e30043522e66c13","Haringhata",1,0.179212230266302,100,17,17,83,-697.783595672213,-771.62815218291
"person_months","2c463ad2d68bbf82f6f7","Haringhata",0,0.202622707093521,100,17,17,83,-824.251417158196,-771.62815218291
"person_months","37175a2e48f71e5fcf82","Haringhata",1,0.199231127736703,100,17,17,83,-799.078234286902,-771.62815218291
"person_months","98eb849cefa3130985b4","Haringhata",0,0.203478153684696,100,17,17,83,-811.649333459096,-771.62815218291
