"row_id","source_path","source_sha256","source_page","source_table","source_table_row","source_bbox","source_coordinate_system","raw_cells","state","district","year","tier","office","source_gp_serial","source_gp_key","gram_panchayat","local_body_name","block","name_raw","reservation_code_raw","reservation","caste_reservation","woman_reserved","source_list_scope","review_status","quality_flags","visual_review_path","visual_review_sha256","visual_review_method","office_name_normalized","office_name_unique","membership_matched","membership_row_id","membership_gp_printed","membership_requires_separator_normalization","membership_source_page","membership_source_bbox","block_printed","demand_key","demand_matched","demand_block_raw","demand_gp_raw","q13","caste13","household_months_2012","household_months_2014","person_months_2012","person_months_2014","linked_complete_eligible","singleton_caste_no_residual_support","analysis_eligible","exclusion_reason"
"422d1b051d9909b7bacc","data/wb/gp_source_search/historical_expansion/nadia_Panchayat_20General_20Election_20-_20final_20book_election_202013__cf50563e.pdf","238810badd4a39a733192c9c269ae3cea0171701253e159de32ae912c1211c43",58,0,23,"[84.88685714285714, 460.36999499999996, 466.33564551724135, 475.87001]","PDF points, top-left origin","[""22"", ""Betai-II"", """", null, null, """", null, null, """", null, null, ""Women"", null, null, """", null, null]","West Bengal","Nadia",2013,"gp_head","pradhan",22,"238810badd4a39a733192c9c269ae3cea0171701253e159de32ae912c1211c43:22","Betai-II","Betai-II",,"Betai-II","Women","W","UR",1,"complete_office_synopsis_with_explicit_UR","full_source_visual_review_single_assistant","block_unstated","data/wb/derived/nadia_2013_handbook/full_office_visual_audit.json","9fa81bb5b3696b27f851ec8c0a9871dbcbd2ced62fde42043a8b56bbd2b97d30","single_assistant_nonblinded_source_visual_audit","BETAIII",TRUE,TRUE,"8d0f998608341c0a22ac","BetaiII",TRUE,71,"[63.71999999999999, 437.9300099999999, 560.6200200000001, 550.3899799999999]","Tehatta-I","NADIA|TEHATTAI|BETAIII",TRUE,"TEHATTA-I","BETAI-II",1,"unrestricted",3047,9312,3106,10088,TRUE,FALSE,TRUE,"included"
"dfa41efec94a0f2523c6","data/wb/gp_source_search/historical_expansion/nadia_Panchayat_20General_20Election_20-_20final_20book_election_202013__cf50563e.pdf","238810badd4a39a733192c9c269ae3cea0171701253e159de32ae912c1211c43",60,0,0,"[85.37400000000001, 72.2399999999999, 468.09999, 95.89999999999998]","PDF points, top-left origin","[""85"", null, null, ""Mayapur\nBamanpukur-II"", null, null, """", ""SC"", """", """", """"]","West Bengal","Nadia",2013,"gp_head","pradhan",85,"238810badd4a39a733192c9c269ae3cea0171701253e159de32ae912c1211c43:85","Mayapur Bamanpukur-II","Mayapur Bamanpukur-II",,"Mayapur
Bamanpukur-II","SC","SC","SC",0,"complete_office_synopsis_with_explicit_UR","full_source_visual_review_single_assistant","block_unstated","data/wb/derived/nadia_2013_handbook/full_office_visual_audit.json","9fa81bb5b3696b27f851ec8c0a9871dbcbd2ced62fde42043a8b56bbd2b97d30","single_assistant_nonblinded_source_visual_audit","MAYAPURBAMANPUKURII",TRUE,TRUE,"5f5dd995e2611699f1a2","Mayapur-Bamanpukur-II",TRUE,73,"[63.72, 195.8599999999999, 560.62002, 297.05001]","Nabadwip","NADIA|NABADWIP|MAYAPURBAMANPUKURII",TRUE,"NABADWIP","MAYAPUR BAMANPUKUR-II",0,"SC",3748,9769,4484,15174,TRUE,FALSE,TRUE,"included"
"5fe7ded78ffaeddca214","data/wb/gp_source_search/historical_expansion/nadia_Panchayat_20General_20Election_20-_20final_20book_election_202013__cf50563e.pdf","238810badd4a39a733192c9c269ae3cea0171701253e159de32ae912c1211c43",60,0,1,"[85.37400000000001, 95.89999999999998, 468.09999, 119.65999999999997]","PDF points, top-left origin","[""86"", null, null, ""Mayapur\nBamanpukur-I"", null, null, """", """", """", ""Women"", """"]","West Bengal","Nadia",2013,"gp_head","pradhan",86,"238810badd4a39a733192c9c269ae3cea0171701253e159de32ae912c1211c43:86","Mayapur Bamanpukur-I","Mayapur Bamanpukur-I",,"Mayapur
Bamanpukur-I","Women","W","UR",1,"complete_office_synopsis_with_explicit_UR","full_source_visual_review_single_assistant","block_unstated","data/wb/derived/nadia_2013_handbook/full_office_visual_audit.json","9fa81bb5b3696b27f851ec8c0a9871dbcbd2ced62fde42043a8b56bbd2b97d30","single_assistant_nonblinded_source_visual_audit","MAYAPURBAMANPUKURI",TRUE,TRUE,"ed0a0c522f39e5e69932","Mayapur-Bamanpukur-I",TRUE,73,"[63.72, 195.8599999999999, 560.62002, 297.05001]","Nabadwip","NADIA|NABADWIP|MAYAPURBAMANPUKURI",TRUE,"NABADWIP","MAYAPUR BAMANPUKUR-I",1,"unrestricted",3720,9738,4331,13962,TRUE,FALSE,TRUE,"included"
"b62d0232e5c1203af229","data/wb/gp_source_search/historical_expansion/nadia_Panchayat_20General_20Election_20-_20final_20book_election_202013__cf50563e.pdf","238810badd4a39a733192c9c269ae3cea0171701253e159de32ae912c1211c43",60,0,4,"[85.37400000000001, 150.62000000000003, 468.09999, 174.379995]","PDF points, top-left origin","[""89"", null, null, ""Charmajdia\nCharbrahmanagar"", null, null, """", ""SCW"", """", """", """"]","West Bengal","Nadia",2013,"gp_head","pradhan",89,"238810badd4a39a733192c9c269ae3cea0171701253e159de32ae912c1211c43:89","Charmajdia Charbrahmanagar","Charmajdia Charbrahmanagar",,"Charmajdia
Charbrahmanagar","SCW","SCW","SC",1,"complete_office_synopsis_with_explicit_UR","full_source_visual_review_single_assistant","block_unstated","data/wb/derived/nadia_2013_handbook/full_office_visual_audit.json","9fa81bb5b3696b27f851ec8c0a9871dbcbd2ced62fde42043a8b56bbd2b97d30","single_assistant_nonblinded_source_visual_audit","CHARMAJDIACHARBRAHMANAGAR",TRUE,TRUE,"e063a03cc364bf30d354","Charmajdia-Charbrahmanagar",TRUE,73,"[63.72, 195.8599999999999, 560.62002, 297.05001]","Nabadwip","NADIA|NABADWIP|CHARMAJDIACHARBRAHMANAGAR",TRUE,"NABADWIP","CHARMAJDIA CHARBRAHMANAGAR",1,"SC",2515,4397,3303,4641,TRUE,FALSE,TRUE,"included"
"ae68eb9b29459045283b","data/wb/gp_source_search/historical_expansion/nadia_Panchayat_20General_20Election_20-_20final_20book_election_202013__cf50563e.pdf","238810badd4a39a733192c9c269ae3cea0171701253e159de32ae912c1211c43",60,0,9,"[85.37400000000001, 236.299995, 468.09999, 260.05999499999996]","PDF points, top-left origin","[""94"", null, null, ""Fakirdanga\nGholapara"", null, null, """", """", """", ""Women"", """"]","West Bengal","Nadia",2013,"gp_head","pradhan",94,"238810badd4a39a733192c9c269ae3cea0171701253e159de32ae912c1211c43:94","Fakirdanga Gholapara","Fakirdanga Gholapara",,"Fakirdanga
Gholapara","Women","W","UR",1,"complete_office_synopsis_with_explicit_UR","full_source_visual_review_single_assistant","block_unstated","data/wb/derived/nadia_2013_handbook/full_office_visual_audit.json","9fa81bb5b3696b27f851ec8c0a9871dbcbd2ced62fde42043a8b56bbd2b97d30","single_assistant_nonblinded_source_visual_audit","FAKIRDANGAGHOLAPARA",TRUE,TRUE,"25a73c37436e298dac62","Fakirdanga-Gholapara",TRUE,73,"[63.72, 195.8599999999999, 560.62002, 297.05001]","Nabadwip","NADIA|NABADWIP|FAKIRDANGAGHOLAPARA",FALSE,,,1,"unrestricted",,,,,FALSE,FALSE,FALSE,"exact_block_gp_unmatched"
"e1461d2942e91c2b1418","data/wb/gp_source_search/historical_expansion/nadia_Panchayat_20General_20Election_20-_20final_20book_election_202013__cf50563e.pdf","238810badd4a39a733192c9c269ae3cea0171701253e159de32ae912c1211c43",60,0,37,"[85.37400000000001, 689.139998235294, 468.09999, 704.6199917647058]","PDF points, top-left origin","["""", ""122"", """", """", ""Matiary Banpur"", """", """", """", ""OBCW"", """", """"]","West Bengal","Nadia",2013,"gp_head","pradhan",122,"238810badd4a39a733192c9c269ae3cea0171701253e159de32ae912c1211c43:122","Matiary Banpur","Matiary Banpur",,"Matiary Banpur","OBCW","OBCW","OBC",1,"complete_office_synopsis_with_explicit_UR","full_source_visual_review_single_assistant","block_unstated","data/wb/derived/nadia_2013_handbook/full_office_visual_audit.json","9fa81bb5b3696b27f851ec8c0a9871dbcbd2ced62fde42043a8b56bbd2b97d30","single_assistant_nonblinded_source_visual_audit","MATIARYBANPUR",TRUE,TRUE,"0f90a43b8d82b55d17d7","Matiary-Banpur",TRUE,73,"[63.72, 634.2699799999999, 560.62002, 713.1400099999998]","Krishnaganj","NADIA|KRISHNAGANJ|MATIARYBANPUR",FALSE,,,1,"OBC",,,,,FALSE,FALSE,FALSE,"exact_block_gp_unmatched"
"5bedddff13ca52baee45","data/wb/gp_source_search/historical_expansion/nadia_Panchayat_20General_20Election_20-_20final_20book_election_202013__cf50563e.pdf","238810badd4a39a733192c9c269ae3cea0171701253e159de32ae912c1211c43",61,0,18,"[85.344, 372.289995, 468.09999, 398.33000999999996]","PDF points, top-left origin","[""145"", ""Raghunathpur\nHijuli-II"", """", """", """", ""Women"", """"]","West Bengal","Nadia",2013,"gp_head","pradhan",145,"238810badd4a39a733192c9c269ae3cea0171701253e159de32ae912c1211c43:145","Raghunathpur Hijuli-II","Raghunathpur Hijuli-II",,"Raghunathpur
Hijuli-II","Women","W","UR",1,"complete_office_synopsis_with_explicit_UR","full_source_visual_review_single_assistant","block_unstated","data/wb/derived/nadia_2013_handbook/full_office_visual_audit.json","9fa81bb5b3696b27f851ec8c0a9871dbcbd2ced62fde42043a8b56bbd2b97d30","single_assistant_nonblinded_source_visual_audit","RAGHUNATHPURHIJULIII",TRUE,TRUE,"5a6263d7a1799e35ada2","Raghunathpur-Hijuli-II",TRUE,74,"[63.71999999999999, 364.24999499999996, 560.6200200000001, 499.029995]","Ranaghat-II","NADIA|RANAGHATII|RAGHUNATHPURHIJULIII",TRUE,"RANAGHAT-II","RAGHUNATHPUR HIJULI-II",1,"unrestricted",2915,9707,4018,11066,TRUE,FALSE,TRUE,"included"
"7f6f4e6f06f659b54983","data/wb/gp_source_search/historical_expansion/nadia_Panchayat_20General_20Election_20-_20final_20book_election_202013__cf50563e.pdf","238810badd4a39a733192c9c269ae3cea0171701253e159de32ae912c1211c43",61,0,23,"[85.344, 460.24999499999996, 468.09999, 475.87001]","PDF points, top-left origin","[""150"", ""Noapara Masunda"", """", ""SC"", """", """", """"]","West Bengal","Nadia",2013,"gp_head","pradhan",150,"238810badd4a39a733192c9c269ae3cea0171701253e159de32ae912c1211c43:150","Noapara Masunda","Noapara Masunda",,"Noapara Masunda","SC","SC","SC",0,"complete_office_synopsis_with_explicit_UR","full_source_visual_review_single_assistant","block_unstated","data/wb/derived/nadia_2013_handbook/full_office_visual_audit.json","9fa81bb5b3696b27f851ec8c0a9871dbcbd2ced62fde42043a8b56bbd2b97d30","single_assistant_nonblinded_source_visual_audit","NOAPARAMASUNDA",TRUE,TRUE,"7f1420ca00e94004daee","Noapara-Masunda",TRUE,73,"[63.72, 510.66999500000003, 560.62002, 634.2699799999999]","Ranaghat-I","NADIA|RANAGHATI|NOAPARAMASUNDA",FALSE,,,0,"SC",,,,,FALSE,FALSE,FALSE,"exact_block_gp_unmatched"
"959491038c54a23b718d","data/wb/gp_source_search/historical_expansion/nadia_Panchayat_20General_20Election_20-_20final_20book_election_202013__cf50563e.pdf","238810badd4a39a733192c9c269ae3cea0171701253e159de32ae912c1211c43",61,0,26,"[85.344, 506.83000999999996, 468.09999, 532.8700099999999]","PDF points, top-left origin","[""153"", ""Raghunathpur\nHijuli-I"", """", """", """", """", ""UR""]","West Bengal","Nadia",2013,"gp_head","pradhan",153,"238810badd4a39a733192c9c269ae3cea0171701253e159de32ae912c1211c43:153","Raghunathpur Hijuli-I","Raghunathpur Hijuli-I",,"Raghunathpur
Hijuli-I","UR","UR","UR",0,"complete_office_synopsis_with_explicit_UR","full_source_visual_review_single_assistant","block_unstated","data/wb/derived/nadia_2013_handbook/full_office_visual_audit.json","9fa81bb5b3696b27f851ec8c0a9871dbcbd2ced62fde42043a8b56bbd2b97d30","single_assistant_nonblinded_source_visual_audit","RAGHUNATHPURHIJULII",TRUE,TRUE,"fea80fd28cd0d92fe4a7","Raghunathpur-Hijuli-I",TRUE,74,"[63.71999999999999, 364.24999499999996, 560.6200200000001, 499.029995]","Ranaghat-II","NADIA|RANAGHATII|RAGHUNATHPURHIJULII",TRUE,"RANAGHAT-II","RAGHUNATHPUR HIJULI-I",0,"unrestricted",1530,4190,1920,4668,TRUE,FALSE,TRUE,"included"
