"block_printed","caste13","rows","treated"
"Chapra","OBC",3,0
"Chapra","SC",3,3
"Chapra","unrestricted",5,3
"Hanskhali","SC",4,2
"Hanskhali","unrestricted",4,2
"Haringhata","OBC",1,0
"Haringhata","unrestricted",5,3
"Kaliganj","OBC",2,1
"Kaliganj","SC",3,1
"Kaliganj","unrestricted",4,3
"Karimpur-II","OBC",1,1
"Karimpur-II","SC",3,3
"Karimpur-II","unrestricted",6,3
"Krishnaganj","unrestricted",2,1
"Nabadwip","OBC",1,0
"Nabadwip","SC",3,1
"Nabadwip","unrestricted",2,1
"Nakashipara","OBC",2,2
"Nakashipara","SC",5,1
"Nakashipara","unrestricted",4,2
"Ranaghat-I","OBC",1,1
"Ranaghat-I","SC",2,2
"Ranaghat-I","unrestricted",3,2
"Ranaghat-II","OBC",2,0
"Ranaghat-II","SC",1,0
"Ranaghat-II","unrestricted",5,2
"Santipur","OBC",2,1
"Santipur","SC",4,1
"Santipur","unrestricted",3,1
"Tehatta-I","OBC",1,0
"Tehatta-I","SC",2,1
"Tehatta-I","unrestricted",5,3
"Tehatta-II","OBC",1,1
"Tehatta-II","SC",1,0
"Tehatta-II","unrestricted",4,2
