"model","gp_id","block","exposure","leverage","n","design_columns","rank","residual_df"
"water","77","MOHAMMAD BAZAR",0,0.12487634167022,133,25,25,108
"water","84","DUBRAJPUR",0,0.134932780953305,133,25,25,108
"water","15","ILLAMBAZAR",0,0.208830654971084,133,25,25,108
"water","21","LABHPUR",0,0.150730537849053,133,25,25,108
"water","122","NALHATI - I",0,0.169044410022192,133,25,25,108
"water","107","RAMPURHAT - I",0,0.279936321816535,133,25,25,108
"water","158","MAYURESWAR - I",1,0.147764170351248,133,25,25,108
"water","102","RAJNAGAR",1,0.291614350167155,133,25,25,108
"water","93","KHYARASOL",0,0.187780925682448,133,25,25,108
"water","151","MAYURESWAR - I",0,0.136054124703346,133,25,25,108
"water","42","SIURI-I",0,0.174631366979698,133,25,25,108
"water","24","LABHPUR",0,0.135774822945905,133,25,25,108
"water","72","MOHAMMAD BAZAR",0,0.246677446173676,133,25,25,108
"water","68","MOHAMMAD BAZAR",0,0.140675752047078,133,25,25,108
"water","82","DUBRAJPUR",0,0.138330448229573,133,25,25,108
"water","147","MURARAI - II",0,0.233054774378941,133,25,25,108
"water","155","MAYURESWAR - I",0,0.136187258376241,133,25,25,108
"water","31","NANOOR",0,0.206729053118792,133,25,25,108
"water","79","DUBRAJPUR",0,0.138330448229573,133,25,25,108
"water","130","NALHATI - II",0,0.18748693381589,133,25,25,108
"water","45","SIURI-I",1,0.190887762363594,133,25,25,108
"water","105","RAMPURHAT - I",1,0.259223267209196,133,25,25,108
"water","47","SIURI-I",0,0.176707851815741,133,25,25,108
"water","86","DUBRAJPUR",0,0.183033679603951,133,25,25,108
"water","56","SAINTHIA",0,0.164175927001329,133,25,25,108
"water","154","MAYURESWAR - I",0,0.172273572894569,133,25,25,108
"water","124","NALHATI - I",0,0.172581371200515,133,25,25,108
"water","129","NALHATI - I",0,0.169044410022192,133,25,25,108
"water","153","MAYURESWAR - I",1,0.147988137577388,133,25,25,108
"water","59","SAINTHIA",0,0.1300387099388,133,25,25,108
"water","65","SAINTHIA",0,0.200724450460102,133,25,25,108
"water","3","BOLPUR-SRINIKETAN",0,0.228339600889526,133,25,25,108
"water","12","ILLAMBAZAR",1,0.20722855556729,133,25,25,108
"water","119","RAMPURHAT - II",1,0.15339902487078,133,25,25,108
"water","92","KHYARASOL",0,0.185038436977879,133,25,25,108
"water","136","MURARAI - I",0,0.205463759522973,133,25,25,108
"water","13","ILLAMBAZAR",0,0.193734739933947,133,25,25,108
"water","135","NALHATI - II",1,0.207615858134365,133,25,25,108
"water","67","MOHAMMAD BAZAR",1,0.134045657906062,133,25,25,108
"water","87","DUBRAJPUR",1,0.137320688053834,133,25,25,108
"water","4","BOLPUR-SRINIKETAN",1,0.195036498628251,133,25,25,108
"water","95","KHYARASOL",0,0.18973238636941,133,25,25,108
"water","90","KHYARASOL",0,0.200042864729885,133,25,25,108
"water","117","RAMPURHAT - II",0,0.16146558735523,133,25,25,108
"water","35","NANOOR",1,0.200107316493186,133,25,25,108
"water","18","ILLAMBAZAR",0,0.202558031639682,133,25,25,108
"water","74","MOHAMMAD BAZAR",1,0.179629137344487,133,25,25,108
"water","140","MURARAI - I",0,0.187133188521371,133,25,25,108
"water","141","MURARAI - I",0,0.187133188521371,133,25,25,108
"water","8","BOLPUR-SRINIKETAN",0,0.201430758522439,133,25,25,108
"water","32","NANOOR",1,0.20070788140346,133,25,25,108
"water","81","DUBRAJPUR",0,0.123239094564656,133,25,25,108
"water","106","RAMPURHAT - I",0,0.224585728850897,133,25,25,108
"water","75","MOHAMMAD BAZAR",1,0.144312327394239,133,25,25,108
"water","43","SIURI-I",1,0.182083951617584,133,25,25,108
"water","44","SIURI-I",0,0.233757635561458,133,25,25,108
"water","133","NALHATI - II",1,0.208021287010195,133,25,25,108
"water","164","MAYURESWAR - II",1,0.236453982079155,133,25,25,108
"water","100","RAJNAGAR",0,0.289865094314927,133,25,25,108
"water","52","SIURI-II",0,0.218722532393299,133,25,25,108
"water","146","MURARAI - II",1,0.233905361179707,133,25,25,108
"water","83","DUBRAJPUR",0,0.123239094564656,133,25,25,108
"water","49","SIURI-II",0,0.217523934600075,133,25,25,108
"water","108","RAMPURHAT - I",0,0.228586185831433,133,25,25,108
"water","166","MAYURESWAR - II",0,0.237376000818952,133,25,25,108
"water","33","NANOOR",1,0.193688323222987,133,25,25,108
"water","41","SIURI-I",0,0.166386962516902,133,25,25,108
"water","157","MAYURESWAR - I",0,0.187069490057521,133,25,25,108
"water","29","LABHPUR",1,0.161703443889428,133,25,25,108
"water","39","NANOOR",0,0.197673933202107,133,25,25,108
"water","70","MOHAMMAD BAZAR",1,0.134232791059677,133,25,25,108
"water","98","RAJNAGAR",0,0.299646705261826,133,25,25,108
"water","94","KHYARASOL",0,0.18973238636941,133,25,25,108
"water","46","SIURI-I",1,0.192676307481424,133,25,25,108
"water","61","SAINTHIA",0,0.134261474378551,133,25,25,108
"water","138","MURARAI - I",1,0.208151247798022,133,25,25,108
"water","123","NALHATI - I",0,0.160463887512492,133,25,25,108
"water","78","DUBRAJPUR",1,0.143756858788445,133,25,25,108
"water","144","MURARAI - II",1,0.229531872712662,133,25,25,108
"water","1","BOLPUR-SRINIKETAN",0,0.240640869493582,133,25,25,108
"water","57","SAINTHIA",0,0.126740565406581,133,25,25,108
"water","142","MURARAI - I",0,0.187552475529308,133,25,25,108
"water","50","SIURI-II",0,0.210276875184927,133,25,25,108
"water","145","MURARAI - II",1,0.229850361590157,133,25,25,108
"water","120","NALHATI - I",1,0.258441109106184,133,25,25,108
"water","20","LABHPUR",0,0.132200373291827,133,25,25,108
"water","62","SAINTHIA",1,0.136549157205743,133,25,25,108
"water","113","RAMPURHAT - II",0,0.157740796968112,133,25,25,108
"water","148","MURARAI - II",0,0.236962288522872,133,25,25,108
"water","131","NALHATI - II",0,0.18748693381589,133,25,25,108
"water","66","MOHAMMAD BAZAR",0,0.167554042574174,133,25,25,108
"water","11","ILLAMBAZAR",0,0.194985843106014,133,25,25,108
"water","137","MURARAI - I",0,0.183286339059126,133,25,25,108
"water","160","MAYURESWAR - II",1,0.237578108642631,133,25,25,108
"water","76","MOHAMMAD BAZAR",0,0.180051672922578,133,25,25,108
"water","114","RAMPURHAT - II",0,0.151330238068683,133,25,25,108
"water","19","LABHPUR",1,0.143667268520947,133,25,25,108
"water","73","MOHAMMAD BAZAR",0,0.12515430837708,133,25,25,108
"water","159","MAYURESWAR - I",1,0.22480261880891,133,25,25,108
"water","165","MAYURESWAR - II",0,0.269625711189316,133,25,25,108
"water","7","BOLPUR-SRINIKETAN",1,0.196767503552541,133,25,25,108
"water","134","NALHATI - II",0,0.201024366921621,133,25,25,108
"water","51","SIURI-II",1,0.278314258335415,133,25,25,108
"water","112","RAMPURHAT - II",1,0.15339902487078,133,25,25,108
"water","85","DUBRAJPUR",1,0.22788888315109,133,25,25,108
"water","64","SAINTHIA",1,0.136549157205743,133,25,25,108
"water","38","NANOOR",0,0.216502525859797,133,25,25,108
"water","22","LABHPUR",0,0.152640182107722,133,25,25,108
"water","126","NALHATI - I",0,0.168600469484794,133,25,25,108
"water","27","LABHPUR",0,0.224350539278734,133,25,25,108
"water","48","SIURI-II",0,0.202306950652245,133,25,25,108
"water","54","SAINTHIA",1,0.13960110543883,133,25,25,108
"water","116","RAMPURHAT - II",0,0.151330238068683,133,25,25,108
"water","6","BOLPUR-SRINIKETAN",0,0.201430758522439,133,25,25,108
"water","156","MAYURESWAR - I",0,0.136187258376241,133,25,25,108
"water","152","MAYURESWAR - I",0,0.149924242493035,133,25,25,108
"water","161","MAYURESWAR - II",0,0.242179578232783,133,25,25,108
"water","121","NALHATI - I",0,0.160463887512492,133,25,25,108
"water","9","BOLPUR-SRINIKETAN",0,0.184226995365626,133,25,25,108
"water","26","LABHPUR",0,0.132200373291827,133,25,25,108
"water","60","SAINTHIA",1,0.160785070835773,133,25,25,108
"water","25","LABHPUR",1,0.145142169880022,133,25,25,108
"water","17","ILLAMBAZAR",1,0.258063995966607,133,25,25,108
"water","115","RAMPURHAT - II",1,0.167527418206042,133,25,25,108
"water","101","RAJNAGAR",1,0.315633506784994,133,25,25,108
"water","132","NALHATI - II",0,0.205219054079804,133,25,25,108
"water","69","MOHAMMAD BAZAR",0,0.12515430837708,133,25,25,108
"water","58","SAINTHIA",0,0.183552650381065,133,25,25,108
"water","53","SIURI-II",1,0.233617121831526,133,25,25,108
"water","118","RAMPURHAT - II",0,0.16146558735523,133,25,25,108
"water","80","DUBRAJPUR",1,0.141214879971694,133,25,25,108
"water","89","KHYARASOL",0,0.185038436977879,133,25,25,108
"water","104","RAMPURHAT - I",0,0.285286424257759,133,25,25,108
"metal_road_km","77","MOHAMMAD BAZAR",0,0.123877624081731,143,25,25,118
"metal_road_km","84","DUBRAJPUR",0,0.132264292434379,143,25,25,118
"metal_road_km","15","ILLAMBAZAR",0,0.1886512532332,143,25,25,118
"metal_road_km","88","KHYARASOL",1,0.162129908485895,143,25,25,118
"metal_road_km","21","LABHPUR",0,0.138383803802785,143,25,25,118
"metal_road_km","122","NALHATI - I",0,0.140330118329588,143,25,25,118
"metal_road_km","107","RAMPURHAT - I",0,0.252270615801058,143,25,25,118
"metal_road_km","158","MAYURESWAR - I",1,0.146506774615731,143,25,25,118
"metal_road_km","102","RAJNAGAR",1,0.286691006744055,143,25,25,118
"metal_road_km","93","KHYARASOL",0,0.136306700870662,143,25,25,118
"metal_road_km","151","MAYURESWAR - I",0,0.133972048422794,143,25,25,118
"metal_road_km","30","NANOOR",0,0.1453983947666,143,25,25,118
"metal_road_km","42","SIURI-I",0,0.173221038592143,143,25,25,118
"metal_road_km","24","LABHPUR",0,0.128117708141577,143,25,25,118
"metal_road_km","72","MOHAMMAD BAZAR",0,0.24162237190107,143,25,25,118
"metal_road_km","68","MOHAMMAD BAZAR",0,0.137093675906457,143,25,25,118
"metal_road_km","82","DUBRAJPUR",0,0.136536413566728,143,25,25,118
"metal_road_km","155","MAYURESWAR - I",0,0.135517752828806,143,25,25,118
"metal_road_km","31","NANOOR",0,0.170796053216121,143,25,25,118
"metal_road_km","2","BOLPUR-SRINIKETAN",1,0.181627982444811,143,25,25,118
"metal_road_km","79","DUBRAJPUR",0,0.136536413566728,143,25,25,118
"metal_road_km","130","NALHATI - II",0,0.186320285977889,143,25,25,118
"metal_road_km","45","SIURI-I",1,0.185928623660395,143,25,25,118
"metal_road_km","105","RAMPURHAT - I",1,0.227762219363132,143,25,25,118
"metal_road_km","47","SIURI-I",0,0.173255503456147,143,25,25,118
"metal_road_km","86","DUBRAJPUR",0,0.17615570073917,143,25,25,118
"metal_road_km","56","SAINTHIA",0,0.139364556999474,143,25,25,118
"metal_road_km","154","MAYURESWAR - I",0,0.169358300066678,143,25,25,118
"metal_road_km","124","NALHATI - I",0,0.13995116305488,143,25,25,118
"metal_road_km","129","NALHATI - I",0,0.140330118329587,143,25,25,118
"metal_road_km","153","MAYURESWAR - I",1,0.144959687409676,143,25,25,118
"metal_road_km","59","SAINTHIA",0,0.122266187230009,143,25,25,118
"metal_road_km","65","SAINTHIA",0,0.192836661376242,143,25,25,118
"metal_road_km","3","BOLPUR-SRINIKETAN",0,0.216638826195931,143,25,25,118
"metal_road_km","12","ILLAMBAZAR",1,0.175240897515239,143,25,25,118
"metal_road_km","119","RAMPURHAT - II",1,0.149807722326127,143,25,25,118
"metal_road_km","92","KHYARASOL",0,0.14387616588099,143,25,25,118
"metal_road_km","136","MURARAI - I",0,0.20305173613411,143,25,25,118
"metal_road_km","13","ILLAMBAZAR",0,0.170547163799954,143,25,25,118
"metal_road_km","135","NALHATI - II",1,0.202516192006265,143,25,25,118
"metal_road_km","67","MOHAMMAD BAZAR",1,0.130659066706046,143,25,25,118
"metal_road_km","87","DUBRAJPUR",1,0.136532988723824,143,25,25,118
"metal_road_km","4","BOLPUR-SRINIKETAN",1,0.166704636883428,143,25,25,118
"metal_road_km","95","KHYARASOL",0,0.14981001613495,143,25,25,118
"metal_road_km","90","KHYARASOL",0,0.16606789116398,143,25,25,118
"metal_road_km","117","RAMPURHAT - II",0,0.159730346908651,143,25,25,118
"metal_road_km","35","NANOOR",1,0.145165358003524,143,25,25,118
"metal_road_km","18","ILLAMBAZAR",0,0.181287759785592,143,25,25,118
"metal_road_km","74","MOHAMMAD BAZAR",1,0.176442946878229,143,25,25,118
"metal_road_km","140","MURARAI - I",0,0.185980511725665,143,25,25,118
"metal_road_km","141","MURARAI - I",0,0.185980511725665,143,25,25,118
"metal_road_km","8","BOLPUR-SRINIKETAN",0,0.18510491852493,143,25,25,118
"metal_road_km","32","NANOOR",1,0.161474355822506,143,25,25,118
"metal_road_km","81","DUBRAJPUR",0,0.122373800195045,143,25,25,118
"metal_road_km","106","RAMPURHAT - I",0,0.190664171546569,143,25,25,118
"metal_road_km","75","MOHAMMAD BAZAR",1,0.137567480751637,143,25,25,118
"metal_road_km","43","SIURI-I",1,0.18100052552699,143,25,25,118
"metal_road_km","44","SIURI-I",0,0.231733793145514,143,25,25,118
"metal_road_km","133","NALHATI - II",1,0.206797497389908,143,25,25,118
"metal_road_km","164","MAYURESWAR - II",1,0.231855071858919,143,25,25,118
"metal_road_km","100","RAJNAGAR",0,0.285884753789596,143,25,25,118
"metal_road_km","52","SIURI-II",0,0.215399237341045,143,25,25,118
"metal_road_km","146","MURARAI - II",1,0.282344472212055,143,25,25,118
"metal_road_km","83","DUBRAJPUR",0,0.122373800195045,143,25,25,118
"metal_road_km","49","SIURI-II",0,0.215112100086945,143,25,25,118
"metal_road_km","108","RAMPURHAT - I",0,0.191170512351326,143,25,25,118
"metal_road_km","166","MAYURESWAR - II",0,0.235572873612896,143,25,25,118
"metal_road_km","33","NANOOR",1,0.153928816109687,143,25,25,118
"metal_road_km","41","SIURI-I",0,0.165201704248767,143,25,25,118
"metal_road_km","157","MAYURESWAR - I",0,0.18586039335195,143,25,25,118
"metal_road_km","29","LABHPUR",1,0.139430716201,143,25,25,118
"metal_road_km","39","NANOOR",0,0.1453983947666,143,25,25,118
"metal_road_km","70","MOHAMMAD BAZAR",1,0.132644883808984,143,25,25,118
"metal_road_km","98","RAJNAGAR",0,0.295818300459162,143,25,25,118
"metal_road_km","94","KHYARASOL",0,0.14981001613495,143,25,25,118
"metal_road_km","46","SIURI-I",1,0.18825111053799,143,25,25,118
"metal_road_km","61","SAINTHIA",0,0.123723747342982,143,25,25,118
"metal_road_km","138","MURARAI - I",1,0.204608314971757,143,25,25,118
"metal_road_km","123","NALHATI - I",0,0.133698349187052,143,25,25,118
"metal_road_km","78","DUBRAJPUR",1,0.139248446369716,143,25,25,118
"metal_road_km","144","MURARAI - II",1,0.267526022754397,143,25,25,118
"metal_road_km","1","BOLPUR-SRINIKETAN",0,0.223296356476932,143,25,25,118
"metal_road_km","57","SAINTHIA",0,0.117906657175261,143,25,25,118
"metal_road_km","142","MURARAI - I",0,0.185754661654425,143,25,25,118
"metal_road_km","125","NALHATI - I",1,0.161879993709189,143,25,25,118
"metal_road_km","50","SIURI-II",0,0.207800164603167,143,25,25,118
"metal_road_km","110","RAMPURHAT - I",0,0.184793797506273,143,25,25,118
"metal_road_km","145","MURARAI - II",1,0.273531542768677,143,25,25,118
"metal_road_km","120","NALHATI - I",1,0.21773777099722,143,25,25,118
"metal_road_km","20","LABHPUR",0,0.121754506833261,143,25,25,118
"metal_road_km","62","SAINTHIA",1,0.126557085665447,143,25,25,118
"metal_road_km","113","RAMPURHAT - II",0,0.154207181373554,143,25,25,118
"metal_road_km","36","NANOOR",1,0.145165358003524,143,25,25,118
"metal_road_km","148","MURARAI - II",0,0.291515838351266,143,25,25,118
"metal_road_km","131","NALHATI - II",0,0.186320285977889,143,25,25,118
"metal_road_km","66","MOHAMMAD BAZAR",0,0.163073455974675,143,25,25,118
"metal_road_km","11","ILLAMBAZAR",0,0.166145869798252,143,25,25,118
"metal_road_km","137","MURARAI - I",0,0.182270697651913,143,25,25,118
"metal_road_km","160","MAYURESWAR - II",1,0.234781327962771,143,25,25,118
"metal_road_km","76","MOHAMMAD BAZAR",0,0.178330339565858,143,25,25,118
"metal_road_km","114","RAMPURHAT - II",0,0.149367834321294,143,25,25,118
"metal_road_km","19","LABHPUR",1,0.13268132527971,143,25,25,118
"metal_road_km","91","KHYARASOL",0,0.136306700870662,143,25,25,118
"metal_road_km","73","MOHAMMAD BAZAR",0,0.122770649572602,143,25,25,118
"metal_road_km","159","MAYURESWAR - I",1,0.222334965871968,143,25,25,118
"metal_road_km","165","MAYURESWAR - II",0,0.263220190302161,143,25,25,118
"metal_road_km","7","BOLPUR-SRINIKETAN",1,0.168834389692262,143,25,25,118
"metal_road_km","134","NALHATI - II",0,0.198271851766908,143,25,25,118
"metal_road_km","51","SIURI-II",1,0.274080370504209,143,25,25,118
"metal_road_km","112","RAMPURHAT - II",1,0.149807722326127,143,25,25,118
"metal_road_km","85","DUBRAJPUR",1,0.223550944450907,143,25,25,118
"metal_road_km","64","SAINTHIA",1,0.126557085665447,143,25,25,118
"metal_road_km","38","NANOOR",0,0.180505210964276,143,25,25,118
"metal_road_km","22","LABHPUR",0,0.139253039015106,143,25,25,118
"metal_road_km","126","NALHATI - I",0,0.128357931912286,143,25,25,118
"metal_road_km","27","LABHPUR",0,0.202891404050615,143,25,25,118
"metal_road_km","48","SIURI-II",0,0.201234368743108,143,25,25,118
"metal_road_km","14","ILLAMBAZAR",1,0.169882491374207,143,25,25,118
"metal_road_km","54","SAINTHIA",1,0.132400585730658,143,25,25,118
"metal_road_km","127","NALHATI - I",0,0.128357931912286,143,25,25,118
"metal_road_km","116","RAMPURHAT - II",0,0.149367834321294,143,25,25,118
"metal_road_km","6","BOLPUR-SRINIKETAN",0,0.18510491852493,143,25,25,118
"metal_road_km","156","MAYURESWAR - I",0,0.135517752828806,143,25,25,118
"metal_road_km","152","MAYURESWAR - I",0,0.147391737108001,143,25,25,118
"metal_road_km","161","MAYURESWAR - II",0,0.238873118333267,143,25,25,118
"metal_road_km","121","NALHATI - I",0,0.133698349187052,143,25,25,118
"metal_road_km","9","BOLPUR-SRINIKETAN",0,0.164624125023079,143,25,25,118
"metal_road_km","26","LABHPUR",0,0.121754506833261,143,25,25,118
"metal_road_km","60","SAINTHIA",1,0.150088199029943,143,25,25,118
"metal_road_km","25","LABHPUR",1,0.1310650652115,143,25,25,118
"metal_road_km","55","SAINTHIA",0,0.139364556999474,143,25,25,118
"metal_road_km","23","LABHPUR",1,0.132701223164684,143,25,25,118
"metal_road_km","17","ILLAMBAZAR",1,0.226794368176255,143,25,25,118
"metal_road_km","115","RAMPURHAT - II",1,0.166664962639139,143,25,25,118
"metal_road_km","101","RAJNAGAR",1,0.312112321374213,143,25,25,118
"metal_road_km","132","NALHATI - II",0,0.20348971930361,143,25,25,118
"metal_road_km","69","MOHAMMAD BAZAR",0,0.122770649572602,143,25,25,118
"metal_road_km","58","SAINTHIA",0,0.160242799110602,143,25,25,118
"metal_road_km","53","SIURI-II",1,0.231346085912743,143,25,25,118
"metal_road_km","118","RAMPURHAT - II",0,0.159730346908651,143,25,25,118
"metal_road_km","80","DUBRAJPUR",1,0.139743094315544,143,25,25,118
"metal_road_km","89","KHYARASOL",0,0.14387616588099,143,25,25,118
"metal_road_km","104","RAMPURHAT - I",0,0.236227935353727,143,25,25,118
"ssk_new","77","MOHAMMAD BAZAR",0,0.125431891853767,138,25,25,113
"ssk_new","84","DUBRAJPUR",0,0.134748655749673,138,25,25,113
"ssk_new","15","ILLAMBAZAR",0,0.215767803269218,138,25,25,113
"ssk_new","88","KHYARASOL",1,0.179637073844026,138,25,25,113
"ssk_new","21","LABHPUR",0,0.152257170185661,138,25,25,113
"ssk_new","122","NALHATI - I",0,0.154975734218596,138,25,25,113
"ssk_new","107","RAMPURHAT - I",0,0.278680540927472,138,25,25,113
"ssk_new","158","MAYURESWAR - I",1,0.148375352472054,138,25,25,113
"ssk_new","102","RAJNAGAR",1,0.289638521461577,138,25,25,113
"ssk_new","93","KHYARASOL",0,0.15117402638421,138,25,25,113
"ssk_new","151","MAYURESWAR - I",0,0.135241900766175,138,25,25,113
"ssk_new","30","NANOOR",0,0.126801880235067,138,25,25,113
"ssk_new","42","SIURI-I",0,0.200639560244121,138,25,25,113
"ssk_new","24","LABHPUR",0,0.140861748369666,138,25,25,113
"ssk_new","72","MOHAMMAD BAZAR",0,0.242748529486394,138,25,25,113
"ssk_new","68","MOHAMMAD BAZAR",0,0.140959484331626,138,25,25,113
"ssk_new","82","DUBRAJPUR",0,0.136722217871252,138,25,25,113
"ssk_new","147","MURARAI - II",0,0.231082799555914,138,25,25,113
"ssk_new","155","MAYURESWAR - I",0,0.136701436123394,138,25,25,113
"ssk_new","31","NANOOR",0,0.163551175865966,138,25,25,113
"ssk_new","2","BOLPUR-SRINIKETAN",1,0.168739443858546,138,25,25,113
"ssk_new","79","DUBRAJPUR",0,0.136722217871252,138,25,25,113
"ssk_new","130","NALHATI - II",0,0.188473066337787,138,25,25,113
"ssk_new","105","RAMPURHAT - I",1,0.247530878598726,138,25,25,113
"ssk_new","47","SIURI-I",0,0.192858207821438,138,25,25,113
"ssk_new","86","DUBRAJPUR",0,0.177062561336175,138,25,25,113
"ssk_new","56","SAINTHIA",0,0.144996656476975,138,25,25,113
"ssk_new","154","MAYURESWAR - I",0,0.171499434325346,138,25,25,113
"ssk_new","124","NALHATI - I",0,0.1533950918787,138,25,25,113
"ssk_new","129","NALHATI - I",0,0.154975734218596,138,25,25,113
"ssk_new","153","MAYURESWAR - I",1,0.146361423976482,138,25,25,113
"ssk_new","59","SAINTHIA",0,0.135338961983919,138,25,25,113
"ssk_new","65","SAINTHIA",0,0.201206611886417,138,25,25,113
"ssk_new","3","BOLPUR-SRINIKETAN",0,0.207173883358595,138,25,25,113
"ssk_new","119","RAMPURHAT - II",1,0.180531625538239,138,25,25,113
"ssk_new","92","KHYARASOL",0,0.164733514534935,138,25,25,113
"ssk_new","136","MURARAI - I",0,0.205362172784809,138,25,25,113
"ssk_new","13","ILLAMBAZAR",0,0.193279516248699,138,25,25,113
"ssk_new","135","NALHATI - II",1,0.208440712355152,138,25,25,113
"ssk_new","67","MOHAMMAD BAZAR",1,0.132542218532643,138,25,25,113
"ssk_new","87","DUBRAJPUR",1,0.136796725353558,138,25,25,113
"ssk_new","4","BOLPUR-SRINIKETAN",1,0.156183915118376,138,25,25,113
"ssk_new","95","KHYARASOL",0,0.171539899715514,138,25,25,113
"ssk_new","117","RAMPURHAT - II",0,0.17763438738839,138,25,25,113
"ssk_new","35","NANOOR",1,0.133901847547824,138,25,25,113
"ssk_new","18","ILLAMBAZAR",0,0.200722248041346,138,25,25,113
"ssk_new","74","MOHAMMAD BAZAR",1,0.176213177494762,138,25,25,113
"ssk_new","140","MURARAI - I",0,0.186806275578179,138,25,25,113
"ssk_new","141","MURARAI - I",0,0.186806275578179,138,25,25,113
"ssk_new","8","BOLPUR-SRINIKETAN",0,0.172690673877329,138,25,25,113
"ssk_new","32","NANOOR",1,0.15199944979399,138,25,25,113
"ssk_new","81","DUBRAJPUR",0,0.123786230062294,138,25,25,113
"ssk_new","106","RAMPURHAT - I",0,0.218790049401942,138,25,25,113
"ssk_new","75","MOHAMMAD BAZAR",1,0.142862031946338,138,25,25,113
"ssk_new","43","SIURI-I",1,0.206027646876751,138,25,25,113
"ssk_new","44","SIURI-I",0,0.249512988779267,138,25,25,113
"ssk_new","133","NALHATI - II",1,0.208134382083222,138,25,25,113
"ssk_new","164","MAYURESWAR - II",1,0.236848138189905,138,25,25,113
"ssk_new","100","RAJNAGAR",0,0.288623918081539,138,25,25,113
"ssk_new","52","SIURI-II",0,0.217160195912021,138,25,25,113
"ssk_new","146","MURARAI - II",1,0.233298780262698,138,25,25,113
"ssk_new","83","DUBRAJPUR",0,0.123786230062294,138,25,25,113
"ssk_new","49","SIURI-II",0,0.215531301909187,138,25,25,113
"ssk_new","108","RAMPURHAT - I",0,0.22965102426308,138,25,25,113
"ssk_new","166","MAYURESWAR - II",0,0.236254895775825,138,25,25,113
"ssk_new","33","NANOOR",1,0.144958933258832,138,25,25,113
"ssk_new","41","SIURI-I",0,0.1856538550507,138,25,25,113
"ssk_new","157","MAYURESWAR - I",0,0.187072484705165,138,25,25,113
"ssk_new","29","LABHPUR",1,0.152130295323887,138,25,25,113
"ssk_new","39","NANOOR",0,0.126801880235066,138,25,25,113
"ssk_new","70","MOHAMMAD BAZAR",1,0.134912323388858,138,25,25,113
"ssk_new","98","RAJNAGAR",0,0.296510126673543,138,25,25,113
"ssk_new","94","KHYARASOL",0,0.171539899715514,138,25,25,113
"ssk_new","46","SIURI-I",1,0.221568813940819,138,25,25,113
"ssk_new","61","SAINTHIA",0,0.133565726001856,138,25,25,113
"ssk_new","138","MURARAI - I",1,0.205600951826916,138,25,25,113
"ssk_new","123","NALHATI - I",0,0.148499955573635,138,25,25,113
"ssk_new","78","DUBRAJPUR",1,0.140448291630464,138,25,25,113
"ssk_new","144","MURARAI - II",1,0.228718741847251,138,25,25,113
"ssk_new","1","BOLPUR-SRINIKETAN",0,0.216654312922281,138,25,25,113
"ssk_new","57","SAINTHIA",0,0.1271479850725,138,25,25,113
"ssk_new","142","MURARAI - I",0,0.187167613579872,138,25,25,113
"ssk_new","125","NALHATI - I",1,0.178236127339157,138,25,25,113
"ssk_new","50","SIURI-II",0,0.209881666866849,138,25,25,113
"ssk_new","110","RAMPURHAT - I",0,0.230777590057275,138,25,25,113
"ssk_new","145","MURARAI - II",1,0.229789042411278,138,25,25,113
"ssk_new","120","NALHATI - I",1,0.226336043827515,138,25,25,113
"ssk_new","20","LABHPUR",0,0.1373867322803,138,25,25,113
"ssk_new","113","RAMPURHAT - II",0,0.170764725146086,138,25,25,113
"ssk_new","36","NANOOR",1,0.133901847547824,138,25,25,113
"ssk_new","148","MURARAI - II",0,0.238483450519635,138,25,25,113
"ssk_new","131","NALHATI - II",0,0.188473066337787,138,25,25,113
"ssk_new","66","MOHAMMAD BAZAR",0,0.167878535861278,138,25,25,113
"ssk_new","5","BOLPUR-SRINIKETAN",0,0.149282727989824,138,25,25,113
"ssk_new","11","ILLAMBAZAR",0,0.188318645617812,138,25,25,113
"ssk_new","137","MURARAI - I",0,0.184145807282556,138,25,25,113
"ssk_new","160","MAYURESWAR - II",1,0.236241625045932,138,25,25,113
"ssk_new","40","NANOOR",0,0.126801880235066,138,25,25,113
"ssk_new","76","MOHAMMAD BAZAR",0,0.180114935433058,138,25,25,113
"ssk_new","114","RAMPURHAT - II",0,0.165982875247698,138,25,25,113
"ssk_new","19","LABHPUR",1,0.146552039171537,138,25,25,113
"ssk_new","91","KHYARASOL",0,0.15117402638421,138,25,25,113
"ssk_new","73","MOHAMMAD BAZAR",0,0.124328532857191,138,25,25,113
"ssk_new","159","MAYURESWAR - I",1,0.223882993302066,138,25,25,113
"ssk_new","165","MAYURESWAR - II",0,0.264612067633919,138,25,25,113
"ssk_new","7","BOLPUR-SRINIKETAN",1,0.156104766894229,138,25,25,113
"ssk_new","134","NALHATI - II",0,0.200918132277906,138,25,25,113
"ssk_new","51","SIURI-II",1,0.276083942966216,138,25,25,113
"ssk_new","85","DUBRAJPUR",1,0.223847530170509,138,25,25,113
"ssk_new","64","SAINTHIA",1,0.149898038483963,138,25,25,113
"ssk_new","38","NANOOR",0,0.176010972262125,138,25,25,113
"ssk_new","22","LABHPUR",0,0.144539742530597,138,25,25,113
"ssk_new","126","NALHATI - I",0,0.148694404995616,138,25,25,113
"ssk_new","27","LABHPUR",0,0.213236623968157,138,25,25,113
"ssk_new","48","SIURI-II",0,0.202328536676925,138,25,25,113
"ssk_new","14","ILLAMBAZAR",1,0.198187926300698,138,25,25,113
"ssk_new","54","SAINTHIA",1,0.146224540510481,138,25,25,113
"ssk_new","116","RAMPURHAT - II",0,0.165982875247698,138,25,25,113
"ssk_new","6","BOLPUR-SRINIKETAN",0,0.172690673877329,138,25,25,113
"ssk_new","156","MAYURESWAR - I",0,0.136701436123394,138,25,25,113
"ssk_new","152","MAYURESWAR - I",0,0.149827706819635,138,25,25,113
"ssk_new","161","MAYURESWAR - II",0,0.242037598173581,138,25,25,113
"ssk_new","121","NALHATI - I",0,0.148499955573635,138,25,25,113
"ssk_new","9","BOLPUR-SRINIKETAN",0,0.148646893030501,138,25,25,113
"ssk_new","26","LABHPUR",0,0.1373867322803,138,25,25,113
"ssk_new","60","SAINTHIA",1,0.161539909888764,138,25,25,113
"ssk_new","55","SAINTHIA",0,0.144996656476975,138,25,25,113
"ssk_new","23","LABHPUR",1,0.150443075192597,138,25,25,113
"ssk_new","17","ILLAMBAZAR",1,0.253097989455569,138,25,25,113
"ssk_new","115","RAMPURHAT - II",1,0.187931717584406,138,25,25,113
"ssk_new","101","RAJNAGAR",1,0.31225830599336,138,25,25,113
"ssk_new","132","NALHATI - II",0,0.204819500873777,138,25,25,113
"ssk_new","69","MOHAMMAD BAZAR",0,0.124328532857191,138,25,25,113
"ssk_new","58","SAINTHIA",0,0.166284560022878,138,25,25,113
"ssk_new","53","SIURI-II",1,0.230980304303136,138,25,25,113
"ssk_new","118","RAMPURHAT - II",0,0.17763438738839,138,25,25,113
"ssk_new","80","DUBRAJPUR",1,0.142019214888444,138,25,25,113
"ssk_new","89","KHYARASOL",0,0.164733514534935,138,25,25,113
