"term","estimate","std.error","statistic","p.value","conf.low","conf.high","df","outcome","model","n","units","treated_units","se_type","p_holm","treated_gps","control_mean"
"women",5.42975083836846,7.90037450833181,0.687277651539454,0.492077126387373,-10.0746407993088,20.9341424760457,941,"spend","HC2 instead of CR2",1064,1064,531,"HC2",0.984154252774746,531,229.13831644778
"women",-0.00204871199015189,0.0279045594966281,-0.0734185390168747,0.941488668199445,-0.0568110803381737,0.0527136563578699,941,"log_spend","HC2 instead of CR2",1064,1064,531,"HC2",0.984154252774746,531,5.14096603436133
"women",5.46708301024687,8.05846895211352,0.678427011723238,0.499728458037571,-10.6038549654546,21.5380209859483,70.2914628178575,"spend","Complete windows only",1062,88,88,"CR2",0.999456916075142,530,229.311139097744
"women",-0.00184777047126593,0.0251151210661668,-0.0735720312236561,0.941559889857214,-0.0519346486741954,0.0482391077316636,70.2914628178575,"log_spend","Complete windows only",1062,88,88,"CR2",0.999456916075142,530,5.14136507241199
"women",13.7011423583094,11.2191008815243,1.22123354651999,0.226313576498057,-8.69574998556732,36.0980347021861,66.4394839381325,"spend","2018 term only",731,73,73,"CR2",0.452627152996115,365,257.841366120219
"women",0.0266931049505887,0.0359166065297779,0.743196741831886,0.459982554341759,-0.0450078609556492,0.0983940708568267,66.4394839381325,"log_spend","2018 term only",731,73,73,"CR2",0.459982554341759,365,5.22836484044762
"women",2.07778564740707,7.57101386962317,0.274439551054539,0.784622130925665,-13.0441994297002,17.1997707245143,64.633342705355,"spend","Excluding Alipurduar",998,82,82,"CR2",1,498,208.562655333333
"women",-0.00808018009798634,0.0258645506313016,-0.312403652905827,0.755739472252795,-0.0597408104188359,0.0435804502228632,64.633342705355,"log_spend","Excluding Alipurduar",998,82,82,"CR2",1,498,5.06913270855258
"women",54.6497204128856,60.4162925889997,0.904552697145075,0.407398539604849,-100.924077235413,210.223518061184,4.97143617350695,"spend","Alipurduar 2018",66,6,6,"CR2",0.814797079209699,33,540.890757575758
"women",0.0865168487614223,0.106538108108649,0.812074198588092,0.453861413068029,-0.187822031736936,0.360855729259781,4.97143617350695,"log_spend","Alipurduar 2018",66,6,6,"CR2",0.814797079209699,33,6.22934975873632
"women",2.12948358762551,9.75607434333976,0.218272587178393,0.830693336862143,-19.0033944721089,23.26236164736,12.6687313806965,"spend","Malda 2013",146,15,15,"CR2",1,73,133.451178082192
"women",0.0118490983573055,0.0576513083981063,0.205530432639665,0.84042343301368,-0.113030851044992,0.136729047759603,12.6687313806965,"log_spend","Malda 2013",146,15,15,"CR2",1,73,4.69884232089592
"women",-24.795509402623,10.560022977504,-2.34805449338934,0.0334170543325369,-47.3572931391351,-2.23372566611092,14.601451162463,"spend","Nadia 2013",187,17,17,"CR2",0.0437193496197276,93,191.689858156028
"women",-0.12697348795708,0.0494876836501012,-2.5657593686307,0.0218596748098638,-0.232705304877653,-0.0212416710365058,14.601451162463,"log_spend","Nadia 2013",187,17,17,"CR2",0.0437193496197276,93,5.14401994984424
"women",9.91228145736276,7.69584836816096,1.2880037369722,0.216382341701824,-6.42584836290944,26.250411277635,15.7198690192001,"spend","Nadia 2018",185,18,18,"CR2",0.216382341701824,92,116.978494623656
"women",0.149596245912517,0.0678686122443211,2.20420369542822,0.0427776391065667,0.00551256019998173,0.293679931625053,15.7198690192001,"log_spend","Nadia 2018",185,18,18,"CR2",0.0855552782131335,92,4.52836791204801
"women",-5.04112047759332,7.56231735814971,-0.666610542621652,0.513559314876707,-20.9403816495967,10.8581406944101,17.8213802166435,"spend","Purulia 2018",170,20,20,"CR2",1,85,151.408029411765
"women",0.000368050904975913,0.0574812363072296,0.00640297475525282,0.994962331586967,-0.120482363757057,0.121218465567009,17.8213802166435,"log_spend","Purulia 2018",170,20,20,"CR2",1,85,4.92038392367515
"women",17.098840419667,22.4725160376211,0.760877882611894,0.453641311393694,-29.1157593636666,63.3134402030005,25.7517625602298,"spend","South 24 Parganas 2018",310,29,29,"CR2",0.907282622787388,155,340.463629032258
"women",-0.0460957744786156,0.0618623906420264,-0.745134062880853,0.462937683431586,-0.173315424489115,0.0811238755318836,25.7517625602298,"log_spend","South 24 Parganas 2018",310,29,29,"CR2",0.907282622787388,155,5.60414284021081
