table,variable,definition,unit,provenance,missing_policy
gp_1998,gp_id,"Within-source research GP identifier: CD gpnum; Beaman reservation AA0_2b, joined to survey temp_id. Not an official LGD/Census code.",GP,scripts/00_common.R; pinned source_manifest.csv,Preserve unknowns; eligibility flags false for missing evidence; source-specific gates documented in pap.md
gp_1998,gp,Unedited GP name from CD Part B or Beaman reservation roster.,GP,scripts/00_common.R; pinned source_manifest.csv,Preserve unknowns; eligibility flags false for missing evidence; source-specific gates documented in pap.md
gp_1998,block,Unedited block name from CD Part B or Beaman reservation roster.,GP,scripts/00_common.R; pinned source_manifest.csv,Preserve unknowns; eligibility flags false for missing evidence; source-specific gates documented in pap.md
gp_1998,q98,"Women-reserved Pradhan office in 1998: source yes=1, no=0. Beaman previous records outside 1998 term remain missing.",GP,scripts/00_common.R; pinned source_manifest.csv,Preserve unknowns; eligibility flags false for missing evidence; source-specific gates documented in pap.md
gp_1998,sc98,SC-reserved Pradhan office in 1998; Beaman previous records outside 1998 term remain missing.,GP,scripts/00_common.R; pinned source_manifest.csv,Preserve unknowns; eligibility flags false for missing evidence; source-specific gates documented in pap.md
gp_1998,st98,ST-reserved Pradhan office in 1998; Beaman previous records outside 1998 term remain missing.,GP,scripts/00_common.R; pinned source_manifest.csv,Preserve unknowns; eligibility flags false for missing evidence; source-specific gates documented in pap.md
gp_1998,female98,"Part A prsex==2 female; ==1 male; other/missing unknown. Survey officeholder, not independently certified election winner.",GP,scripts/00_common.R; pinned source_manifest.csv,Preserve unknowns; eligibility flags false for missing evidence; source-specific gates documented in pap.md
gp_1998,source_complete,All three 1998 reservation fields observed in CD archive; defines161-GP released-data replication sample.,GP,scripts/00_common.R; pinned source_manifest.csv,Preserve unknowns; eligibility flags false for missing evidence; source-specific gates documented in pap.md
gp_1998,caste_contradiction,CD source reports both SC and ST reservation for the same office.,GP,scripts/00_common.R; pinned source_manifest.csv,Preserve unknowns; eligibility flags false for missing evidence; source-specific gates documented in pap.md
gp_1998,cross_source_conflict,At least one 1998 category differs across exact normalized GP+block matched sources; no fuzzy linkage or overwriting.,GP,scripts/00_common.R; pinned source_manifest.csv,Preserve unknowns; eligibility flags false for missing evidence; source-specific gates documented in pap.md
gp_1998,strict,"CD all reservation fields observed, no SC/ST contradiction and no detected cross-source conflict;158GP sensitivity, not main paper sample.",GP,scripts/00_common.R; pinned source_manifest.csv,Preserve unknowns; eligibility flags false for missing evidence; source-specific gates documented in pap.md
gp_1998,water_built,GP1998: gtubb yes=1/no=0; new tubewell/handpump built since1998.,GP,scripts/00_common.R; pinned source_manifest.csv,Preserve unknowns; eligibility flags false for missing evidence; source-specific gates documented in pap.md
gp_1998,metal_road,GP1998: either gmetb or gmetr yes=1; both no=0; otherwise unknown.,GP,scripts/00_common.R; pinned source_manifest.csv,Preserve unknowns; eligibility flags false for missing evidence; source-specific gates documented in pap.md
gp_1998,ssk_present,GP1998: gssk yes=1/no=0; informal education-center presence.,GP,scripts/00_common.R; pinned source_manifest.csv,Preserve unknowns; eligibility flags false for missing evidence; source-specific gates documented in pap.md
villages_1998,gp_id,"Within-source research GP identifier: CD gpnum; Beaman reservation AA0_2b, joined to survey temp_id. Not an official LGD/Census code.",survey village within GP,scripts/00_common.R; pinned source_manifest.csv,Preserve unknowns; eligibility flags false for missing evidence; source-specific gates documented in pap.md
villages_1998,gpnum,"CD research GP number, joins A/B/C/D. Not an official geography code.",survey village within GP,scripts/00_common.R; pinned source_manifest.csv,Preserve unknowns; eligibility flags false for missing evidence; source-specific gates documented in pap.md
villages_1998,villnum,CD within-GP survey village serial; unique only with gpnum. Does not identify random-village selection by itself.,survey village within GP,scripts/00_common.R; pinned source_manifest.csv,Preserve unknowns; eligibility flags false for missing evidence; source-specific gates documented in pap.md
villages_1998,villname,Original Part D mouza name;15 blank source rows retained.,survey village within GP,scripts/00_common.R; pinned source_manifest.csv,Preserve unknowns; eligibility flags false for missing evidence; source-specific gates documented in pap.md
villages_1998,jlnum.x,"Part C JL number, raw; retained separately from Part D to expose source discrepancies.",survey village within GP,scripts/00_common.R; pinned source_manifest.csv,Preserve unknowns; eligibility flags false for missing evidence; source-specific gates documented in pap.md
villages_1998,jlnum.y,"Part D JL number, raw; not unique across the district or a Census village code.",survey village within GP,scripts/00_common.R; pinned source_manifest.csv,Preserve unknowns; eligibility flags false for missing evidence; source-specific gates documented in pap.md
villages_1998,prvill,"Part C flag: YES Pradhan village, NO randomly sampled village. Blankpretestrows excluded from random-village sample.",survey village within GP,scripts/00_common.R; pinned source_manifest.csv,Preserve unknowns; eligibility flags false for missing evidence; source-specific gates documented in pap.md
villages_1998,gp,Unedited GP name from CD Part B or Beaman reservation roster.,survey village within GP,scripts/00_common.R; pinned source_manifest.csv,Preserve unknowns; eligibility flags false for missing evidence; source-specific gates documented in pap.md
villages_1998,block,Unedited block name from CD Part B or Beaman reservation roster.,survey village within GP,scripts/00_common.R; pinned source_manifest.csv,Preserve unknowns; eligibility flags false for missing evidence; source-specific gates documented in pap.md
villages_1998,q98,"Women-reserved Pradhan office in 1998: source yes=1, no=0. Beaman previous records outside 1998 term remain missing.",survey village within GP,scripts/00_common.R; pinned source_manifest.csv,Preserve unknowns; eligibility flags false for missing evidence; source-specific gates documented in pap.md
villages_1998,sc98,SC-reserved Pradhan office in 1998; Beaman previous records outside 1998 term remain missing.,survey village within GP,scripts/00_common.R; pinned source_manifest.csv,Preserve unknowns; eligibility flags false for missing evidence; source-specific gates documented in pap.md
villages_1998,st98,ST-reserved Pradhan office in 1998; Beaman previous records outside 1998 term remain missing.,survey village within GP,scripts/00_common.R; pinned source_manifest.csv,Preserve unknowns; eligibility flags false for missing evidence; source-specific gates documented in pap.md
villages_1998,source_complete,All three 1998 reservation fields observed in CD archive; defines161-GP released-data replication sample.,survey village within GP,scripts/00_common.R; pinned source_manifest.csv,Preserve unknowns; eligibility flags false for missing evidence; source-specific gates documented in pap.md
villages_1998,strict,"CD all reservation fields observed, no SC/ST contradiction and no detected cross-source conflict;158GP sensitivity, not main paper sample.",survey village within GP,scripts/00_common.R; pinned source_manifest.csv,Preserve unknowns; eligibility flags false for missing evidence; source-specific gates documented in pap.md
villages_1998,water,Village1998: strict sum of10 repaired/built drinking-water component totals. GP2003: tubewell/handpump built+repaired quantities F3_4a_q/F3_4b_q with gates.,survey village within GP,scripts/00_common.R; pinned source_manifest.csv,Preserve unknowns; eligibility flags false for missing evidence; source-specific gates documented in pap.md
villages_1998,school_buildings,Village1998: strict sum pspurt/pspubt/pskurt/pskubt/secsrt/secsbt repaired+built formal building totals.,survey village within GP,scripts/00_common.R; pinned source_manifest.csv,Preserve unknowns; eligibility flags false for missing evidence; source-specific gates documented in pap.md
villages_1998,schools_all,Village1998: school_buildings plus psnbrt and psnbbt (schools without buildings); aggregation sensitivity.,survey village within GP,scripts/00_common.R; pinned source_manifest.csv,Preserve unknowns; eligibility flags false for missing evidence; source-specific gates documented in pap.md
villages_1998,road_good_moderate,"Part D vroad1 or2 =>1, 3=>0; other=>unknown. Matches rounded paper means but its good-road label is narrower.",survey village within GP,scripts/00_common.R; pinned source_manifest.csv,Preserve unknowns; eligibility flags false for missing evidence; source-specific gates documented in pap.md
villages_1998,road_good_only,"Part D vroad1=>1, 2or3=>0; other=>unknown.",survey village within GP,scripts/00_common.R; pinned source_manifest.csv,Preserve unknowns; eligibility flags false for missing evidence; source-specific gates documented in pap.md
gp_2003_followup,gp_id,"Within-source research GP identifier: CD gpnum; Beaman reservation AA0_2b, joined to survey temp_id. Not an official LGD/Census code.",GP,scripts/00_common.R; pinned source_manifest.csv,Preserve unknowns; eligibility flags false for missing evidence; source-specific gates documented in pap.md
gp_2003_followup,reservation_id,Beaman reservation res_id research identifier; distinct coding system from AA0_2b.,GP,scripts/00_common.R; pinned source_manifest.csv,Preserve unknowns; eligibility flags false for missing evidence; source-specific gates documented in pap.md
gp_2003_followup,gp,Unedited GP name from CD Part B or Beaman reservation roster.,GP,scripts/00_common.R; pinned source_manifest.csv,Preserve unknowns; eligibility flags false for missing evidence; source-specific gates documented in pap.md
gp_2003_followup,block,Unedited block name from CD Part B or Beaman reservation roster.,GP,scripts/00_common.R; pinned source_manifest.csv,Preserve unknowns; eligibility flags false for missing evidence; source-specific gates documented in pap.md
gp_2003_followup,q98,"Women-reserved Pradhan office in 1998: source yes=1, no=0. Beaman previous records outside 1998 term remain missing.",GP,scripts/00_common.R; pinned source_manifest.csv,Preserve unknowns; eligibility flags false for missing evidence; source-specific gates documented in pap.md
gp_2003_followup,sc98,SC-reserved Pradhan office in 1998; Beaman previous records outside 1998 term remain missing.,GP,scripts/00_common.R; pinned source_manifest.csv,Preserve unknowns; eligibility flags false for missing evidence; source-specific gates documented in pap.md
gp_2003_followup,st98,ST-reserved Pradhan office in 1998; Beaman previous records outside 1998 term remain missing.,GP,scripts/00_common.R; pinned source_manifest.csv,Preserve unknowns; eligibility flags false for missing evidence; source-specific gates documented in pap.md
gp_2003_followup,q03,Women-reserved current Pradhan office; source code1 yes/2 no. Use explicit03 for unambiguous 2003 election-year evidence.,GP,scripts/00_common.R; pinned source_manifest.csv,Preserve unknowns; eligibility flags false for missing evidence; source-specific gates documented in pap.md
gp_2003_followup,sc03,"SC-reserved current Pradhan office, source code1 yes/2 no.",GP,scripts/00_common.R; pinned source_manifest.csv,Preserve unknowns; eligibility flags false for missing evidence; source-specific gates documented in pap.md
gp_2003_followup,st03,"ST-reserved current Pradhan office, source code1 yes/2 no.",GP,scripts/00_common.R; pinned source_manifest.csv,Preserve unknowns; eligibility flags false for missing evidence; source-specific gates documented in pap.md
gp_2003_followup,explicit98,Beaman prev_year==1 explicitly identifies1998-2003 term.,GP,scripts/00_common.R; pinned source_manifest.csv,Preserve unknowns; eligibility flags false for missing evidence; source-specific gates documented in pap.md
gp_2003_followup,explicit03,Beaman year==1 explicitly identifies2003 election.,GP,scripts/00_common.R; pinned source_manifest.csv,Preserve unknowns; eligibility flags false for missing evidence; source-specific gates documented in pap.md
gp_2003_followup,previous_within_1998_term,Explicit1998 or reported previous term starts1998-2002 and ends by2003; shorter ranges labeled inferred.,GP,scripts/00_common.R; pinned source_manifest.csv,Preserve unknowns; eligibility flags false for missing evidence; source-specific gates documented in pap.md
gp_2003_followup,history_strict,Explicit1998 history with no detected exact-name cross-source category conflict.,GP,scripts/00_common.R; pinned source_manifest.csv,Preserve unknowns; eligibility flags false for missing evidence; source-specific gates documented in pap.md
gp_2003_followup,cross_source_conflict98,At least one1998 category conflicts with CD after exact normalized block+GP linkage.,GP,scripts/00_common.R; pinned source_manifest.csv,Preserve unknowns; eligibility flags false for missing evidence; source-specific gates documented in pap.md
gp_2003_followup,current_year_raw,Unmodified Beaman year field; see source_dictionary value labels.,GP,scripts/00_common.R; pinned source_manifest.csv,Preserve unknowns; eligibility flags false for missing evidence; source-specific gates documented in pap.md
gp_2003_followup,current_other_year_raw,Unmodified year_2 text-entry numeric year; does not override explicit-code exceptions.,GP,scripts/00_common.R; pinned source_manifest.csv,Preserve unknowns; eligibility flags false for missing evidence; source-specific gates documented in pap.md
gp_2003_followup,current_other_year_888_raw,Unmodified year_888 alternative current-year field.,GP,scripts/00_common.R; pinned source_manifest.csv,Preserve unknowns; eligibility flags false for missing evidence; source-specific gates documented in pap.md
gp_2003_followup,previous_year_raw,"Unmodified Beaman prev_year; code1 explicitly1998-2003, other codes require source review.",GP,scripts/00_common.R; pinned source_manifest.csv,Preserve unknowns; eligibility flags false for missing evidence; source-specific gates documented in pap.md
gp_2003_followup,previous_start_raw,Unmodified prev_year_888_1 start year.,GP,scripts/00_common.R; pinned source_manifest.csv,Preserve unknowns; eligibility flags false for missing evidence; source-specific gates documented in pap.md
gp_2003_followup,previous_end_raw,Unmodified prev_year_888_2 end year.,GP,scripts/00_common.R; pinned source_manifest.csv,Preserve unknowns; eligibility flags false for missing evidence; source-specific gates documented in pap.md
gp_2003_followup,survey_observed,A0_9==1 current-survey row linked by temp_id to roster AA0_2b;161of165.,GP,scripts/00_common.R; pinned source_manifest.csv,Preserve unknowns; eligibility flags false for missing evidence; source-specific gates documented in pap.md
gp_2003_followup,id_consistent,Survey temp_id equals survey AA0_2b; false for Ganpur only (survey name Gonpur). Primary sample excludes mismatch.,GP,scripts/00_common.R; pinned source_manifest.csv,Preserve unknowns; eligibility flags false for missing evidence; source-specific gates documented in pap.md
gp_2003_followup,exact_gp_name,Survey and reservation GP names agree after uppercase/alphanumeric normalization; block names retained for separate audit.,GP,scripts/00_common.R; pinned source_manifest.csv,Preserve unknowns; eligibility flags false for missing evidence; source-specific gates documented in pap.md
gp_2003_followup,survey_year_valid,Survey AA0_8_3 equals2006; one current row reports2000 and is excluded from primary follow-up sample.,GP,scripts/00_common.R; pinned source_manifest.csv,Preserve unknowns; eligibility flags false for missing evidence; source-specific gates documented in pap.md
gp_2003_followup,AA0_8_3,Raw survey year-of-visit field; not assumed to be election year.,GP,scripts/00_common.R; pinned source_manifest.csv,Preserve unknowns; eligibility flags false for missing evidence; source-specific gates documented in pap.md
gp_2003_followup,pradhan_spouse,"Raw merged-survey origin flag; retained for module-composition checks, never converted into sex.",GP,scripts/00_common.R; pinned source_manifest.csv,Preserve unknowns; eligibility flags false for missing evidence; source-specific gates documented in pap.md
gp_2003_followup,female_a0,A0_5 sex:2female/1male =>1/0; unknown remains missing.,GP,scripts/00_common.R; pinned source_manifest.csv,Preserve unknowns; eligibility flags false for missing evidence; source-specific gates documented in pap.md
gp_2003_followup,female_a1,A1_2 sex:2female/1male =>1/0; unknown remains missing.,GP,scripts/00_common.R; pinned source_manifest.csv,Preserve unknowns; eligibility flags false for missing evidence; source-specific gates documented in pap.md
gp_2003_followup,female_a8,A8_13_chk current-Pradhan module respondent-female check:1yes/2no =>1/0.,GP,scripts/00_common.R; pinned source_manifest.csv,Preserve unknowns; eligibility flags false for missing evidence; source-specific gates documented in pap.md
gp_2003_followup,sex_conflict,A8 current-module sex disagrees with observed A0 orA1 explicit sex; Kasba/Gohaliara flagged.,GP,scripts/00_common.R; pinned source_manifest.csv,Preserve unknowns; eligibility flags false for missing evidence; source-specific gates documented in pap.md
gp_2003_followup,female_followup,"Current-module female_a8, set missing if sex_conflict. Observed2006 incumbent proxy, not verified2003winner.",GP,scripts/00_common.R; pinned source_manifest.csv,Preserve unknowns; eligibility flags false for missing evidence; source-specific gates documented in pap.md
gp_2003_followup,strict03,"Explicit2003 reservation year, observedcurrent survey, consistentIDs, visit2006; does not require outcome observed.",GP,scripts/00_common.R; pinned source_manifest.csv,Preserve unknowns; eligibility flags false for missing evidence; source-specific gates documented in pap.md
gp_2003_followup,strict_history03,strict03 plus history_strict;146GPs before outcome-specific missingness.,GP,scripts/00_common.R; pinned source_manifest.csv,Preserve unknowns; eligibility flags false for missing evidence; source-specific gates documented in pap.md
gp_2003_followup,water,Village1998: strict sum of10 repaired/built drinking-water component totals. GP2003: tubewell/handpump built+repaired quantities F3_4a_q/F3_4b_q with gates.,GP,scripts/00_common.R; pinned source_manifest.csv,Preserve unknowns; eligibility flags false for missing evidence; source-specific gates documented in pap.md
gp_2003_followup,metal_road_km,"GP2003 F3_11a_q+F3_11b_q, built+repairedkilometers since2003, with gates and bothcomponents observed.",GP,scripts/00_common.R; pinned source_manifest.csv,Preserve unknowns; eligibility flags false for missing evidence; source-specific gates documented in pap.md
gp_2003_followup,ssk_new,GP2003 F2_8b conditional on F2_8; missinggate remains unknown even if current SSK presence is No.,GP,scripts/00_common.R; pinned source_manifest.csv,Preserve unknowns; eligibility flags false for missing evidence; source-specific gates documented in pap.md
