role,root,path,sha256
pradhan_gp,local_elections,data/wb/derived/pradhan_gp/pradhan_gp.csv,7eeafc95e03405687bf0a57d3f84f3392cac60ef4ec4624b85322948c49781b0
pradhan_checks,local_elections,data/wb/derived/pradhan_gp/checks.json,de7ab958bff0661f61feb06020ee033616dfbe2c1f15906355a4621eccd4edce
extraction_provenance,module,data/spending_raw/extraction_provenance.json,f5ac40b447990a695727bcbf4ca84b8d09ed76e2f4e48841ff52fdd4aa28c030
r1_wb_2013,module,data/spending_raw/r1_wb_2013.csv.gz,f47b3decd53c0a9b16b7b6149456a139e0c23ba1ffa83e42155798e748004bb2
r1_wb_2014,module,data/spending_raw/r1_wb_2014.csv.gz,9710852e547aa04f3473a6263086444816ebbe01bdf1ab2f2a79defba80db900
r1_wb_2015,module,data/spending_raw/r1_wb_2015.csv.gz,10969d3c4c7dd1db543520bf931a1dc7bce9665cd863e692c1afe4ae405273df
r1_wb_2016,module,data/spending_raw/r1_wb_2016.csv.gz,8f1a796d9702b64dc5c1e1f96762973c5601a1560416ff6159072a63016a61aa
r1_wb_2017,module,data/spending_raw/r1_wb_2017.csv.gz,c99b37fa84d50c6044ac39fd040b2ae671f71a39e9169db1f0f9877e4bbd7ac1
r1_wb_2018,module,data/spending_raw/r1_wb_2018.csv.gz,d3433c057f0a06ed170485f07ca635aa03e97a64ef8b99ebd70f4e6a1f0f03dd
r1_wb_2019,module,data/spending_raw/r1_wb_2019.csv.gz,a1c1aeb8ca3009da62384a98238b33d564dd31bac3eaed912ac53646360a7aa0
r1_wb_2020,module,data/spending_raw/r1_wb_2020.csv.gz,c7e2758a56460a3c89e8c9a1908e2520fc6a093d9313171ee3368c6d9079054e
r1_wb_2021,module,data/spending_raw/r1_wb_2021.csv.gz,302eb8b31e88c4864e6077860d6641a7f152015920ee539ae54a4dad09d54e78
r1_wb_2022,module,data/spending_raw/r1_wb_2022.csv.gz,db231076e065bfd75efa84c3031aa0af877a22fa82ab4925521b14d329a5099e
r3_wb_2013,module,data/spending_raw/r3_wb_2013.csv.gz,343cc8cc2ba4591ebbf592c28ad26ea17ca9971a3f955ae9480d31d79f1c72a2
r3_wb_2014,module,data/spending_raw/r3_wb_2014.csv.gz,bf8d446fbf02a326ca5e6dc23e64a760f56594456614dab024e30efbed392532
r3_wb_2015,module,data/spending_raw/r3_wb_2015.csv.gz,3184304fa3acdd3cd0608533d55fc46e424f4b9786d8d88da73a1c3221b7356e
r3_wb_2016,module,data/spending_raw/r3_wb_2016.csv.gz,dfa0370cba27d25a152d3f3e7e44a76d88a595888ba66d623894577aea676588
r3_wb_2017,module,data/spending_raw/r3_wb_2017.csv.gz,c3c3ed3debe1dc554915c2728de8edd6932ab63358d12cba00c08ed39f510d0e
r3_wb_2018,module,data/spending_raw/r3_wb_2018.csv.gz,79be12a378a8bcb8065f33e86b917edc0500af160f57ed707f229725f420df1d
r3_wb_2019,module,data/spending_raw/r3_wb_2019.csv.gz,1be914102d48f3a94ba7d2b2e3d43b4ddef2767515d1029261c52827656d8443
r3_wb_2020,module,data/spending_raw/r3_wb_2020.csv.gz,5ad8812d5fd85f445c21ba980fa7cfe0c1efc7d856596edd58349213f1edc535
r3_wb_2021,module,data/spending_raw/r3_wb_2021.csv.gz,111faed01a64c950cde433005e53c010b0dde1a550401051bc1c399065080efb
r3_wb_2022,module,data/spending_raw/r3_wb_2022.csv.gz,6d8403bc875b18b6f91a7658b49e84e6e3e86d35bb15572987b66a8a01f04642
r6_wb_2013,module,data/spending_raw/r6_wb_2013.csv.gz,92951946ff3be69e6586ea337fc1f8f83a50883d93828ce7f0f79daac0d7a3cb
r6_wb_2014,module,data/spending_raw/r6_wb_2014.csv.gz,c54dea50dcad33a9acae2d0d983f1eebd57ef367450eb2057c5cb430f6ea6feb
r6_wb_2015,module,data/spending_raw/r6_wb_2015.csv.gz,93280f64c0b0aeddbffb65cabe66d661b2a455bef8390f80f48319bad6982ede
r6_wb_2016,module,data/spending_raw/r6_wb_2016.csv.gz,cb716f80af18308ac41e6afc6d5902b832ef4d0bb2e5f6862626f84619fcefc7
r6_wb_2017,module,data/spending_raw/r6_wb_2017.csv.gz,cdf0890641ff7a54f4d0810f04c7ffee304384e8945546950d3d946120b63ebf
r6_wb_2018,module,data/spending_raw/r6_wb_2018.csv.gz,6100d4962f3a8013eeba5467697943e3d3af51e5bef19ba559ba3bd6d4263329
r6_wb_2019,module,data/spending_raw/r6_wb_2019.csv.gz,6aadea7c7a554e7df92644eed8d1958b0bd941653258efd1b74cf0f1be01f122
r6_wb_2020,module,data/spending_raw/r6_wb_2020.csv.gz,23c030ee0016315637ae219d689504023d30998067747b1e9a8515793605c1d3
r6_wb_2021,module,data/spending_raw/r6_wb_2021.csv.gz,36b35b9b8b2165ebe8600d7dd1d41840717d237d899562cc77d5247e94f52bdd
r6_wb_2022,module,data/spending_raw/r6_wb_2022.csv.gz,cc3ab64e5dcfb68f85e4dc11a9a198312f8bb71a6c94d4c6d58d742d34859269
