"res_id","AA0_2b","block","gp"
"77","77","MOHAMMAD BAZAR","Sekadda"
"89","84","DUBRAJPUR","Loba"
"15","15","ILLAMBAZAR","Joydeb-Kenduli"
"93","88","KHYARASOL","Babuijor"
"21","21","LABHPUR","Chowhatta-Mohodari-II"
"105","122","NALHATI - I","Bautia"
"142","143","MURARAI - II","Amdole"
"122","107","RAMPURHAT - I","Kasthagara"
"157","158","MAYURESWAR - I","Mallarpur-II"
"82","102","RAJNAGAR","Tantipara"
"98","93","KHYARASOL","Lokepur"
"150","151","MAYURESWAR - I","Bajitpur"
"30","30","NANOOR","Barahsaota"
"54","42","SIURI-I","Bhurkuna"
"24","24","LABHPUR","Indus"
"72","72","MOHAMMAD BAZAR","Hinglow"
"68","68","MOHAMMAD BAZAR","Bhutura"
"87","82","DUBRAJPUR","Jashpur"
"146","147","MURARAI - II","Mitrapur"
"154","155","MAYURESWAR - I","Jhikadda"
"148","149","MURARAI - II","Paikor-II"
"31","31","NANOOR","Charkalgram"
"2","2","BOLPUR-SRINIKETAN","Kankalitala"
"84","79","DUBRAJPUR","Chinpai"
"112","130","NALHATI - II","Barra-I"
"57","45","SIURI-I","Khatanga"
"120","105","RAMPURHAT - I","Barsal"
"59","47","SIURI-I","Tilpara"
"91","86","DUBRAJPUR","Parulia"
"43","56","SAINTHIA","Banagram"
"153","154","MAYURESWAR - I","Dakhingram"
"107","124","NALHATI - I","Kalitha"
"111","129","NALHATI - I","Paikpara"
"152","153","MAYURESWAR - I","Dabuk"
"46","59","SAINTHIA","Fulur"
"52","65","SAINTHIA","Srinidhipur"
"3","3","BOLPUR-SRINIKETAN","Kasba"
"12","12","ILLAMBAZAR","Dharampur"
"134","119","RAMPURHAT - II","Sahapur"
"97","92","KHYARASOL","Khyarasol"
"135","136","MURARAI - I","Chatra"
"13","13","ILLAMBAZAR","Ghurisha"
"117","135","NALHATI - II","Sitalgram"
"67","67","MOHAMMAD BAZAR","Bharkata"
"92","87","DUBRAJPUR","Sahapur"
"4","4","BOLPUR-SRINIKETAN","Raipur-Supur"
"100","95","KHYARASOL","Panchra"
"95","90","KHYARASOL","Hajratpur"
"102","97","KHYARASOL","Rupaspur"
"138","139","MURARAI - I","Mahurapur"
"132","117","RAMPURHAT - II","Kaluha"
"35","35","NANOOR","Jalundi"
"101","96","KHYARASOL","Parsundi"
"18","18","ILLAMBAZAR","Sirsa"
"74","74","MOHAMMAD BAZAR","Mohammad Bazar"
"139","140","MURARAI - I","Murarai"
"140","141","MURARAI - I","Palsa"
"8","8","BOLPUR-SRINIKETAN","Singhee"
"32","32","NANOOR","Chandidas Nanoor"
"86","81","DUBRAJPUR","Hetampur"
"121","106","RAMPURHAT - I","Dakhalbati"
"75","75","MOHAMMAD BAZAR","Puranagram"
"55","43","SIURI-I","Nagari"
"56","44","SIURI-I","Karidhya"
"115","133","NALHATI - II","Bhadrapur-II"
"163","164","MAYURESWAR - II","Mayureswar"
"10","10","ILLAMBAZAR","Batikor"
"80","100","RAJNAGAR","Gangmuri-Jaypur"
"64","52","SIURI-II","Koma"
"145","146","MURARAI - II","Kushmore-II"
"88","83","DUBRAJPUR","Lakshmi Narayanpur"
"34","34","NANOOR","Daskalgram Kareya-II"
"61","49","SIURI-II","Banshanka"
"162","163","MAYURESWAR - II","Kundala"
"123","108","RAMPURHAT - I","Kharun"
"165","166","MAYURESWAR - II","Ulkunda"
"33","33","NANOOR","Daskalgram Kareya-I"
"53","41","SIURI-I","Alunda"
"156","157","MAYURESWAR - I","Mallarpur-I"
"29","29","LABHPUR","Thiba"
"39","39","NANOOR","Thupsara"
"70","70","MOHAMMAD BAZAR","Deucha"
"78","98","RAJNAGAR","Bhabanipur"
"99","94","KHYARASOL","Nakrakonda"
"58","46","SIURI-I","Mallickpur"
"48","61","SAINTHIA","Hatora"
"137","138","MURARAI - I","Gorsha"
"106","123","NALHATI - I","Haridaspur"
"83","78","DUBRAJPUR","Balijuri"
"143","144","MURARAI - II","Jajigram"
"1","1","BOLPUR-SRINIKETAN","Bahiri Panchsora"
"124","109","RAMPURHAT - I","Kusumba"
"50","63","SAINTHIA","Panrui"
"44","57","SAINTHIA","Bharamkole"
"141","142","MURARAI - I","Rajgram"
"161","162","MAYURESWAR - II","Kaleswar"
"108","125","NALHATI - I","Kaytha-I"
"28","28","LABHPUR","Labhpur-II"
"62","50","SIURI-II","Damdama"
"125","110","RAMPURHAT - I","Masra"
"144","145","MURARAI - II","Kushmore-I"
"126","111","RAMPURHAT - I","Narayanpur"
"103","120","NALHATI - I","Banior"
"20","20","LABHPUR","Chowhatta-Mohodari-I"
"49","62","SAINTHIA","Mathpalsa"
"128","113","RAMPURHAT - II","Budhigram"
"36","36","NANOOR","Kirnahar-I"
"147","148","MURARAI - II","Nandigram"
"113","131","NALHATI - II","Barra-II"
"66","66","MOHAMMAD BAZAR","Angargaria"
"5","5","BOLPUR-SRINIKETAN","Ruppur"
"16","16","ILLAMBAZAR","Mongaldihi"
"11","11","ILLAMBAZAR","Bilati"
"136","137","MURARAI - I","Dumurgram"
"159","160","MAYURESWAR - II","Daspalsa"
"40","40","NANOOR","Uchkaran"
"76","76","MOHAMMAD BAZAR","Rampur"
"129","114","RAMPURHAT - II","Dunigram"
"19","19","LABHPUR","Bipratikuri"
"96","91","KHYARASOL","Kendgare"
"73","73","MOHAMMAD BAZAR","Kapista"
"37","37","NANOOR","Kirnahar-II"
"158","159","MAYURESWAR - I","Taloan"
"164","165","MAYURESWAR - II","Satpalsa"
"7","7","BOLPUR-SRINIKETAN","Sattore"
"79","99","RAJNAGAR","Chandrapur"
"116","134","NALHATI - II","Noapara"
"63","51","SIURI-II","Kendua"
"127","112","RAMPURHAT - II","Bishnupur"
"90","85","DUBRAJPUR","Paduma"
"51","64","SAINTHIA","Sangra"
"118","103","RAMPURHAT - I","Ayas"
"38","38","NANOOR","Nawanagar-Kodda"
"22","22","LABHPUR","Dwarka"
"109","126","NALHATI - I","Kaytha-II"
"27","27","LABHPUR","Labhpur-I"
"60","48","SIURI-II","Abinashpur"
"14","14","ILLAMBAZAR","Illambazar"
"41","54","SAINTHIA","Ahmadpur"
"110","127","NALHATI - I","Kurumgram"
"131","116","RAMPURHAT - II","Hansan-II"
"6","6","BOLPUR-SRINIKETAN","Sarpalehana-Albandha"
"155","156","MAYURESWAR - I","Kanachi"
"149","150","MURARAI - II","Rudranagar"
"151","152","MAYURESWAR - I","Baraturigram"
"160","161","MAYURESWAR - II","Dekha"
"104","121","NALHATI - I","Barla"
"9","9","BOLPUR-SRINIKETAN","Sionmuluk"
"26","26","LABHPUR","Kurnahar"
"47","60","SAINTHIA","Harisara"
"25","25","LABHPUR","Jamna"
"42","55","SAINTHIA","Amarpur"
"23","23","LABHPUR","Hatia"
"17","17","ILLAMBAZAR","Nanasole"
"71","71","MOHAMMAD BAZAR","Ganpur"
"130","115","RAMPURHAT - II","Hansan-I"
"81","101","RAJNAGAR","Rajnagar"
"114","132","NALHATI - II","Bhadrapur-I"
"69","69","MOHAMMAD BAZAR","Charicha"
"45","58","SAINTHIA","Deriapur"
"65","53","SIURI-II","Purandarpur"
"133","118","RAMPURHAT - II","Margram-I"
"85","80","DUBRAJPUR","Gohaliara"
"94","89","KHYARASOL","Barrah"
"119","104","RAMPURHAT - I","Banhat"
