"gp_id","reservation_id","gp","block","survey_gp","survey_block","pradhanhh_uniqueid","temp_id","AA0_2b","id_consistent","survey_observed","exact_gp_name","explicit03","history_strict","pradhan_spouse","female_a0","female_a1","female_a8","sex_conflict","female_followup"
"77","77","Sekadda","MOHAMMAD BAZAR","Sekedda","Mohammad Bazar","77A",77,77,TRUE,TRUE,FALSE,TRUE,TRUE,1,1,1,1,FALSE,1
"84","89","Loba","DUBRAJPUR","Loba","Dubrajpur","84A",84,84,TRUE,TRUE,TRUE,TRUE,TRUE,1,0,0,0,FALSE,0
"15","15","Joydeb-Kenduli","ILLAMBAZAR","Joydev - Kenduli","Illambazar","15A",15,15,TRUE,TRUE,FALSE,TRUE,TRUE,1,0,0,0,FALSE,0
"88","93","Babuijor","KHYARASOL","Babuijor","Khayrasol","88A",88,88,TRUE,TRUE,TRUE,TRUE,TRUE,2,1,1,1,FALSE,1
"21","21","Chowhatta-Mohodari-II","LABHPUR","Chowhatta - Mohodori - II","Labhpur","21A",21,21,TRUE,TRUE,FALSE,TRUE,TRUE,1,0,0,0,FALSE,0
"122","105","Bautia","NALHATI - I","Bautia","Nalhati-I","122A",122,122,TRUE,TRUE,TRUE,TRUE,TRUE,1,0,0,0,FALSE,0
"143","142","Amdole","MURARAI - II","Amdole","Murarai - II","143A",143,143,TRUE,TRUE,TRUE,TRUE,FALSE,1,0,0,0,FALSE,0
"107","122","Kasthagara","RAMPURHAT - I","Kasthagara","Rampurhat-I","107A",107,107,TRUE,TRUE,TRUE,TRUE,TRUE,1,0,0,0,FALSE,0
"158","157","Mallarpur-II","MAYURESWAR - I","Mollarpur - II","Mayuraswar - I","158A",158,158,TRUE,TRUE,FALSE,TRUE,TRUE,1,1,1,1,FALSE,1
"102","82","Tantipara","RAJNAGAR","Tantipara","Rajnagar","102A",102,102,TRUE,TRUE,TRUE,TRUE,TRUE,2,1,1,1,FALSE,1
"93","98","Lokepur","KHYARASOL","Lokpur","Khyarasol","93A",93,93,TRUE,TRUE,FALSE,TRUE,TRUE,1,0,0,0,FALSE,0
"151","150","Bajitpur","MAYURESWAR - I","Bajitpur","Mayuraswar-I","151A",151,151,TRUE,TRUE,TRUE,TRUE,TRUE,1,0,0,0,FALSE,0
"30","30","Barahsaota","NANOOR","Barah - Saota","Nanoor","30A",30,30,TRUE,TRUE,TRUE,TRUE,TRUE,1,0,0,0,FALSE,0
"42","54","Bhurkuna","SIURI-I","Bhurkuna","Siuri - I","42A",42,42,TRUE,TRUE,TRUE,TRUE,TRUE,2,1,1,1,FALSE,1
"24","24","Indus","LABHPUR","Indus","Labhpur","24A",24,24,TRUE,TRUE,TRUE,TRUE,TRUE,1,0,0,0,FALSE,0
"72","72","Hinglow","MOHAMMAD BAZAR","Hinglo","Mohommad Bazar","72A",72,72,TRUE,TRUE,FALSE,TRUE,TRUE,1,1,1,1,FALSE,1
"68","68","Bhutura","MOHAMMAD BAZAR","Bhutura","Mohammad Bazar","68A",68,68,TRUE,TRUE,TRUE,TRUE,TRUE,1,0,0,0,FALSE,0
"82","87","Jashpur","DUBRAJPUR","Jaspur","Dubrajpur","82A",82,82,TRUE,TRUE,FALSE,TRUE,TRUE,1,0,0,0,FALSE,0
"147","146","Mitrapur","MURARAI - II","Mitrapur","Murarai - II","147A",147,147,TRUE,TRUE,TRUE,TRUE,TRUE,1,0,0,0,FALSE,0
"155","154","Jhikadda","MAYURESWAR - I","Jhikadda","Mayuraswar - I","155A",155,155,TRUE,TRUE,TRUE,TRUE,TRUE,1,0,0,0,FALSE,0
"149","148","Paikor-II","MURARAI - II","Paikar - II","Murarai - II","149A",149,149,TRUE,TRUE,FALSE,TRUE,FALSE,1,0,0,0,FALSE,0
"31","31","Charkalgram","NANOOR","Chakalgram","Nanoor","31A",31,31,TRUE,TRUE,FALSE,TRUE,TRUE,1,0,0,0,FALSE,0
"2","2","Kankalitala","BOLPUR-SRINIKETAN","Kankolitala","Bolpur Sriniketan","2A",2,2,TRUE,TRUE,FALSE,TRUE,TRUE,2,1,1,1,FALSE,1
"79","84","Chinpai","DUBRAJPUR","Chinpai","Dubrajpur","79A",79,79,TRUE,TRUE,TRUE,TRUE,TRUE,1,0,0,0,FALSE,0
"130","112","Barra-I","NALHATI - II","Bara - I","Nalhati - II","130A",130,130,TRUE,TRUE,FALSE,TRUE,TRUE,1,0,0,0,FALSE,0
"45","57","Khatanga","SIURI-I","Khatanga","Siuri - I","45A",45,45,TRUE,TRUE,TRUE,TRUE,TRUE,2,1,1,1,FALSE,1
"105","120","Barsal","RAMPURHAT - I","Barsal","Rampurhat-I","105A",105,105,TRUE,TRUE,TRUE,TRUE,TRUE,2,1,1,1,FALSE,1
"47","59","Tilpara","SIURI-I","Tilpara","Siuri - I","47A",47,47,TRUE,TRUE,TRUE,TRUE,TRUE,1,0,0,0,FALSE,0
"86","91","Parulia","DUBRAJPUR","Parulia","Dubrajpur","86A",86,86,TRUE,TRUE,TRUE,TRUE,TRUE,1,0,0,0,FALSE,0
"56","43","Banagram","SAINTHIA","Banagram","Sainthia","56A",56,56,TRUE,TRUE,TRUE,TRUE,TRUE,1,0,0,0,FALSE,0
"154","153","Dakhingram","MAYURESWAR - I","Dakshingram","Mayuraswar - I","154A",154,154,TRUE,TRUE,FALSE,TRUE,TRUE,1,0,0,0,FALSE,0
"124","107","Kalitha","NALHATI - I","Kalitha","Nalhati - I","124A",124,124,TRUE,TRUE,TRUE,TRUE,TRUE,1,0,0,0,FALSE,0
"129","111","Paikpara","NALHATI - I","Paikpara","Nalhati-I","129A",129,129,TRUE,TRUE,TRUE,TRUE,TRUE,2,1,1,1,FALSE,1
"153","152","Dabuk","MAYURESWAR - I","Dabuk","Mayuraswar - I","153A",153,153,TRUE,TRUE,TRUE,TRUE,TRUE,2,1,1,1,FALSE,1
"59","46","Fulur","SAINTHIA","Fulur","Sainthia","59A",59,59,TRUE,TRUE,TRUE,TRUE,TRUE,1,0,0,0,FALSE,0
"65","52","Srinidhipur","SAINTHIA","Srinidhipur","Sainthia","65A",65,65,TRUE,TRUE,TRUE,TRUE,TRUE,1,0,0,0,FALSE,0
"3","3","Kasba","BOLPUR-SRINIKETAN","Kasba","Bolpur Sriniketan","3A",3,3,TRUE,TRUE,TRUE,TRUE,TRUE,1,1,0,0,TRUE,
"12","12","Dharampur","ILLAMBAZAR","Dharampur","Illambazar","12A",12,12,TRUE,TRUE,TRUE,TRUE,TRUE,2,1,1,1,FALSE,1
"119","134","Sahapur","RAMPURHAT - II","Sahapur","Rampurhat - II","119A",119,119,TRUE,TRUE,TRUE,TRUE,TRUE,2,1,1,1,FALSE,1
"92","97","Khyarasol","KHYARASOL","Khayrasol","Khayrasol","92A",92,92,TRUE,TRUE,FALSE,TRUE,TRUE,1,0,0,0,FALSE,0
"136","135","Chatra","MURARAI - I","Chatra","Murarai-I","136A",136,136,TRUE,TRUE,TRUE,TRUE,TRUE,1,0,0,0,FALSE,0
"13","13","Ghurisha","ILLAMBAZAR","Ghurisha","Illambazar","13A",13,13,TRUE,TRUE,TRUE,TRUE,TRUE,1,0,0,0,FALSE,0
"135","117","Sitalgram","NALHATI - II","Sitalgram","Nalhati - II","135A",135,135,TRUE,TRUE,TRUE,TRUE,TRUE,2,1,1,1,FALSE,1
"67","67","Bharkata","MOHAMMAD BAZAR","Bharkata","Mohammad Bazar","67A",67,67,TRUE,TRUE,TRUE,TRUE,TRUE,2,1,1,1,FALSE,1
"87","92","Sahapur","DUBRAJPUR","Sahapur","Dubrajpur","87A",87,87,TRUE,TRUE,TRUE,TRUE,TRUE,2,1,1,1,FALSE,1
"4","4","Raipur-Supur","BOLPUR-SRINIKETAN","Raipur Supur","Bolpur Srinikata","4A",4,4,TRUE,TRUE,TRUE,TRUE,TRUE,2,1,1,1,FALSE,1
"95","100","Panchra","KHYARASOL","Panchra","Khayrasol","95A",95,95,TRUE,TRUE,TRUE,TRUE,TRUE,1,0,0,0,FALSE,0
"90","95","Hajratpur","KHYARASOL","Hajratpur","Khayrasol","90A",90,90,TRUE,TRUE,TRUE,TRUE,TRUE,1,0,0,0,FALSE,0
"97","102","Rupaspur","KHYARASOL","Rupaspur","Khayrasol","97A",97,97,TRUE,TRUE,TRUE,TRUE,FALSE,1,0,0,0,FALSE,0
"139","138","Mahurapur","MURARAI - I","Mahurapur","Murarai-I","139A",139,139,TRUE,TRUE,TRUE,TRUE,TRUE,2,1,1,1,FALSE,1
"117","132","Kaluha","RAMPURHAT - II","Kaluha","Rampurhat-II","117A",117,117,TRUE,TRUE,TRUE,TRUE,TRUE,1,0,0,0,FALSE,0
"35","35","Jalundi","NANOOR","Jalundi","Nanoor","35A",35,35,TRUE,TRUE,TRUE,TRUE,TRUE,1,1,1,1,FALSE,1
"96","101","Parsundi","KHYARASOL","Parsundi","Khayrasol","96A",96,96,TRUE,TRUE,TRUE,TRUE,FALSE,2,1,1,1,FALSE,1
"18","18","Sirsa","ILLAMBAZAR","Sirsa","Illambazar","18A",18,18,TRUE,TRUE,TRUE,TRUE,TRUE,1,0,0,0,FALSE,0
"74","74","Mohammad Bazar","MOHAMMAD BAZAR","Mohommada Bazar","Mohommad Bazar","74A",74,74,TRUE,TRUE,FALSE,TRUE,TRUE,,1,,1,FALSE,1
"140","139","Murarai","MURARAI - I","Murarai","Murarai-I","140A",140,140,TRUE,TRUE,TRUE,TRUE,TRUE,1,0,0,0,FALSE,0
"141","140","Palsa","MURARAI - I","Palsa","Murarai - I","141A",141,141,TRUE,TRUE,TRUE,TRUE,TRUE,1,0,0,0,FALSE,0
"8","8","Singhee","BOLPUR-SRINIKETAN","Singhee","Bolpur Sriniketan","8A",8,8,TRUE,TRUE,TRUE,TRUE,TRUE,2,1,1,1,FALSE,1
"32","32","Chandidas Nanoor","NANOOR","Chandidas Nanoor","Nanoor","32A",32,32,TRUE,TRUE,TRUE,TRUE,TRUE,1,1,1,1,FALSE,1
"81","86","Hetampur","DUBRAJPUR","Hetampur","Dubrajpur","81A",81,81,TRUE,TRUE,TRUE,TRUE,TRUE,1,1,1,1,FALSE,1
"106","121","Dakhalbati","RAMPURHAT - I","Dakhalbati","Rampurhat - I","106AC",106,106,TRUE,TRUE,TRUE,TRUE,TRUE,1,0,0,0,FALSE,0
"75","75","Puranagram","MOHAMMAD BAZAR","Puranagram","Mohommad Bazar","75A",75,75,TRUE,TRUE,TRUE,TRUE,TRUE,1,1,1,1,FALSE,1
"43","55","Nagari","SIURI-I","Nagari","Siuri - I","43A",43,43,TRUE,TRUE,TRUE,TRUE,TRUE,2,1,1,1,FALSE,1
"44","56","Karidhya","SIURI-I","Karidhya","Siuri - I","44A",44,44,TRUE,TRUE,TRUE,TRUE,TRUE,1,0,0,0,FALSE,0
"133","115","Bhadrapur-II","NALHATI - II","Bhadrapur-II","Nalhati - II","133A",133,133,TRUE,TRUE,TRUE,TRUE,TRUE,2,1,1,1,FALSE,1
"164","163","Mayureswar","MAYURESWAR - II","Mayuraswar","Mayuraswar - II","164A",164,164,TRUE,TRUE,FALSE,TRUE,TRUE,1,1,1,1,FALSE,1
"10","10","Batikor","ILLAMBAZAR","Batikor","Illambazar","10A",10,10,TRUE,TRUE,TRUE,TRUE,FALSE,1,0,0,0,FALSE,0
"100","80","Gangmuri-Jaypur","RAJNAGAR","Gangurijoypur","Rajnagar","100A",100,100,TRUE,TRUE,FALSE,TRUE,TRUE,1,0,0,0,FALSE,0
"52","64","Koma","SIURI-II","Koma","Siuri - II","52A",52,52,TRUE,TRUE,TRUE,TRUE,TRUE,1,0,0,0,FALSE,0
"146","145","Kushmore-II","MURARAI - II","Kushmore - II","Murarai - II","146A",146,146,TRUE,TRUE,TRUE,TRUE,TRUE,2,1,1,1,FALSE,1
"83","88","Lakshmi Narayanpur","DUBRAJPUR","Laxminarayanpur","Dubrajpur","83A",83,83,TRUE,TRUE,FALSE,TRUE,TRUE,2,1,1,1,FALSE,1
"34","34","Daskalgram Kareya-II","NANOOR","Daskalgram Karaya - II","Nanoor","34A",34,34,TRUE,TRUE,FALSE,TRUE,FALSE,1,0,0,0,FALSE,0
"49","61","Banshanka","SIURI-II","Bonsanka","Siuri - II","49A",49,49,TRUE,TRUE,FALSE,TRUE,TRUE,1,0,0,0,FALSE,0
"163","162","Kundala","MAYURESWAR - II","Kundula","Mayuraswar - II","163A",163,163,TRUE,TRUE,FALSE,TRUE,FALSE,1,0,0,0,FALSE,0
"108","123","Kharun","RAMPURHAT - I","Kharun","Rampurhat-I","108A",108,108,TRUE,TRUE,TRUE,TRUE,TRUE,1,0,0,0,FALSE,0
"166","165","Ulkunda","MAYURESWAR - II","Ulkunda","Mayuraswar - II","166A",166,166,TRUE,TRUE,TRUE,TRUE,TRUE,2,1,1,1,FALSE,1
"33","33","Daskalgram Kareya-I","NANOOR","Daskalgram Karaya - I","Nanoor","33A",33,33,TRUE,TRUE,FALSE,TRUE,TRUE,2,1,1,1,FALSE,1
"41","53","Alunda","SIURI-I","Alunda","Siuri - I","41A",41,41,TRUE,TRUE,TRUE,TRUE,TRUE,1,0,0,0,FALSE,0
"157","156","Mallarpur-I","MAYURESWAR - I","Mollarpur-I","Mayuraswar - I","157A",157,157,TRUE,TRUE,FALSE,TRUE,TRUE,1,0,0,0,FALSE,0
"29","29","Thiba","LABHPUR","Thiba","Labhpur","29A",29,29,TRUE,TRUE,TRUE,TRUE,TRUE,2,1,1,1,FALSE,1
"39","39","Thupsara","NANOOR","Thupsara","Nanoor","39A",39,39,TRUE,TRUE,TRUE,TRUE,TRUE,1,0,0,0,FALSE,0
"70","70","Deucha","MOHAMMAD BAZAR","Deucha","Mohammad Bazar","70A",70,70,TRUE,TRUE,TRUE,TRUE,TRUE,2,1,1,1,FALSE,1
"98","78","Bhabanipur","RAJNAGAR","Bhabanipur","Rajnagar","98A",98,98,TRUE,TRUE,TRUE,TRUE,TRUE,2,1,1,1,FALSE,1
"94","99","Nakrakonda","KHYARASOL","Nakrakonda","Khayrasol","94A",94,94,TRUE,TRUE,TRUE,TRUE,TRUE,1,0,0,0,FALSE,0
"46","58","Mallickpur","SIURI-I","Mallickpur","Siuri - I","46AC",46,46,TRUE,TRUE,TRUE,TRUE,TRUE,2,1,1,1,FALSE,1
"61","48","Hatora","SAINTHIA","Hatora","Sainthia","61AC",61,61,TRUE,TRUE,TRUE,TRUE,TRUE,1,0,0,0,FALSE,0
"138","137","Gorsha","MURARAI - I","Goshra","Murarai - I","138A",138,138,TRUE,TRUE,FALSE,TRUE,TRUE,2,1,1,1,FALSE,1
"123","106","Haridaspur","NALHATI - I","Haridaspur","Nalhati -I","123A",123,123,TRUE,TRUE,TRUE,TRUE,TRUE,1,0,0,0,FALSE,0
"78","83","Balijuri","DUBRAJPUR","Balijuri","Dubrajpur","78A",78,78,TRUE,TRUE,TRUE,TRUE,TRUE,2,1,1,1,FALSE,1
"144","143","Jajigram","MURARAI - II","Jajigram","Murarai - II","144A",144,144,TRUE,TRUE,TRUE,TRUE,TRUE,2,1,1,1,FALSE,1
"1","1","Bahiri Panchsora","BOLPUR-SRINIKETAN","Bahari Panchshoa","Bolpur Sriniketan","1A",1,1,TRUE,TRUE,FALSE,TRUE,TRUE,1,0,0,0,FALSE,0
"109","124","Kusumba","RAMPURHAT - I","Kusumba","Rampurhat-I","109A",109,109,TRUE,TRUE,TRUE,TRUE,FALSE,1,1,1,1,FALSE,1
"63","50","Panrui","SAINTHIA","Panrui","Sainthia","63A",63,63,TRUE,TRUE,TRUE,TRUE,FALSE,1,0,0,0,FALSE,0
"57","44","Bharamkole","SAINTHIA","Bhromorkol","Sainthia","57A",57,57,TRUE,TRUE,FALSE,TRUE,TRUE,1,0,0,0,FALSE,0
"142","141","Rajgram","MURARAI - I","Rajgram","Murarai-I","142A",142,142,TRUE,TRUE,TRUE,TRUE,TRUE,1,0,0,0,FALSE,0
"162","161","Kaleswar","MAYURESWAR - II","Kaleswar","Mayuraswar - II","162A",162,162,TRUE,TRUE,TRUE,TRUE,FALSE,2,1,1,1,FALSE,1
"125","108","Kaytha-I","NALHATI - I","Kaytha-I","Nalhati -I","125A",125,125,TRUE,TRUE,TRUE,TRUE,TRUE,2,1,1,1,FALSE,1
"28","28","Labhpur-II","LABHPUR",,,,,,,FALSE,FALSE,TRUE,TRUE,,,,,,
"50","62","Damdama","SIURI-II","Dumdama","Siuri - II","50AC",50,50,TRUE,TRUE,FALSE,TRUE,TRUE,2,1,1,1,FALSE,1
"110","125","Masra","RAMPURHAT - I","Masra","Rampurhat-I","110A",110,110,TRUE,TRUE,TRUE,TRUE,TRUE,1,0,0,0,FALSE,0
"145","144","Kushmore-I","MURARAI - II","Kushmore - I","Murarai - II","145A",145,145,TRUE,TRUE,TRUE,TRUE,TRUE,2,1,1,1,FALSE,1
"111","126","Narayanpur","RAMPURHAT - I","Narayanpur","Rampurhat-II","111A",111,111,TRUE,TRUE,TRUE,TRUE,FALSE,1,0,0,0,FALSE,0
"120","103","Banior","NALHATI - I","Banior","Nalhati 1","120AC",120,120,TRUE,TRUE,TRUE,TRUE,TRUE,2,1,1,1,FALSE,1
"20","20","Chowhatta-Mohodari-I","LABHPUR","Chowhatta - Mohodori - I","Labhpur","20A",20,20,TRUE,TRUE,FALSE,TRUE,TRUE,1,0,0,0,FALSE,0
"62","49","Mathpalsa","SAINTHIA","Mathpalsa","Sainthia","62A",62,62,TRUE,TRUE,TRUE,TRUE,TRUE,2,1,1,1,FALSE,1
"113","128","Budhigram","RAMPURHAT - II","Budhigram","Rampurhat-II","113A",113,113,TRUE,TRUE,TRUE,TRUE,TRUE,2,1,1,1,FALSE,1
"36","36","Kirnahar-I","NANOOR","Kirnahar - I","Nanoor","36A",36,36,TRUE,TRUE,TRUE,TRUE,TRUE,,1,,1,FALSE,1
"148","147","Nandigram","MURARAI - II","Nanadi Gram","Murarai - II","148A",148,148,TRUE,TRUE,FALSE,TRUE,TRUE,1,0,0,0,FALSE,0
"131","113","Barra-II","NALHATI - II","Bara - II","Nalhati - II","131A",131,131,TRUE,TRUE,FALSE,TRUE,TRUE,1,0,0,0,FALSE,0
"66","66","Angargaria","MOHAMMAD BAZAR","Angargaria","Mohommad Bazar","66A",66,66,TRUE,TRUE,TRUE,TRUE,TRUE,1,0,0,0,FALSE,0
"5","5","Ruppur","BOLPUR-SRINIKETAN","Ruppur","Bolpur Sriniketan","5A",5,5,TRUE,TRUE,TRUE,TRUE,TRUE,1,0,0,0,FALSE,0
"16","16","Mongaldihi","ILLAMBAZAR",,,,,,,FALSE,FALSE,TRUE,TRUE,,,,,,
"11","11","Bilati","ILLAMBAZAR","Bilati","Illambazar","11AC",11,11,TRUE,TRUE,TRUE,TRUE,TRUE,1,0,0,0,FALSE,0
"137","136","Dumurgram","MURARAI - I","Dumurgram","Murarai - I","137A",137,137,TRUE,TRUE,TRUE,TRUE,TRUE,1,0,0,0,FALSE,0
"160","159","Daspalsa","MAYURESWAR - II","Daspalsa","Mayuraswar - II","160A",160,160,TRUE,TRUE,TRUE,TRUE,TRUE,2,1,1,1,FALSE,1
"40","40","Uchkaran","NANOOR","Uchkaran","Nanoor","40A",40,40,TRUE,TRUE,TRUE,TRUE,TRUE,1,0,0,0,FALSE,0
"76","76","Rampur","MOHAMMAD BAZAR","Rampur","Mohammad Bazar","76A",76,76,TRUE,TRUE,TRUE,TRUE,TRUE,1,0,0,0,FALSE,0
"114","129","Dunigram","RAMPURHAT - II","Dunigram","Rampurhat-II","114A",114,114,TRUE,TRUE,TRUE,TRUE,TRUE,1,0,0,0,FALSE,0
"19","19","Bipratikuri","LABHPUR","Bipratikuri","Labhpur","19A",19,19,TRUE,TRUE,TRUE,TRUE,TRUE,1,1,1,1,FALSE,1
"91","96","Kendgare","KHYARASOL","Kendgore","Khayrasol","91A",91,91,TRUE,TRUE,FALSE,TRUE,TRUE,1,0,0,0,FALSE,0
"73","73","Kapista","MOHAMMAD BAZAR","Kapista","Mohommad Bazar","73AC",73,73,TRUE,TRUE,TRUE,TRUE,TRUE,1,0,0,0,FALSE,0
"37","37","Kirnahar-II","NANOOR","Kirnahar - II","Nanoor","37A",37,37,TRUE,TRUE,TRUE,TRUE,FALSE,1,0,0,0,FALSE,0
"159","158","Taloan","MAYURESWAR - I","Taloan","Mayuraswar - I","159A",159,159,TRUE,TRUE,TRUE,TRUE,TRUE,2,1,1,1,FALSE,1
"165","164","Satpalsa","MAYURESWAR - II","Satpalsa","Mayuraswar - II","165A",165,165,TRUE,TRUE,TRUE,TRUE,TRUE,1,0,0,0,FALSE,0
"7","7","Sattore","BOLPUR-SRINIKETAN","Sattor","Bolpur Sriniketan","7A",7,7,TRUE,TRUE,FALSE,TRUE,TRUE,1,1,1,1,FALSE,1
"99","79","Chandrapur","RAJNAGAR",,,,,,,FALSE,FALSE,TRUE,TRUE,,,,,,
"134","116","Noapara","NALHATI - II","Noapara","Nalhati - II","134A",134,134,TRUE,TRUE,TRUE,TRUE,TRUE,1,0,0,0,FALSE,0
"51","63","Kendua","SIURI-II","Kendua","Siuri - II","51A",51,51,TRUE,TRUE,TRUE,TRUE,TRUE,2,1,1,1,FALSE,1
"112","127","Bishnupur","RAMPURHAT - II","Bishnupur","Rampurhat-II","112A",112,112,TRUE,TRUE,TRUE,TRUE,TRUE,2,1,1,1,FALSE,1
"85","90","Paduma","DUBRAJPUR","Paduma","Dubrajpur","85A",85,85,TRUE,TRUE,TRUE,TRUE,TRUE,2,1,1,1,FALSE,1
"64","51","Sangra","SAINTHIA","Sangra","Sainthia","64A",64,64,TRUE,TRUE,TRUE,TRUE,TRUE,2,1,1,1,FALSE,1
"103","118","Ayas","RAMPURHAT - I",,,,,,,FALSE,FALSE,FALSE,FALSE,,,,,,
"38","38","Nawanagar-Kodda","NANOOR","Nawanagar Kadda","Nanoor","38A",38,38,TRUE,TRUE,FALSE,TRUE,TRUE,1,0,0,0,FALSE,0
"22","22","Dwarka","LABHPUR","Dwarka","Labhpur","22A",22,22,TRUE,TRUE,TRUE,TRUE,TRUE,2,1,1,1,FALSE,1
"126","109","Kaytha-II","NALHATI - I","Kaytha-II","Nalhati-I","126A",126,126,TRUE,TRUE,TRUE,TRUE,TRUE,1,0,0,0,FALSE,0
"27","27","Labhpur-I","LABHPUR","Labhpur - I","Labhpur","27A",27,27,TRUE,TRUE,TRUE,TRUE,TRUE,1,0,0,0,FALSE,0
"48","60","Abinashpur","SIURI-II","Abinashpur","Siuri - II","48A",48,48,TRUE,TRUE,TRUE,TRUE,TRUE,2,1,1,1,FALSE,1
"14","14","Illambazar","ILLAMBAZAR","Illambazar","Illambazar","14A",14,14,TRUE,TRUE,TRUE,TRUE,TRUE,2,1,1,1,FALSE,1
"54","41","Ahmadpur","SAINTHIA","Ahamedpur","Sainthia","54A",54,54,TRUE,TRUE,FALSE,TRUE,TRUE,1,1,1,1,FALSE,1
"127","110","Kurumgram","NALHATI - I","Kurumgram","Nalhati-I","127A",127,127,TRUE,TRUE,TRUE,TRUE,TRUE,1,0,0,0,FALSE,0
"116","131","Hansan-II","RAMPURHAT - II","Hasan - II","Rampurhat-II","116A",116,116,TRUE,TRUE,FALSE,TRUE,TRUE,1,0,0,0,FALSE,0
"6","6","Sarpalehana-Albandha","BOLPUR-SRINIKETAN","Sarpalehana-Albandha","Bolpur Sriniketan","6A",6,6,TRUE,TRUE,TRUE,TRUE,TRUE,1,0,0,0,FALSE,0
"156","155","Kanachi","MAYURESWAR - I","Kanachi","Mayuraswar - I","156AC",156,156,TRUE,TRUE,TRUE,TRUE,TRUE,1,0,0,0,FALSE,0
"150","149","Rudranagar","MURARAI - II","Rudranagar Gram","Murarai - II","150AC",150,150,TRUE,TRUE,FALSE,FALSE,FALSE,1,0,0,0,FALSE,0
"152","151","Baraturigram","MAYURESWAR - I","Baraturigram","Mayuraswar - I","152A",152,152,TRUE,TRUE,TRUE,TRUE,TRUE,2,1,1,1,FALSE,1
"161","160","Dekha","MAYURESWAR - II","Dheka","Mayuraswar - II","161A",161,161,TRUE,TRUE,FALSE,TRUE,TRUE,1,0,0,0,FALSE,0
"121","104","Barla","NALHATI - I","Barla","Nalhati-I","121A",121,121,TRUE,TRUE,TRUE,TRUE,TRUE,2,1,1,1,FALSE,1
"9","9","Sionmuluk","BOLPUR-SRINIKETAN","Sion Muluk","Bolpur Srinikatn","9A",9,9,TRUE,TRUE,TRUE,TRUE,TRUE,1,0,0,0,FALSE,0
"26","26","Kurnahar","LABHPUR","Kurunhar","Labhpur","26A",26,26,TRUE,TRUE,FALSE,TRUE,TRUE,1,0,0,0,FALSE,0
"60","47","Harisara","SAINTHIA","Harisara","Sainthia","60AC",60,60,TRUE,TRUE,TRUE,TRUE,TRUE,2,1,1,1,FALSE,1
"25","25","Jamna","LABHPUR","Jamna","Labhpur","25A",25,25,TRUE,TRUE,TRUE,TRUE,TRUE,1,1,1,1,FALSE,1
"55","42","Amarpur","SAINTHIA","Amarpur","Sainthia","55A",55,55,TRUE,TRUE,TRUE,TRUE,TRUE,1,0,0,0,FALSE,0
"23","23","Hatia","LABHPUR","Hatia","Labhpur","23A",23,23,TRUE,TRUE,TRUE,TRUE,TRUE,2,1,1,1,FALSE,1
"17","17","Nanasole","ILLAMBAZAR","Nanasol","Illambazar","17A",17,17,TRUE,TRUE,FALSE,TRUE,TRUE,1,1,1,1,FALSE,1
"71","71","Ganpur","MOHAMMAD BAZAR","Gonpur","Mohommad Bazar","71A",71,70,FALSE,TRUE,FALSE,TRUE,TRUE,1,0,0,0,FALSE,0
"115","130","Hansan-I","RAMPURHAT - II","Hasan-I","Rampurhat-II","115A",115,115,TRUE,TRUE,FALSE,TRUE,TRUE,2,1,1,1,FALSE,1
"101","81","Rajnagar","RAJNAGAR","Rajnagar","Rajnagar","101A",101,101,TRUE,TRUE,TRUE,TRUE,TRUE,2,1,1,1,FALSE,1
"132","114","Bhadrapur-I","NALHATI - II","Bhadrapur - I","Nalhati - II","132A",132,132,TRUE,TRUE,TRUE,TRUE,TRUE,1,0,0,0,FALSE,0
"69","69","Charicha","MOHAMMAD BAZAR","Charicha","Mohammad Bazar","69A",69,69,TRUE,TRUE,TRUE,TRUE,TRUE,1,0,0,0,FALSE,0
"58","45","Deriapur","SAINTHIA","Deriapur","Sainthia","58A",58,58,TRUE,TRUE,TRUE,TRUE,TRUE,1,0,0,0,FALSE,0
"53","65","Purandarpur","SIURI-II","Purandarpur","Siuri - II","53A",53,53,TRUE,TRUE,TRUE,TRUE,TRUE,2,1,1,1,FALSE,1
"118","133","Margram-I","RAMPURHAT - II","Margram-I","Rampurhat-II","118A",118,118,TRUE,TRUE,TRUE,TRUE,TRUE,1,0,0,0,FALSE,0
"80","85","Gohaliara","DUBRAJPUR","Gohaliara","Dubrajpur","80A",80,80,TRUE,TRUE,TRUE,TRUE,TRUE,1,1,0,1,TRUE,
"89","94","Barrah","KHYARASOL","Barra","Khayrasol","89A",89,89,TRUE,TRUE,FALSE,TRUE,TRUE,1,0,0,0,FALSE,0
"104","119","Banhat","RAMPURHAT - I","Bonhat","Rampurhat-I","104A",104,104,TRUE,TRUE,FALSE,TRUE,TRUE,2,1,1,1,FALSE,1
