"gpnum","gpnamep","blockp"
"1","BAHIRI PANCHSORA","BOLPUR-SRINIKETAN"
"2","KANKALITALA","BOLPUR-SRINIKETAN"
"3","KASBA","BOLPUR-SRINIKETAN"
"4","RAIPUR-SUPUR","BOLPUR-SRINIKETAN"
"5","RUPPUR","BOLPUR-SRINIKETAN"
"6","SARPALEHANA-ALBANDHA","BOLPUR-SRINIKETAN"
"7","SATTORA","BOLPUR-SRINIKETAN"
"8","SINGHEE","BOLPUR-SRINIKETAN"
"9","SIONMULUK","BOLPUR-SRINIKETAN"
"10","BATIKAR","ILLAMBAZAR"
"11","BILATI","ILLAMBAZAR"
"12","DHARAMPUR","ILLAMBAZAR"
"13","GHURISHA","ILLAMBAZAR"
"14","ILLAMBAZAR","ILLAMBAZAR"
"15","JOYDEB-KENDULI","ILLAMBAZAR"
"16","MONGOLDIHI","ILLAMBAZAR"
"17","NANASOLE","ILLAMBAZAR"
"18","SIRSA","ILLAMBAZAR"
"19","BIPRATIKURI","LABHPUR"
"20","CHOUJATTA-MOHODAHI - I","LABHPUR"
"21","CHOUJATTA-MOHODAHI - II","LABHPUR"
"22","DWARKA","LABHPUR"
"23","HATIA","LABHPUR"
"24","INDUS","LABHPUR"
"25","JAMNA","LABHPUR"
"26","KURUNHAR","LABHPUR"
"27","LABPUR-I","LABHPUR"
"28","LABPUR-II","LABHPUR"
"29","THIBA","LABHPUR"
"30","BARAH-SAOTA","NANOOR"
"31","CHARKALGRAM","NANOOR"
"32","CHANDIDAS NANOOR","NANOOR"
"33","DASKALGRAM-KAREYA-I","NANOOR"
"34","DASKALGRAM-KAREYA-II","NANOOR"
"35","JALUNDI","NANOOR"
"36","KIRNAHAR-I","NANOOR"
"37","KIRNAHAR II","NANOOR"
"38","NAWANGAR KADDA","NANOOR"
"39","THUPSARA","NANOOR"
"40","UCHKARAN","NANOOR"
"41","BALIJURI","DUBRAJPUR"
"42","CHINPAI","DUBRAJPUR"
"43","GOHALIARA","DUBRAJPUR"
"44","HETAM PUR","DUBRAJPUR"
"45","JASHPUR","DUBRAJPUR"
"46","LAKSHMINARAYANPUR","DUBRAJPUR"
"47","LOBA","DUBRAJPUR"
"48","PADUMA","DUBRAJPUR"
"49","PARULIA","DUBRAJPUR"
"50","SAHAPUR","DUBRAJPUR"
"51","BABUIJOR","KHAYRASOL"
"52","BARRA","KHAYRASOL"
"53","HIJRATPUR","KHAYRASOL"
"54","KENDGARE","KHAYRASOL"
"55","KHAYRASOL","KHAYRASOL"
"56","LOKEPUR","KHAYRASOL"
"57","NAKRAKONDA","KHAYRASOL"
"58","PANCHARA","KHAYRASOL"
"59","PARSUNDI","KHAYRASOL"
"60","RUPASPUR","KHAYRASOL"
"61","ANGARGERIA","MAHAMMADBAZAR"
"62","BHARKATA","MAHAMMADBAZAR"
"63","BHUTURA","MAHAMMADBAZAR"
"64","CHARICHA","MAHAMMADBAZAR"
"65","DOUCHA","MAHAMMADBAZAR"
"66","GONPUR","MAHAMMADBAZAR"
"67","HINGLO","MAHAMMADBAZAR"
"68","KAPISTHA","MAHAMMADBAZAR"
"69","MAHAMMADBAZAR","MAHAMMADBAZAR"
"70","PURANAGRAM","MAHAMMADBAZAR"
"71","RAMPUR","MAHAMMADBAZAR"
"72","SEKEDDA","MAHAMMADBAZAR"
"73","BHABANIPUR","RAJNAGAR"
"74","CHANDRAPUR","RAJNAGAR"
"75","GANGMURI-JAIPUR","RAJNAGAR"
"76","RAJNAGAR","RAJNAGAR"
"77","TANTIPARA","RAJNAGAR"
"78","AHAMADPUR","SAINTHIA"
"79","AMARPUR","SAINTHIA"
"80","BANAGRAM","SAINTHIA"
"81","BHRAMARKOLE","SAINTHIA"
"82","DERIAPUR","SAINTHIA"
"83","FULUR","SAINTHIA"
"84","HARISARA","SAINTHIA"
"85","HATHORA","SAINTHIA"
"86","MATHPALSA","SAINTHIA"
"87","PANRUI","SAINTHIA"
"88","SANGRA","SAINTHIA"
"89","SRINIDHIPUR","SAINTHIA"
"90","ALUNDA","SURI - I"
"91","BHURKUNA","SURI - I"
"92","NAGARI","SURI - I"
"93","KARIDHYA","SURI - I"
"94","KHATANGA","SURI - I"
"95","MALLIK PUR","SURI - I"
"96","TILPARA","SURI - I"
"97","AVINASHPUR","SURI - II"
"98","BANSANKA","SURI - II"
"99","DAMDAMA","SURI - II"
"100","KENDUA","SURI - II"
"101","KOMA","SURI - II"
"102","PURANDARPUR","SURI - II"
"103","BAJITPUR","MAYURESWAR - I"
"104","BARATURIGRAM","MAYURESWAR - I"
"105","DABUK","MAYURESWAR - I"
"106","DAKHINGRAM","MAYURESWAR - I"
"107","JHIKADDA","MAYURESWAR - I"
"108","KANACHI","MAYURESWAR - I"
"109","MALLARPUR-I","MAYURESWAR - I"
"110","MALLARPUR-II","MAYURESWAR - I"
"111","TALOAN","MAYURESWAR - I"
"112","DASPALSA","MAYURESWAR - II"
"113","DHEKA","MAYURESWAR - II"
"114","KALESWER","MAYURESWAR - II"
"115","KUNDALA","MAYURESWAR - II"
"116","MAYURESWER","MAYURESWAR - II"
"117","SATPALSA","MAYURESWAR - II"
"118","ULKUNDA","MAYURESWAR - II"
"119","CHATRA","MURARAI - I"
"120","DUMURGRAM","MURARAI - I"
"121","GORSHA","MURARAI - I"
"122","MAHURAPUR","MURARAI - I"
"123","MURARAI","MURARAI - I"
"124","PALSA","MURARAI - I"
"125","RAIGRAM","MURARAI - I"
"126","AMDOLE","MURARAI - II"
"127","JAJIGRAM","MURARAI - II"
"128","KUSHMOR-I","MURARAI - II"
"129","KUSHMOR-II","MURARAI - II"
"130","MITRAPUR","MURARAI - II"
"131","NANDIGRAM","MURARAI - II"
"132","PAIKOR","MURARAI - II"
"133","RUDRABAGAR","MURARAI - II"
"134","BANIOR","NALHATI - I"
"135","BARLA","NALHATI - I"
"136","BAUTIA","NALHATI - I"
"137","HARIDASPUR","NALHATI - I"
"138","KALITHA","NALHATI - I"
"139","KAYTHA - I","NALHATI - I"
"140","KAYTHA - II","NALHATI - I"
"141","KURUMGRAM","NALHATI - I"
"142","NALHATI-I",""
"143","PAIKPARA","NALHATI - I"
"144","BARA-I","NALHATI - I"
"145","BARA-II","NALHATI - II"
"146","BHADRAPUR - I","NALHATI - II"
"147","BHADRAPUR - II","NALHATI - II"
"148","NOAPARA","NALHATI - II"
"149","SITALGRAM","NALHATI - II"
"150","AYAS","RAMPURHAT - I"
"151","BANHAT","RAMPURHAT - I"
"152","BARSAL","RAMPURHAT - I"
"153","DAKHAL BATI","RAMPURHAT - I"
"154","KASHTHAGARA","RAMPURHAT - I"
"155","KHARUN","RAMPURHAT - I"
"156","KUSUMBA","RAMPURHAT - I"
"157","MASRA","RAMPURHAT - I"
"158","NARAYANPUR","RAMPURHAT - I"
"159","BISHNUPUR","RAMPURHAT - II"
"160","BUDHIGRAM","RAMPURHAT - II"
"161","DUNIGRAM","RAMPURHAT - II"
"162","HANSON-I","RAMPURHAT - II"
"163","HANSON-II","RAMPURHAT - II"
"164","KALUHA","RAMPURHAT - II"
"165","MARGRAM - I","RAMPURHAT - II"
"166","SAHAPUR","RAMPURHAT - II"
