"gpnum","villnum","villname","jlnum","blckp","dubdiv","gpnamep","blockp","missing_village_name"
"1","1","PANCHSORA",142,"BOLPUR-SRINIKETAN","BOLPUR","BAHIRI PANCHSORA","BOLPUR-SRINIKETAN",FALSE
"1","2","JADUPUR",141,"BOLPUR-SRINIKETAN","BOLPUR","BAHIRI PANCHSORA","BOLPUR-SRINIKETAN",FALSE
"1","3","MADHYA KHARA",150,"BOLPUR-SRINIKETAN","BOLPUR","BAHIRI PANCHSORA","BOLPUR-SRINIKETAN",FALSE
"2","1","KUCHLI",85,"BOLPUR-SRINIKETAN","BOLPUR","KANKALITALA","BOLPUR-SRINIKETAN",FALSE
"2","2","KARPATIKURI",75,"BOLPUR-SRINIKETAN","BOLPUR","KANKALITALA","BOLPUR-SRINIKETAN",FALSE
"2","3","SANGRI MAHULA",79,"BOLPUR-SRINIKETAN","BOLPUR","KANKALITALA","BOLPUR-SRINIKETAN",FALSE
"3","1","KASBA",16,"BOLPUR-SRINIKETAN","BOLPUR","KASBA","BOLPUR-SRINIKETAN",FALSE
"3","2","KHIRULI",40,"BOLPUR-SRINIKETAN","BOLPUR","KASBA","BOLPUR-SRINIKETAN",FALSE
"3","3","KAMARDANGA",19,"BOLPUR-SRINIKETAN","BOLPUR","KASBA","BOLPUR-SRINIKETAN",FALSE
"4","1","",,"BOLPUR-SRINIKETAN","BOLPUR","RAIPUR-SUPUR","BOLPUR-SRINIKETAN",TRUE
"4","2","",,"BOLPUR-SRINIKETAN","BOLPUR","RAIPUR-SUPUR","BOLPUR-SRINIKETAN",TRUE
"4","3","",,"BOLPUR-SRINIKETAN","BOLPUR","RAIPUR-SUPUR","BOLPUR-SRINIKETAN",TRUE
"5","1","",,"BOLPUR-SRINIKETAN","BOLPUR","RUPPUR","BOLPUR-SRINIKETAN",TRUE
"5","2","",,"BOLPUR-SRINIKETAN","BOLPUR","RUPPUR","BOLPUR-SRINIKETAN",TRUE
"5","3","",,"BOLPUR-SRINIKETAN","BOLPUR","RUPPUR","BOLPUR-SRINIKETAN",TRUE
"6","1","KEUDAHA",81,"BOLPUR-SRINIKETAN","BOLPUR","SARPALEHANA-ALBANDHA","BOLPUR-SRINIKETAN",FALSE
"6","2","LALDAHA",76,"BOLPUR-SRINIKETAN","BOLPUR","SARPALEHANA-ALBANDHA","BOLPUR-SRINIKETAN",FALSE
"6","3","DAMDAMA",27,"BOLPUR-SRINIKETAN","BOLPUR","SARPALEHANA-ALBANDHA","BOLPUR-SRINIKETAN",FALSE
"7","1","SATTORA",,"BOLPUR-SRINIKETAN","BOLPUR","SATTORA","BOLPUR-SRINIKETAN",FALSE
"7","2","BERAMARI",6,"BOLPUR-SRINIKETAN","BOLPUR","SATTORA","BOLPUR-SRINIKETAN",FALSE
"7","3","SHUNUTIA",11,"BOLPUR-SRINIKETAN","BOLPUR","SATTORA","BOLPUR-SRINIKETAN",FALSE
"8","1","BORODIHA",158,"BOLPUR-SRINIKETAN","BOLPUR","SINGHEE","BOLPUR-SRINIKETAN",FALSE
"8","2","AMDHARA",159,"BOLPUR-SRINIKETAN","BOLPUR","SINGHEE","BOLPUR-SRINIKETAN",FALSE
"8","3","NAHINA",161,"BOLPUR-SRINIKETAN","BOLPUR","SINGHEE","BOLPUR-SRINIKETAN",FALSE
"9","1","DURGAPUR",143,"BOLPUR-SRINIKETAN","BOLPUR","SIONMULUK","BOLPUR-SRINIKETAN",FALSE
"9","2","GOBINDAPUR",126,"BOLPUR-SRINIKETAN","BOLPUR","SIONMULUK","BOLPUR-SRINIKETAN",FALSE
"9","3","GAYESHPUR",122,"BOLPUR-SRINIKETAN","BOLPUR","SIONMULUK","BOLPUR-SRINIKETAN",FALSE
"10","1","BATIKOR",2,"ILLAMBAZAR","BOLPUR","BATIKAR","ILLAMBAZAR",FALSE
"10","2","KHUSTIKURI",17,"ILLAMBAZAR","BOLPUR","BATIKAR","ILLAMBAZAR",FALSE
"10","3","PALSA",9,"ILLAMBAZAR","BOLPUR","BATIKAR","ILLAMBAZAR",FALSE
"11","1","NACHAN SAHA",113,"ILLAMBAZAR","BOLPUR","BILATI","ILLAMBAZAR",FALSE
"11","2","DHALLA",119,"ILLAMBAZAR","BOLPUR","BILATI","ILLAMBAZAR",FALSE
"11","3","PURBANARAYANPUR",114,"ILLAMBAZAR","BOLPUR","BILATI","ILLAMBAZAR",FALSE
"12","1","RAKONA",45,"ILLAMBAZAR","BOLPUR","DHARAMPUR","ILLAMBAZAR",FALSE
"12","2","NANDER",11,"ILLAMBAZAR","BOLPUR","DHARAMPUR","ILLAMBAZAR",FALSE
"12","3","DELORA",42,"ILLAMBAZAR","BOLPUR","DHARAMPUR","ILLAMBAZAR",FALSE
"13","1","NARAYANPUR",77,"ILLAMBAZAR","BOLPUR","GHURISHA","ILLAMBAZAR",FALSE
"13","2","BHARATPUR",79,"ILLAMBAZAR","BOLPUR","GHURISHA","ILLAMBAZAR",FALSE
"13","3","ICHAPUR",82,"ILLAMBAZAR","BOLPUR","GHURISHA","ILLAMBAZAR",FALSE
"14","1","",,"ILLAMBAZAR","BOLPUR","ILLAMBAZAR","ILLAMBAZAR",TRUE
"14","2","",,"ILLAMBAZAR","BOLPUR","ILLAMBAZAR","ILLAMBAZAR",TRUE
"14","3","",,"ILLAMBAZAR","BOLPUR","ILLAMBAZAR","ILLAMBAZAR",TRUE
"15","1","",,"ILLAMBAZAR","BOLPUR","JOYDEB-KENDULI","ILLAMBAZAR",TRUE
"15","2","",,"ILLAMBAZAR","BOLPUR","JOYDEB-KENDULI","ILLAMBAZAR",TRUE
"15","3","",,"ILLAMBAZAR","BOLPUR","JOYDEB-KENDULI","ILLAMBAZAR",TRUE
"16","1","CHOUMONDOLPUR",27,"ILLAMBAZAR","BOLPUR","MONGOLDIHI","ILLAMBAZAR",FALSE
"16","2","JAKI PUR",24,"ILLAMBAZAR","BOLPUR","MONGOLDIHI","ILLAMBAZAR",FALSE
"16","3","MONGOL DIHI",22,"ILLAMBAZAR","BOLPUR","MONGOLDIHI","ILLAMBAZAR",FALSE
"17","1","NAWAGRAM",96,"ILLAMBAZAR","BOLPUR","NANASOLE","ILLAMBAZAR",FALSE
"17","2","PACHIARA",106,"ILLAMBAZAR","BOLPUR","NANASOLE","ILLAMBAZAR",FALSE
"17","3","JALAL NAGAR",102,"ILLAMBAZAR","BOLPUR","NANASOLE","ILLAMBAZAR",FALSE
"18","1","SIRSA",56,"ILLAMBAZAR","BOLPUR","SIRSA","ILLAMBAZAR",FALSE
"18","2","CHALK RASIK",58,"ILLAMBAZAR","BOLPUR","SIRSA","ILLAMBAZAR",FALSE
"18","3","TARAPUR",50,"ILLAMBAZAR","BOLPUR","SIRSA","ILLAMBAZAR",FALSE
"19","1","MATIPUR",48,"LABHPUR","BOLPUR","BIPRATIKURI","LABHPUR",FALSE
"19","2","KASHIARA",62,"LABHPUR","BOLPUR","BIPRATIKURI","LABHPUR",FALSE
"19","3","KURUMBA",58,"LABHPUR","BOLPUR","BIPRATIKURI","LABHPUR",FALSE
"20","1","SHEKHAMPUR",84,"LABHPUR","BOLPUR","CHOUJATTA-MOHODAHI - I","LABHPUR",FALSE
"20","2","GOPDIGHI",86,"LABHPUR","BOLPUR","CHOUJATTA-MOHODAHI - I","LABHPUR",FALSE
"20","3","RAJARAMPUR",22,"LABHPUR","BOLPUR","CHOUJATTA-MOHODAHI - I","LABHPUR",FALSE
"21","1","BHERIA",34,"LABHPUR","BOLPUR","CHOUJATTA-MOHODAHI - II","LABHPUR",FALSE
"21","2","LANGOL GRAM",44,"LABHPUR","BOLPUR","CHOUJATTA-MOHODAHI - II","LABHPUR",FALSE
"21","3","UTTARPARA",42,"LABHPUR","BOLPUR","CHOUJATTA-MOHODAHI - II","LABHPUR",FALSE
"22","1","PANCHPARA",144,"LABHPUR","BOLPUR","DWARKA","LABHPUR",FALSE
"22","2","MIAPUR",143,"LABHPUR","BOLPUR","DWARKA","LABHPUR",FALSE
"22","3","EGURIA",140,"LABHPUR","BOLPUR","DWARKA","LABHPUR",FALSE
"23","1","TORULIA",9,"LABHPUR","BOLPUR","HATIA","LABHPUR",FALSE
"23","2","KAMADPUR",12,"LABHPUR","BOLPUR","HATIA","LABHPUR",FALSE
"23","3","LAGHOSA",10,"LABHPUR","BOLPUR","HATIA","LABHPUR",FALSE
"24","1","KADIPUR",79,"LABHPUR","BOLPUR","INDUS","LABHPUR",FALSE
"24","2","KATUL GHOSHA",108,"LABHPUR","BOLPUR","INDUS","LABHPUR",FALSE
"24","3","INDUS",52,"LABHPUR","BOLPUR","INDUS","LABHPUR",FALSE
"25","1","JAMNA",162,"LABHPUR","BOLPUR","JAMNA","LABHPUR",FALSE
"25","2","JAMNA",155,"LABHPUR","BOLPUR","JAMNA","LABHPUR",FALSE
"25","3","JAMNA",176,"LABHPUR","BOLPUR","JAMNA","LABHPUR",FALSE
"26","1","KURUNNAHAR",148,"LABHPUR","BOLPUR","KURUNHAR","LABHPUR",FALSE
"26","2","GALAICHANDI",113,"LABHPUR","BOLPUR","KURUNHAR","LABHPUR",FALSE
"26","3","MURUGRAM",147,"LABHPUR","BOLPUR","KURUNHAR","LABHPUR",FALSE
"27","1","LAGHOTA",102,"LABHPUR","BOLPUR","LABPUR-I","LABHPUR",FALSE
"27","2","SONA CHITURAJL",119,"LABHPUR","BOLPUR","LABPUR-I","LABHPUR",FALSE
"27","3","MASTALI",83,"LABHPUR","BOLPUR","LABPUR-I","LABHPUR",FALSE
"28","1","KAMARNATH",135,"LABHPUR","BOLPUR","LABPUR-II","LABHPUR",FALSE
"28","2","MANPUR",124,"LABHPUR","BOLPUR","LABPUR-II","LABHPUR",FALSE
"28","3","GHATTOR",96,"LABHPUR","BOLPUR","LABPUR-II","LABHPUR",FALSE
"29","1","KANDAAARKULA",151,"LABHPUR","BOLPUR","THIBA","LABHPUR",FALSE
"29","2","THIBA",150,"LABHPUR","BOLPUR","THIBA","LABHPUR",FALSE
"29","3","JOYCHANDPUR",173,"LABHPUR","BOLPUR","THIBA","LABHPUR",FALSE
"30","1","BARAH SAATA",46,"NANOOR","BOLPUR","BARAH-SAOTA","NANOOR",FALSE
"30","2","DONGRA",40,"NANOOR","BOLPUR","BARAH-SAOTA","NANOOR",FALSE
"30","3","SAOTA",59,"NANOOR","BOLPUR","BARAH-SAOTA","NANOOR",FALSE
"31","1","CHARKALGRAM",52,"NANOOR","BOLPUR","CHARKALGRAM","NANOOR",FALSE
"31","2","CHARKOL MURUNDI",54,"NANOOR","BOLPUR","CHARKALGRAM","NANOOR",FALSE
"31","3","PILKUNDI",77,"NANOOR","BOLPUR","CHARKALGRAM","NANOOR",FALSE
"32","1","NANOOR",65,"NANOOR","BOLPUR","CHANDIDAS NANOOR","NANOOR",FALSE
"32","2","BERGAM",66,"NANOOR","BOLPUR","CHANDIDAS NANOOR","NANOOR",FALSE
"32","3","UKRUNDI",60,"NANOOR","BOLPUR","CHANDIDAS NANOOR","NANOOR",FALSE
"33","1","KALIKAPUR",6,"NANOOR","BOLPUR","DASKALGRAM-KAREYA-I","NANOOR",FALSE
"33","2","DASKALGRAM",10,"NANOOR","BOLPUR","DASKALGRAM-KAREYA-I","NANOOR",FALSE
"33","3","SHASPUR",16,"NANOOR","BOLPUR","DASKALGRAM-KAREYA-I","NANOOR",FALSE
"34","1","KAREYA",19,"NANOOR","BOLPUR","DASKALGRAM-KAREYA-II","NANOOR",FALSE
"34","2","PATNIL",12,"NANOOR","BOLPUR","DASKALGRAM-KAREYA-II","NANOOR",FALSE
"34","3","DEBAGRAM",15,"NANOOR","BOLPUR","DASKALGRAM-KAREYA-II","NANOOR",FALSE
"35","1","NAODA",113,"NANOOR","BOLPUR","JALUNDI","NANOOR",FALSE
"35","2","PALITA",89,"NANOOR","BOLPUR","JALUNDI","NANOOR",FALSE
"35","3","BHETER",88,"NANOOR","BOLPUR","JALUNDI","NANOOR",FALSE
"36","1","KIRNAHAR",20,"NANOOR","BOLPUR","KIRNAHAR-I","NANOOR",FALSE
"36","2","MAHESH GRAM",3,"NANOOR","BOLPUR","KIRNAHAR-I","NANOOR",FALSE
"36","3","NIMRA",2,"NANOOR","BOLPUR","KIRNAHAR-I","NANOOR",FALSE
"37","1","MADHPUR",31,"NANOOR","BOLPUR","KIRNAHAR II","NANOOR",FALSE
"37","2","NAGDIHI",26,"NANOOR","BOLPUR","KIRNAHAR II","NANOOR",FALSE
"37","3","AKUPUR",23,"NANOOR","BOLPUR","KIRNAHAR II","NANOOR",FALSE
"38","1","SIRAJPUR",113,"NANOOR","BOLPUR","NAWANGAR KADDA","NANOOR",FALSE
"38","2","CHHATINGRAM",126,"NANOOR","BOLPUR","NAWANGAR KADDA","NANOOR",FALSE
"38","3","NAWANAGAR",110,"NANOOR","BOLPUR","NAWANGAR KADDA","NANOOR",FALSE
"39","1","THUP SARA",125,"NANOOR","BOLPUR","THUPSARA","NANOOR",FALSE
"39","2","ATKULA",112,"NANOOR","BOLPUR","THUPSARA","NANOOR",FALSE
"39","3","RAMKRISHNAPUR",120,"NANOOR","BOLPUR","THUPSARA","NANOOR",FALSE
"40","1","BALISHWAR",93,"NANOOR","BOLPUR","UCHKARAN","NANOOR",FALSE
"40","2","MUTIN",73,"NANOOR","BOLPUR","UCHKARAN","NANOOR",FALSE
"40","3","PUNDRA",75,"NANOOR","BOLPUR","UCHKARAN","NANOOR",FALSE
"41","1","KUKHUTIA",17,"DUBRAJPUR","SURI","BALIJURI","DUBRAJPUR",FALSE
"41","2","CHANDI PUR",119,"DUBRAJPUR","SURI","BALIJURI","DUBRAJPUR",FALSE
"41","3","KAMAL  PUR",115,"DUBRAJPUR","SURI","BALIJURI","DUBRAJPUR",FALSE
"42","1","NARAYANPUR",91,"DUBRAJPUR","SURI","CHINPAI","DUBRAJPUR",FALSE
"42","2","BANDERSHOL",100,"DUBRAJPUR","SURI","CHINPAI","DUBRAJPUR",FALSE
"42","3","RADHAMADHABPUR",88,"DUBRAJPUR","SURI","CHINPAI","DUBRAJPUR",FALSE
"43","1","METELA",58,"DUBRAJPUR","SURI","GOHALIARA","DUBRAJPUR",FALSE
"43","2","DEDAHA",37,"DUBRAJPUR","SURI","GOHALIARA","DUBRAJPUR",FALSE
"43","3","LAMIPUR",40,"DUBRAJPUR","SURI","GOHALIARA","DUBRAJPUR",FALSE
"44","1","ASATGUNGE",144,"DUBRAJPUR","SURI","HETAM PUR","DUBRAJPUR",FALSE
"44","2","HETAMPUR",131,"DUBRAJPUR","SURI","HETAM PUR","DUBRAJPUR",FALSE
"44","3","ANDHERBARI",141,"DUBRAJPUR","SURI","HETAM PUR","DUBRAJPUR",FALSE
"45","1","PACHHIARA",168,"DUBRAJPUR","SURI","JASHPUR","DUBRAJPUR",FALSE
"45","2","KORATURI",175,"DUBRAJPUR","SURI","JASHPUR","DUBRAJPUR",FALSE
"45","3","BARA SALUNCHI",221,"DUBRAJPUR","SURI","JASHPUR","DUBRAJPUR",FALSE
"46","1","PANDITPUR",111,"DUBRAJPUR","SURI","LAKSHMINARAYANPUR","DUBRAJPUR",FALSE
"46","2","GANDIBA",48,"DUBRAJPUR","SURI","LAKSHMINARAYANPUR","DUBRAJPUR",FALSE
"46","3","KURALJORI",6,"DUBRAJPUR","SURI","LAKSHMINARAYANPUR","DUBRAJPUR",FALSE
"47","1","PAALASHDANGA",154,"DUBRAJPUR","SURI","LOBA","DUBRAJPUR",FALSE
"47","2","METEGRAM",152,"DUBRAJPUR","SURI","LOBA","DUBRAJPUR",FALSE
"47","3","KAMAL  PUR",159,"DUBRAJPUR","SURI","LOBA","DUBRAJPUR",FALSE
"48","1","KHANDAGRAM",212,"DUBRAJPUR","SURI","PADUMA","DUBRAJPUR",FALSE
"48","2","GANRA",206,"DUBRAJPUR","SURI","PADUMA","DUBRAJPUR",FALSE
"48","3","KANDIGHI",205,"DUBRAJPUR","SURI","PADUMA","DUBRAJPUR",FALSE
"49","1","HAZRAPUR",71,"DUBRAJPUR","SURI","PARULIA","DUBRAJPUR",FALSE
"49","2","JAMTHALIA",74,"DUBRAJPUR","SURI","PARULIA","DUBRAJPUR",FALSE
"49","3","KALASONA",79,"DUBRAJPUR","SURI","PARULIA","DUBRAJPUR",FALSE
"50","1","JATRA",223,"DUBRAJPUR","SURI","SAHAPUR","DUBRAJPUR",FALSE
"50","2","BARAGUNSUMA",226,"DUBRAJPUR","SURI","SAHAPUR","DUBRAJPUR",FALSE
"50","3","NAMASAHAPUR",187,"DUBRAJPUR","SURI","SAHAPUR","DUBRAJPUR",FALSE
"51","1","GERUAPHARI",74,"KHAYRASOL","SURI","BABUIJOR","KHAYRASOL",FALSE
"51","2","KESA",69,"KHAYRASOL","SURI","BABUIJOR","KHAYRASOL",FALSE
"51","3","BANSAYAR",73,"KHAYRASOL","SURI","BABUIJOR","KHAYRASOL",FALSE
"52","1","KOITHI",98,"KHAYRASOL","SURI","BARRA","KHAYRASOL",FALSE
"52","2","KONKARTALA",102,"KHAYRASOL","SURI","BARRA","KHAYRASOL",FALSE
"52","3","BARRA",82,"KHAYRASOL","SURI","BARRA","KHAYRASOL",FALSE
"53","1","SAHAPUR",109,"KHAYRASOL","SURI","HIJRATPUR","KHAYRASOL",FALSE
"53","2","RASA",107,"KHAYRASOL","SURI","HIJRATPUR","KHAYRASOL",FALSE
"53","3","MUNDIRA",110,"KHAYRASOL","SURI","HIJRATPUR","KHAYRASOL",FALSE
"54","1","KRISHNAPUR",114,"KHAYRASOL","SURI","KENDGARE","KHAYRASOL",FALSE
"54","2","MAMUDPUR",115,"KHAYRASOL","SURI","KENDGARE","KHAYRASOL",FALSE
"54","3","CHURAR",137,"KHAYRASOL","SURI","KENDGARE","KHAYRASOL",FALSE
"55","1","MAINADAL",134,"KHAYRASOL","SURI","KHAYRASOL","KHAYRASOL",FALSE
"55","2","KHAYRASOL",130,"KHAYRASOL","SURI","KHAYRASOL","KHAYRASOL",FALSE
"55","3","SARSA",122,"KHAYRASOL","SURI","KHAYRASOL","KHAYRASOL",FALSE
"56","1","BUDPUR",11,"KHAYRASOL","SURI","LOKEPUR","KHAYRASOL",FALSE
"56","2","ALIAT",8,"KHAYRASOL","SURI","LOKEPUR","KHAYRASOL",FALSE
"56","3","DHASUNIA",2,"KHAYRASOL","SURI","LOKEPUR","KHAYRASOL",FALSE
"57","1","KHARIKABAD",49,"KHAYRASOL","SURI","NAKRAKONDA","KHAYRASOL",FALSE
"57","2","NAKRAKONDA",126,"KHAYRASOL","SURI","NAKRAKONDA","KHAYRASOL",FALSE
"57","3","SERMARE",127,"KHAYRASOL","SURI","NAKRAKONDA","KHAYRASOL",FALSE
"58","1","RANIPATHAR",155,"KHAYRASOL","SURI","PANCHARA","KHAYRASOL",FALSE
"58","2","BAHADUR PUR",164,"KHAYRASOL","SURI","PANCHARA","KHAYRASOL",FALSE
"58","3","LABHARSOL",165,"KHAYRASOL","SURI","PANCHARA","KHAYRASOL",FALSE
"59","1","VELERI",89,"KHAYRASOL","SURI","PARSUNDI","KHAYRASOL",FALSE
"59","2","JAMALPUR",92,"KHAYRASOL","SURI","PARSUNDI","KHAYRASOL",FALSE
"59","3","ARJUNSULI",83,"KHAYRASOL","SURI","PARSUNDI","KHAYRASOL",FALSE
"60","1","CHUAGARH",39,"KHAYRASOL","SURI","RUPASPUR","KHAYRASOL",FALSE
"60","2","JAHID PUR",52,"KHAYRASOL","SURI","RUPASPUR","KHAYRASOL",FALSE
"60","3","DAMURIA",26,"KHAYRASOL","SURI","RUPASPUR","KHAYRASOL",FALSE
"61","1","ANGARGARIA",143,"MAHAMMADBAZAR","SURI","ANGARGERIA","MAHAMMADBAZAR",FALSE
"61","2","ASENGA",156,"MAHAMMADBAZAR","SURI","ANGARGERIA","MAHAMMADBAZAR",FALSE
"61","3","KABIL PUR",151,"MAHAMMADBAZAR","SURI","ANGARGERIA","MAHAMMADBAZAR",FALSE
"62","1","HARIDAS PUR",5,"MAHAMMADBAZAR","SURI","BHARKATA","MAHAMMADBAZAR",FALSE
"62","2","CHANDO",2,"MAHAMMADBAZAR","SURI","BHARKATA","MAHAMMADBAZAR",FALSE
"62","3","CHAKROYPUR",10,"MAHAMMADBAZAR","SURI","BHARKATA","MAHAMMADBAZAR",FALSE
"63","1","MALADANGAQ",112,"MAHAMMADBAZAR","SURI","BHUTURA","MAHAMMADBAZAR",FALSE
"63","2","SAHORAKURI",111,"MAHAMMADBAZAR","SURI","BHUTURA","MAHAMMADBAZAR",FALSE
"63","3","NARASINGHAPUR",137,"MAHAMMADBAZAR","SURI","BHUTURA","MAHAMMADBAZAR",FALSE
"64","1","BAIDHYANATHPUR",90,"MAHAMMADBAZAR","SURI","CHARICHA","MAHAMMADBAZAR",FALSE
"64","2","TANGSULI",93,"MAHAMMADBAZAR","SURI","CHARICHA","MAHAMMADBAZAR",FALSE
"64","3","CHARICHA RAGHU BOROPUR",100,"MAHAMMADBAZAR","SURI","CHARICHA","MAHAMMADBAZAR",FALSE
"65","1","GAMIRA",75,"MAHAMMADBAZAR","SURI","DOUCHA","MAHAMMADBAZAR",FALSE
"65","2","PORABALI",83,"MAHAMMADBAZAR","SURI","DOUCHA","MAHAMMADBAZAR",FALSE
"65","3","SEHELA",79,"MAHAMMADBAZAR","SURI","DOUCHA","MAHAMMADBAZAR",FALSE
"66","1","GOPALPUR",19,"MAHAMMADBAZAR","SURI","GONPUR","MAHAMMADBAZAR",FALSE
"66","2","KOLAIPAHARI",11,"MAHAMMADBAZAR","SURI","GONPUR","MAHAMMADBAZAR",FALSE
"66","3","DAMRA",15,"MAHAMMADBAZAR","SURI","GONPUR","MAHAMMADBAZAR",FALSE
"67","1","HARINSINGA",38,"MAHAMMADBAZAR","SURI","HINGLO","MAHAMMADBAZAR",FALSE
"67","2","DEWANGANG",36,"MAHAMMADBAZAR","SURI","HINGLO","MAHAMMADBAZAR",FALSE
"67","3","NISCHINTAPUR",37,"MAHAMMADBAZAR","SURI","HINGLO","MAHAMMADBAZAR",FALSE
"68","1","NABOGRAM",41,"MAHAMMADBAZAR","SURI","KAPISTHA","MAHAMMADBAZAR",FALSE
"68","2","BHERAPATHAR",58,"MAHAMMADBAZAR","SURI","KAPISTHA","MAHAMMADBAZAR",FALSE
"68","3","KAPISTA",54,"MAHAMMADBAZAR","SURI","KAPISTHA","MAHAMMADBAZAR",FALSE
"69","1","FULLAILUR",106,"MAHAMMADBAZAR","SURI","MAHAMMADBAZAR","MAHAMMADBAZAR",FALSE
"69","2","KAIJULI",123,"MAHAMMADBAZAR","SURI","MAHAMMADBAZAR","MAHAMMADBAZAR",FALSE
"69","3","KAMARPUR",128,"MAHAMMADBAZAR","SURI","MAHAMMADBAZAR","MAHAMMADBAZAR",FALSE
"70","1","SAHANAGAR",150,"MAHAMMADBAZAR","SURI","PURANAGRAM","MAHAMMADBAZAR",FALSE
"70","2","MAKDUMNAGAR",33,"MAHAMMADBAZAR","SURI","PURANAGRAM","MAHAMMADBAZAR",FALSE
"70","3","BATASHPUR",31,"MAHAMMADBAZAR","SURI","PURANAGRAM","MAHAMMADBAZAR",FALSE
"71","1","KULKARI",84,"MAHAMMADBAZAR","SURI","RAMPUR","MAHAMMADBAZAR",FALSE
"71","2","KUKARADIHI",61,"MAHAMMADBAZAR","SURI","RAMPUR","MAHAMMADBAZAR",FALSE
"71","3","DEBGRAM",63,"MAHAMMADBAZAR","SURI","RAMPUR","MAHAMMADBAZAR",FALSE
"72","1","SEKEDDAHA",26,"MAHAMMADBAZAR","SURI","SEKEDDA","MAHAMMADBAZAR",FALSE
"72","2","BALUTI",28,"MAHAMMADBAZAR","SURI","SEKEDDA","MAHAMMADBAZAR",FALSE
"72","3","SEKEDDAHA",29,"MAHAMMADBAZAR","SURI","SEKEDDA","MAHAMMADBAZAR",FALSE
"73","1","KUNDIRA",61,"RAJNAGAR","SURI","BHABANIPUR","RAJNAGAR",FALSE
"73","2","BHABANI PUR",70,"RAJNAGAR","SURI","BHABANIPUR","RAJNAGAR",FALSE
"73","3","KUSHMA",27,"RAJNAGAR","SURI","BHABANIPUR","RAJNAGAR",FALSE
"74","1","FARIDPUR",88,"RAJNAGAR","SURI","CHANDRAPUR","RAJNAGAR",FALSE
"74","2","CHARDRAPUR",90,"RAJNAGAR","SURI","CHANDRAPUR","RAJNAGAR",FALSE
"74","3","PATADANGA",100,"RAJNAGAR","SURI","CHANDRAPUR","RAJNAGAR",FALSE
"75","1","ALIGARH",14,"RAJNAGAR","SURI","GANGMURI-JAIPUR","RAJNAGAR",FALSE
"75","2","NATUWGRAM",29,"RAJNAGAR","SURI","GANGMURI-JAIPUR","RAJNAGAR",FALSE
"75","3","MARGATHALI",15,"RAJNAGAR","SURI","GANGMURI-JAIPUR","RAJNAGAR",FALSE
"76","1","CHHOLO BAZAR",38,"RAJNAGAR","SURI","RAJNAGAR","RAJNAGAR",FALSE
"76","2","DUBRAJPUR",41,"RAJNAGAR","SURI","RAJNAGAR","RAJNAGAR",FALSE
"76","3","BARSHAL",44,"RAJNAGAR","SURI","RAJNAGAR","RAJNAGAR",FALSE
"77","1","TANTIPUR",51,"RAJNAGAR","SURI","TANTIPARA","RAJNAGAR",FALSE
"77","2","KHOYRADIHI",50,"RAJNAGAR","SURI","TANTIPARA","RAJNAGAR",FALSE
"77","3","GULAL-GHACHI",48,"RAJNAGAR","SURI","TANTIPARA","RAJNAGAR",FALSE
"78","1","BHAGAWATIPUR",153,"SAINTHIA","SURI","AHAMADPUR","SAINTHIA",FALSE
"78","2","TEKADYAHA",152,"SAINTHIA","SURI","AHAMADPUR","SAINTHIA",FALSE
"78","3","PALASDANGA",210,"SAINTHIA","SURI","AHAMADPUR","SAINTHIA",FALSE
"79","1","AMARPUR",172,"SAINTHIA","SURI","AMARPUR","SAINTHIA",FALSE
"79","2","BIRSINGHA",166,"SAINTHIA","SURI","AMARPUR","SAINTHIA",FALSE
"79","3","IKRA",164,"SAINTHIA","SURI","AMARPUR","SAINTHIA",FALSE
"80","1","MALLICKPUR",99,"SAINTHIA","SURI","BANAGRAM","SAINTHIA",FALSE
"80","2","RUSULPUR",122,"SAINTHIA","SURI","BANAGRAM","SAINTHIA",FALSE
"80","3","PAKURIA",113,"SAINTHIA","SURI","BANAGRAM","SAINTHIA",FALSE
"81","1","PASHNIM NAWPARA",137,"SAINTHIA","SURI","BHRAMARKOLE","SAINTHIA",FALSE
"81","2","JAMKOLA",144,"SAINTHIA","SURI","BHRAMARKOLE","SAINTHIA",FALSE
"81","3","BHANDHURA",136,"SAINTHIA","SURI","BHRAMARKOLE","SAINTHIA",FALSE
"82","1","BAIDHYAPUR",23,"SAINTHIA","SURI","DERIAPUR","SAINTHIA",FALSE
"82","2","DAIKOTA",15,"SAINTHIA","SURI","DERIAPUR","SAINTHIA",FALSE
"82","3","BANGRAM",20,"SAINTHIA","SURI","DERIAPUR","SAINTHIA",FALSE
"83","1","KENDUA",126,"SAINTHIA","SURI","FULUR","SAINTHIA",FALSE
"83","2","UTTARSIYA",120,"SAINTHIA","SURI","FULUR","SAINTHIA",FALSE
"83","3","FULUR",117,"SAINTHIA","SURI","FULUR","SAINTHIA",FALSE
"84","1","BHAWANIPUR",13,"SAINTHIA","SURI","HARISARA","SAINTHIA",FALSE
"84","2","GOROLA",2,"SAINTHIA","SURI","HARISARA","SAINTHIA",FALSE
"84","3","MONAI",8,"SAINTHIA","SURI","HARISARA","SAINTHIA",FALSE
"85","1","SOUTH BANAGRAM",80,"SAINTHIA","SURI","HATHORA","SAINTHIA",FALSE
"85","2","MOSODDA",81,"SAINTHIA","SURI","HATHORA","SAINTHIA",FALSE
"85","3","PURPALDIHI",51,"SAINTHIA","SURI","HATHORA","SAINTHIA",FALSE
"86","1","RONGAIPUR",33,"SAINTHIA","SURI","MATHPALSA","SAINTHIA",FALSE
"86","2","BANGRA",35,"SAINTHIA","SURI","MATHPALSA","SAINTHIA",FALSE
"86","3","MAHISH DAHARI",40,"SAINTHIA","SURI","MATHPALSA","SAINTHIA",FALSE
"87","1","PANRUI",187,"SAINTHIA","SURI","PANRUI","SAINTHIA",FALSE
"87","2","MUCHIARA",188,"SAINTHIA","SURI","PANRUI","SAINTHIA",FALSE
"87","3","PASCHIM SUNDAR PUR",196,"SAINTHIA","SURI","PANRUI","SAINTHIA",FALSE
"88","1","MRITADASPUR",63,"SAINTHIA","SURI","SANGRA","SAINTHIA",FALSE
"88","2","PATHERGHATA`",57,"SAINTHIA","SURI","SANGRA","SAINTHIA",FALSE
"88","3","MALIGRAM",54,"SAINTHIA","SURI","SANGRA","SAINTHIA",FALSE
"89","1","GAMDPUR",233,"SAINTHIA","SURI","SRINIDHIPUR","SAINTHIA",FALSE
"89","2","DAKSHIN CHANDPUR",226,"SAINTHIA","SURI","SRINIDHIPUR","SAINTHIA",FALSE
"89","3","KHANERPARA",232,"SAINTHIA","SURI","SRINIDHIPUR","SAINTHIA",FALSE
"90","1","CHOTA ALUNDA",22,"SURI - I","SURI","ALUNDA","SURI - I",FALSE
"90","2","SHAKTIPUR",19,"SURI - I","SURI","ALUNDA","SURI - I",FALSE
"90","3","PANCH PUKHURIA",16,"SURI - I","SURI","ALUNDA","SURI - I",FALSE
"91","1","KAMARDANGAL",126,"SURI - I","SURI","BHURKUNA","SURI - I",FALSE
"91","2","SEKH DIHI",134,"SURI - I","SURI","BHURKUNA","SURI - I",FALSE
"91","3","MURA MATH",124,"SURI - I","SURI","BHURKUNA","SURI - I",FALSE
"92","1","NIMDASPUR",208,"SURI - I","SURI","NAGARI","SURI - I",FALSE
"92","2","SIRSA",184,"SURI - I","SURI","NAGARI","SURI - I",FALSE
"92","3","BARAGRAM",192,"SURI - I","SURI","NAGARI","SURI - I",FALSE
"93","1","KARIDHYA",106,"SURI - I","SURI","KARIDHYA","SURI - I",FALSE
"93","2","CHORMARA",110,"SURI - I","SURI","KARIDHYA","SURI - I",FALSE
"93","3","LAKHINDHAR PUR",111,"SURI - I","SURI","KARIDHYA","SURI - I",FALSE
"94","1","RONPUR",213,"SURI - I","SURI","KHATANGA","SURI - I",FALSE
"94","2","LANGULIA",197,"SURI - I","SURI","KHATANGA","SURI - I",FALSE
"94","3","RAJANPUR",205,"SURI - I","SURI","KHATANGA","SURI - I",FALSE
"95","1","GAJALPUR",92,"SURI - I","SURI","MALLIK PUR","SURI - I",FALSE
"95","2","UTTARPARA",122,"SURI - I","SURI","MALLIK PUR","SURI - I",FALSE
"95","3","ABDARPUR",97,"SURI - I","SURI","MALLIK PUR","SURI - I",FALSE
"96","1","KARIDDHYA",106,"SURI - I","SURI","TILPARA","SURI - I",FALSE
"96","2","BANSJOR",11,"SURI - I","SURI","TILPARA","SURI - I",FALSE
"96","3","JOKA",3,"SURI - I","SURI","TILPARA","SURI - I",FALSE
"97","1","BHOLAIPUR",170,"SURI - II","SURI","AVINASHPUR","SURI - II",FALSE
"97","2","KUBIRPUR",177,"SURI - II","SURI","AVINASHPUR","SURI - II",FALSE
"97","3","SRIKANTAPUR",172,"SURI - II","SURI","AVINASHPUR","SURI - II",FALSE
"98","1","JAMURI",165,"SURI - II","SURI","BANSANKA","SURI - II",FALSE
"98","2","ANANTAPUR",153,"SURI - II","SURI","BANSANKA","SURI - II",FALSE
"98","3","TALIBPUR",152,"SURI - II","SURI","BANSANKA","SURI - II",FALSE
"99","1","IKRA",49,"SURI - II","SURI","DAMDAMA","SURI - II",FALSE
"99","2","GOAL GRAM",54,"SURI - II","SURI","DAMDAMA","SURI - II",FALSE
"99","3","KHARI KATI KUTI",48,"SURI - II","SURI","DAMDAMA","SURI - II",FALSE
"100","1","KHASNATORE",99,"SURI - II","SURI","KENDUA","SURI - II",FALSE
"100","2","MONPUR",31,"SURI - II","SURI","KENDUA","SURI - II",FALSE
"100","3","HARIPUR",40,"SURI - II","SURI","KENDUA","SURI - II",FALSE
"101","1","LOBAGAN",87,"SURI - II","SURI","KOMA","SURI - II",FALSE
"101","2","JANURI",84,"SURI - II","SURI","KOMA","SURI - II",FALSE
"101","3","PAISHTA",65,"SURI - II","SURI","KOMA","SURI - II",FALSE
"102","1","KONDAIPUR",61,"SURI - II","SURI","PURANDARPUR","SURI - II",FALSE
"102","2","INDRAGACHA",68,"SURI - II","SURI","PURANDARPUR","SURI - II",FALSE
"102","3","PIYASHALA",58,"SURI - II","SURI","PURANDARPUR","SURI - II",FALSE
"103","1","RAUTGARA",7,"MAYURESWAR - I","RAMPURHAT","BAJITPUR","MAYURESWAR - I",FALSE
"103","2","DUMRA",12,"MAYURESWAR - I","RAMPURHAT","BAJITPUR","MAYURESWAR - I",FALSE
"103","3","DHABANANDA PUR",6,"MAYURESWAR - I","RAMPURHAT","BAJITPUR","MAYURESWAR - I",FALSE
"104","1","BARATURIGRAM",169,"MAYURESWAR - I","RAMPURHAT","BARATURIGRAM","MAYURESWAR - I",FALSE
"104","2","KANAI PUR",165,"MAYURESWAR - I","RAMPURHAT","BARATURIGRAM","MAYURESWAR - I",FALSE
"104","3","GHOSH GRAM",166,"MAYURESWAR - I","RAMPURHAT","BARATURIGRAM","MAYURESWAR - I",FALSE
"105","1","HAJIGRAM",170,"MAYURESWAR - I","RAMPURHAT","DABUK","MAYURESWAR - I",FALSE
"105","2","DABUK",158,"MAYURESWAR - I","RAMPURHAT","DABUK","MAYURESWAR - I",FALSE
"105","3","DHANGARA",159,"MAYURESWAR - I","RAMPURHAT","DABUK","MAYURESWAR - I",FALSE
"106","1","RATMA",46,"MAYURESWAR - I","RAMPURHAT","DAKHINGRAM","MAYURESWAR - I",FALSE
"106","2","DAKSHINGRAM",150,"MAYURESWAR - I","RAMPURHAT","DAKHINGRAM","MAYURESWAR - I",FALSE
"106","3","UTTARPARA BHAGABATIPUR",173,"MAYURESWAR - I","RAMPURHAT","DAKHINGRAM","MAYURESWAR - I",FALSE
"107","1","SONJ",66,"MAYURESWAR - I","RAMPURHAT","JHIKADDA","MAYURESWAR - I",FALSE
"107","2","JOT RAJ CHANDRA",64,"MAYURESWAR - I","RAMPURHAT","JHIKADDA","MAYURESWAR - I",FALSE
"107","3","BARAGRAW",69,"MAYURESWAR - I","RAMPURHAT","JHIKADDA","MAYURESWAR - I",FALSE
"108","1","MAHULA",30,"MAYURESWAR - I","RAMPURHAT","KANACHI","MAYURESWAR - I",FALSE
"108","2","TASA PUR",58,"MAYURESWAR - I","RAMPURHAT","KANACHI","MAYURESWAR - I",FALSE
"108","3","NOKORA",51,"MAYURESWAR - I","RAMPURHAT","KANACHI","MAYURESWAR - I",FALSE
"109","1","FATIPUR",26,"MAYURESWAR - I","RAMPURHAT","MALLARPUR-I","MAYURESWAR - I",FALSE
"109","2","GOAL GRAM",23,"MAYURESWAR - I","RAMPURHAT","MALLARPUR-I","MAYURESWAR - I",FALSE
"109","3","BAHINA",27,"MAYURESWAR - I","RAMPURHAT","MALLARPUR-I","MAYURESWAR - I",FALSE
"110","1","MALLARPUR",22,"MAYURESWAR - I","RAMPURHAT","MALLARPUR-II","MAYURESWAR - I",FALSE
"110","2","RUKUN PUR",20,"MAYURESWAR - I","RAMPURHAT","MALLARPUR-II","MAYURESWAR - I",FALSE
"110","3","HATPRACHANDA PUR",18,"MAYURESWAR - I","RAMPURHAT","MALLARPUR-II","MAYURESWAR - I",FALSE
"111","1","SAMACHAR",40,"MAYURESWAR - I","RAMPURHAT","TALOAN","MAYURESWAR - I",FALSE
"111","2","NAMAKANDA",34,"MAYURESWAR - I","RAMPURHAT","TALOAN","MAYURESWAR - I",FALSE
"111","3","KAMRA",50,"MAYURESWAR - I","RAMPURHAT","TALOAN","MAYURESWAR - I",FALSE
"112","1","RADHANAGAR",133,"MAYURESWAR - II","RAMPURHAT","DASPALSA","MAYURESWAR - II",FALSE
"112","2","BIRNAGAR",130,"MAYURESWAR - II","RAMPURHAT","DASPALSA","MAYURESWAR - II",FALSE
"112","3","MAHESHA",132,"MAYURESWAR - II","RAMPURHAT","DASPALSA","MAYURESWAR - II",FALSE
"113","1","NAWGAON",232,"MAYURESWAR - II","RAMPURHAT","DHEKA","MAYURESWAR - II",FALSE
"113","2","CHUATORI",186,"MAYURESWAR - II","RAMPURHAT","DHEKA","MAYURESWAR - II",FALSE
"113","3","BELIA",226,"MAYURESWAR - II","RAMPURHAT","DHEKA","MAYURESWAR - II",FALSE
"114","1","MATHBAHAARA",179,"MAYURESWAR - II","RAMPURHAT","KALESWER","MAYURESWAR - II",FALSE
"114","2","BHUDHARPUR",181,"MAYURESWAR - II","RAMPURHAT","KALESWER","MAYURESWAR - II",FALSE
"114","3","HARISARA",205,"MAYURESWAR - II","RAMPURHAT","KALESWER","MAYURESWAR - II",FALSE
"115","1","BOROAKALPUR",78,"MAYURESWAR - II","RAMPURHAT","KUNDALA","MAYURESWAR - II",FALSE
"115","2","KALASUR",102,"MAYURESWAR - II","RAMPURHAT","KUNDALA","MAYURESWAR - II",FALSE
"115","3","NARAYANGHATI",92,"MAYURESWAR - II","RAMPURHAT","KUNDALA","MAYURESWAR - II",FALSE
"116","1","MAYURESWER",138,"MAYURESWAR - II","RAMPURHAT","MAYURESWER","MAYURESWAR - II",FALSE
"116","2","KAMARHATI",100,"MAYURESWAR - II","RAMPURHAT","MAYURESWER","MAYURESWAR - II",FALSE
"116","3","CHAULIA",139,"MAYURESWAR - II","RAMPURHAT","MAYURESWER","MAYURESWAR - II",FALSE
"117","1","BASUDEBPUR",128,"MAYURESWAR - II","RAMPURHAT","SATPALSA","MAYURESWAR - II",FALSE
"117","2","SERUNIA",190,"MAYURESWAR - II","RAMPURHAT","SATPALSA","MAYURESWAR - II",FALSE
"117","3","UCHPUR",116,"MAYURESWAR - II","RAMPURHAT","SATPALSA","MAYURESWAR - II",FALSE
"118","1","DUNA",235,"MAYURESWAR - II","RAMPURHAT","ULKUNDA","MAYURESWAR - II",FALSE
"118","2","MALANCHA",242,"MAYURESWAR - II","RAMPURHAT","ULKUNDA","MAYURESWAR - II",FALSE
"118","3","ULKUNDA",195,"MAYURESWAR - II","RAMPURHAT","ULKUNDA","MAYURESWAR - II",FALSE
"119","1","KAPILSAHAR",120,"MURARAI - I","RAMPURHAT","CHATRA","MURARAI - I",FALSE
"119","2","SITACHAR",122,"MURARAI - I","RAMPURHAT","CHATRA","MURARAI - I",FALSE
"119","3","HAMIDPUR",125,"MURARAI - I","RAMPURHAT","CHATRA","MURARAI - I",FALSE
"120","1","BAHADURPUR",115,"MURARAI - I","RAMPURHAT","DUMURGRAM","MURARAI - I",FALSE
"120","2","MOLOYPUR",107,"MURARAI - I","RAMPURHAT","DUMURGRAM","MURARAI - I",FALSE
"120","3","SINGHANAGAR",114,"MURARAI - I","RAMPURHAT","DUMURGRAM","MURARAI - I",FALSE
"121","1","GORAHA",16,"MURARAI - I","RAMPURHAT","GORSHA","MURARAI - I",FALSE
"121","2","BHABANIPUR",24,"MURARAI - I","RAMPURHAT","GORSHA","MURARAI - I",FALSE
"121","3","SRINIVVVASPUR",23,"MURARAI - I","RAMPURHAT","GORSHA","MURARAI - I",FALSE
"122","1","MUKUNDOPUR",11,"MURARAI - I","RAMPURHAT","MAHURAPUR","MURARAI - I",FALSE
"122","2","MAHURAPUR",6,"MURARAI - I","RAMPURHAT","MAHURAPUR","MURARAI - I",FALSE
"122","3","LAKARGRAM",10,"MURARAI - I","RAMPURHAT","MAHURAPUR","MURARAI - I",FALSE
"123","1","BHADISWAR",103,"MURARAI - I","RAMPURHAT","MURARAI","MURARAI - I",FALSE
"123","2","KESTARA",101,"MURARAI - I","RAMPURHAT","MURARAI","MURARAI - I",FALSE
"123","3","DHILORA",40,"MURARAI - I","RAMPURHAT","MURARAI","MURARAI - I",FALSE
"124","1","PALSA",39,"MURARAI - I","RAMPURHAT","PALSA","MURARAI - I",FALSE
"124","2","SAFHUA",41,"MURARAI - I","RAMPURHAT","PALSA","MURARAI - I",FALSE
"124","3","FATEHPUR",44,"MURARAI - I","RAMPURHAT","PALSA","MURARAI - I",FALSE
"125","1","AMBHUA",14,"MURARAI - I","RAMPURHAT","RAIGRAM","MURARAI - I",FALSE
"125","2","SANTOSHPUR",13,"MURARAI - I","RAMPURHAT","RAIGRAM","MURARAI - I",FALSE
"125","3","GOPALPUR",1,"MURARAI - I","RAMPURHAT","RAIGRAM","MURARAI - I",FALSE
"126","1","KALAHAPUR",56,"MURARAI - II","RAMPURHAT","AMDOLE","MURARAI - II",FALSE
"126","2","AMDOLE",59,"MURARAI - II","RAMPURHAT","AMDOLE","MURARAI - II",FALSE
"126","3","KHUTKHATI",61,"MURARAI - II","RAMPURHAT","AMDOLE","MURARAI - II",FALSE
"127","1","PACHAR",71,"MURARAI - II","RAMPURHAT","JAJIGRAM","MURARAI - II",FALSE
"127","2","BASANTAPUR",68,"MURARAI - II","RAMPURHAT","JAJIGRAM","MURARAI - II",FALSE
"127","3","BARDHANPARA",75,"MURARAI - II","RAMPURHAT","JAJIGRAM","MURARAI - II",FALSE
"128","1","KENDISTA",90,"MURARAI - II","RAMPURHAT","KUSHMOR-I","MURARAI - II",FALSE
"128","2","BIRORI",151,"MURARAI - II","RAMPURHAT","KUSHMOR-I","MURARAI - II",FALSE
"128","3","SIMAGRAM",83,"MURARAI - II","RAMPURHAT","KUSHMOR-I","MURARAI - II",FALSE
"129","1","KAROMJI",147,"MURARAI - II","RAMPURHAT","KUSHMOR-II","MURARAI - II",FALSE
"129","2","KHUSHMORE",148,"MURARAI - II","RAMPURHAT","KUSHMOR-II","MURARAI - II",FALSE
"129","3","DANGHARA",146,"MURARAI - II","RAMPURHAT","KUSHMOR-II","MURARAI - II",FALSE
"130","1","DANTURA",85,"MURARAI - II","RAMPURHAT","MITRAPUR","MURARAI - II",FALSE
"130","2","LAKSMI DANGA",80,"MURARAI - II","RAMPURHAT","MITRAPUR","MURARAI - II",FALSE
"130","3","MATH KARANJA",87,"MURARAI - II","RAMPURHAT","MITRAPUR","MURARAI - II",FALSE
"131","1","MUKHLISHPUR",45,"MURARAI - II","RAMPURHAT","NANDIGRAM","MURARAI - II",FALSE
"131","2","MAJHARA",64,"MURARAI - II","RAMPURHAT","NANDIGRAM","MURARAI - II",FALSE
"131","3","ARAL BASTI",53,"MURARAI - II","RAMPURHAT","NANDIGRAM","MURARAI - II",FALSE
"132","1","KALIKAPUR",94,"MURARAI - II","RAMPURHAT","PAIKOR","MURARAI - II",FALSE
"132","2","BILASH PUR",93,"MURARAI - II","RAMPURHAT","PAIKOR","MURARAI - II",FALSE
"132","3","GOALMAL",95,"MURARAI - II","RAMPURHAT","PAIKOR","MURARAI - II",FALSE
"133","1","RUDRANAGAR",92,"MURARAI - II","RAMPURHAT","RUDRABAGAR","MURARAI - II",FALSE
"133","2","RUDRANAGAR",137,"MURARAI - II","RAMPURHAT","RUDRABAGAR","MURARAI - II",FALSE
"133","3","DWARIAPUR",136,"MURARAI - II","RAMPURHAT","RUDRABAGAR","MURARAI - II",FALSE
"134","1","MADNA",11,"NALHATI - I","RAMPURHAT","BANIOR","NALHATI - I",FALSE
"134","2","GOBINDAPUR",9,"NALHATI - I","RAMPURHAT","BANIOR","NALHATI - I",FALSE
"134","3","PUSUR",7,"NALHATI - I","RAMPURHAT","BANIOR","NALHATI - I",FALSE
"135","1","KANUPUR",87,"NALHATI - I","RAMPURHAT","BARLA","NALHATI - I",FALSE
"135","2","BUJUNG",81,"NALHATI - I","RAMPURHAT","BARLA","NALHATI - I",FALSE
"135","3","KELAI",86,"NALHATI - I","RAMPURHAT","BARLA","NALHATI - I",FALSE
"136","1","HARISARA",44,"NALHATI - I","RAMPURHAT","BAUTIA","NALHATI - I",FALSE
"136","2","SHRERAMPUR",40,"NALHATI - I","RAMPURHAT","BAUTIA","NALHATI - I",FALSE
"136","3","MADHAIPUR",43,"NALHATI - I","RAMPURHAT","BAUTIA","NALHATI - I",FALSE
"137","1","BHAGATI PUR",32,"NALHATI - I","RAMPURHAT","HARIDASPUR","NALHATI - I",FALSE
"137","2","MADHAIPUR",27,"NALHATI - I","RAMPURHAT","HARIDASPUR","NALHATI - I",FALSE
"137","3","BHAVANANDAPUR",24,"NALHATI - I","RAMPURHAT","HARIDASPUR","NALHATI - I",FALSE
"138","1","KALI THA",73,"NALHATI - I","RAMPURHAT","KALITHA","NALHATI - I",FALSE
"138","2","MATH BHAWANIPUR",71,"NALHATI - I","RAMPURHAT","KALITHA","NALHATI - I",FALSE
"138","3","KUSHIPUR",69,"NALHATI - I","RAMPURHAT","KALITHA","NALHATI - I",FALSE
"139","1","BILKANDI",99,"NALHATI - I","RAMPURHAT","KAYTHA - I","NALHATI - I",FALSE
"139","2","RAMESHWARPUR",93,"NALHATI - I","RAMPURHAT","KAYTHA - I","NALHATI - I",FALSE
"139","3","MAHESHPUR",96,"NALHATI - I","RAMPURHAT","KAYTHA - I","NALHATI - I",FALSE
"140","1","GOSAINPUR",103,"NALHATI - I","RAMPURHAT","KAYTHA - II","NALHATI - I",FALSE
"140","2","KOGRAM",102,"NALHATI - I","RAMPURHAT","KAYTHA - II","NALHATI - I",FALSE
"140","3","BHELIAM",100,"NALHATI - I","RAMPURHAT","KAYTHA - II","NALHATI - I",FALSE
"141","1","KURUMGRAM",78,"NALHATI - I","RAMPURHAT","KURUMGRAM","NALHATI - I",FALSE
"141","2","RAGHUNATHPUR",77,"NALHATI - I","RAMPURHAT","KURUMGRAM","NALHATI - I",FALSE
"141","3","TEJHATI",45,"NALHATI - I","RAMPURHAT","KURUMGRAM","NALHATI - I",FALSE
"142","1","",,"NALHATI - I","RAMPURHAT","NALHATI-I","",TRUE
"142","2","",,"NALHATI - I","RAMPURHAT","NALHATI-I","",TRUE
"142","3","",,"NALHATI - I","RAMPURHAT","NALHATI-I","",TRUE
"143","1","SAREHA",60,"NALHATI - I","RAMPURHAT","PAIKPARA","NALHATI - I",FALSE
"143","2","KUKHURA",65,"NALHATI - I","RAMPURHAT","PAIKPARA","NALHATI - I",FALSE
"143","3","KULGACHI",62,"NALHATI - I","RAMPURHAT","PAIKPARA","NALHATI - I",FALSE
"144","1","LOHAPUR",117,"NALHATI - II","RAMPURHAT","BARA-I","NALHATI - I",FALSE
"144","2","RAHNA",115,"NALHATI - II","RAMPURHAT","BARA-I","NALHATI - I",FALSE
"144","3","BARA",107,"NALHATI - II","RAMPURHAT","BARA-I","NALHATI - I",FALSE
"145","1","JESTHO BHAWANIPUR",106,"NALHATI - II","RAMPURHAT","BARA-II","NALHATI - II",FALSE
"145","2","UTTAR RAMPUR",104,"NALHATI - II","RAMPURHAT","BARA-II","NALHATI - II",FALSE
"145","3","RAGHURAMBADI",105,"NALHATI - II","RAMPURHAT","BARA-II","NALHATI - II",FALSE
"146","1","AKALIPUR",92,"NALHATI - II","RAMPURHAT","BHADRAPUR - I","NALHATI - II",FALSE
"146","2","SHIMALNDI",122,"NALHATI - II","RAMPURHAT","BHADRAPUR - I","NALHATI - II",FALSE
"146","3","ROYPUR",136,"NALHATI - II","RAMPURHAT","BHADRAPUR - I","NALHATI - II",FALSE
"147","1","NABAGRAM",120,"NALHATI - II","RAMPURHAT","BHADRAPUR - II","NALHATI - II",FALSE
"147","2","HAZARPUR",123,"NALHATI - II","RAMPURHAT","BHADRAPUR - II","NALHATI - II",FALSE
"147","3","NAGARA",119,"NALHATI - II","RAMPURHAT","BHADRAPUR - II","NALHATI - II",FALSE
"148","1","NIDHIYA",131,"NALHATI - II","RAMPURHAT","NOAPARA","NALHATI - II",FALSE
"148","2","TIRORA",127,"NALHATI - II","RAMPURHAT","NOAPARA","NALHATI - II",FALSE
"148","3","KUMAR SHANTHA",109,"NALHATI - II","RAMPURHAT","NOAPARA","NALHATI - II",FALSE
"149","1","BANDHOKHALA",134,"NALHATI - II","RAMPURHAT","SITALGRAM","NALHATI - II",FALSE
"149","2","GOPAL CHAWK",147,"NALHATI - II","RAMPURHAT","SITALGRAM","NALHATI - II",FALSE
"149","3","MIRKAPUR",140,"NALHATI - II","RAMPURHAT","SITALGRAM","NALHATI - II",FALSE
"150","1","DADPUR",98,"RAMPURHAT - I","RAMPURHAT","AYAS","RAMPURHAT - I",FALSE
"150","2","LAKHIBATI",92,"RAMPURHAT - I","RAMPURHAT","AYAS","RAMPURHAT - I",FALSE
"150","3","KABILPUR",100,"RAMPURHAT - I","RAMPURHAT","AYAS","RAMPURHAT - I",FALSE
"151","1","BANHAT",84,"RAMPURHAT - I","RAMPURHAT","BANHAT","RAMPURHAT - I",FALSE
"151","2","KALIKAPUR",82,"RAMPURHAT - I","RAMPURHAT","BANHAT","RAMPURHAT - I",FALSE
"151","3","RADIPUR",21,"RAMPURHAT - I","RAMPURHAT","BANHAT","RAMPURHAT - I",FALSE
"152","1","SREE KRISHNAPUR- PAKHURIA",72,"RAMPURHAT - I","RAMPURHAT","BARSAL","RAMPURHAT - I",FALSE
"152","2","UDAY PUR",64,"RAMPURHAT - I","RAMPURHAT","BARSAL","RAMPURHAT - I",FALSE
"152","3","BAGTUY",109,"RAMPURHAT - I","RAMPURHAT","BARSAL","RAMPURHAT - I",FALSE
"153","1","DAKHALBATI",111,"RAMPURHAT - I","RAMPURHAT","DAKHAL BATI","RAMPURHAT - I",FALSE
"153","2","BINOD PUR",149,"RAMPURHAT - I","RAMPURHAT","DAKHAL BATI","RAMPURHAT - I",FALSE
"153","3","SHRI HORI BATI",146,"RAMPURHAT - I","RAMPURHAT","DAKHAL BATI","RAMPURHAT - I",FALSE
"154","1","KASHTHAGARA",45,"RAMPURHAT - I","RAMPURHAT","KASHTHAGARA","RAMPURHAT - I",FALSE
"154","2","SOANSHA",47,"RAMPURHAT - I","RAMPURHAT","KASHTHAGARA","RAMPURHAT - I",FALSE
"154","3","JATLA",42,"RAMPURHAT - I","RAMPURHAT","KASHTHAGARA","RAMPURHAT - I",FALSE
"155","1","MALSA",53,"RAMPURHAT - I","RAMPURHAT","KHARUN","RAMPURHAT - I",FALSE
"155","2","BELIA",67,"RAMPURHAT - I","RAMPURHAT","KHARUN","RAMPURHAT - I",FALSE
"155","3","PALSA",55,"RAMPURHAT - I","RAMPURHAT","KHARUN","RAMPURHAT - I",FALSE
"156","1","CHAKAIPUR",15,"RAMPURHAT - I","RAMPURHAT","KUSUMBA","RAMPURHAT - I",FALSE
"156","2","SANDHIPUR",80,"RAMPURHAT - I","RAMPURHAT","KUSUMBA","RAMPURHAT - I",FALSE
"156","3","RAM RAM PUR",79,"RAMPURHAT - I","RAMPURHAT","KUSUMBA","RAMPURHAT - I",FALSE
"157","1","MASHRA",41,"RAMPURHAT - I","RAMPURHAT","MASRA","RAMPURHAT - I",FALSE
"157","2","PURANDARPUR",34,"RAMPURHAT - I","RAMPURHAT","MASRA","RAMPURHAT - I",FALSE
"157","3","SENBANDHA",37,"RAMPURHAT - I","RAMPURHAT","MASRA","RAMPURHAT - I",FALSE
"158","1","NAISHOR GRAM",6,"RAMPURHAT - I","RAMPURHAT","NARAYANPUR","RAMPURHAT - I",FALSE
"158","2","KANAIPUR",8,"RAMPURHAT - I","RAMPURHAT","NARAYANPUR","RAMPURHAT - I",FALSE
"158","3","EKPARA",2,"RAMPURHAT - I","RAMPURHAT","NARAYANPUR","RAMPURHAT - I",FALSE
"159","1","BISHNUPUR",200,"RAMPURHAT - II","RAMPURHAT","BISHNUPUR","RAMPURHAT - II",FALSE
"159","2","KALI DAHA",201,"RAMPURHAT - II","RAMPURHAT","BISHNUPUR","RAMPURHAT - II",FALSE
"159","3","BASWA",137,"RAMPURHAT - II","RAMPURHAT","BISHNUPUR","RAMPURHAT - II",FALSE
"160","1","ISHIRA",213,"RAMPURHAT - II","RAMPURHAT","BUDHIGRAM","RAMPURHAT - II",FALSE
"160","2","BUDHGRAM",210,"RAMPURHAT - II","RAMPURHAT","BUDHIGRAM","RAMPURHAT - II",FALSE
"160","3","USTAPARA",212,"RAMPURHAT - II","RAMPURHAT","BUDHIGRAM","RAMPURHAT - II",FALSE
"161","1","HORORAMPUR",193,"RAMPURHAT - II","RAMPURHAT","DUNIGRAM","RAMPURHAT - II",FALSE
"161","2","MOTAIN",189,"RAMPURHAT - II","RAMPURHAT","DUNIGRAM","RAMPURHAT - II",FALSE
"161","3","PURBO GOPAL PUR",188,"RAMPURHAT - II","RAMPURHAT","DUNIGRAM","RAMPURHAT - II",FALSE
"162","1","SANTOSHPUR",177,"RAMPURHAT - II","RAMPURHAT","HANSON-I","RAMPURHAT - II",FALSE
"162","2","PURBA ANANTAPUR",172,"RAMPURHAT - II","RAMPURHAT","HANSON-I","RAMPURHAT - II",FALSE
"162","3","GAYTA",167,"RAMPURHAT - II","RAMPURHAT","HANSON-I","RAMPURHAT - II",FALSE
"163","1","HASSON",181,"RAMPURHAT - II","RAMPURHAT","HANSON-II","RAMPURHAT - II",FALSE
"163","2","BARAKARTIC CHUNGRI`",182,"RAMPURHAT - II","RAMPURHAT","HANSON-II","RAMPURHAT - II",FALSE
"163","3","SREE KRISHNA PUR",185,"RAMPURHAT - II","RAMPURHAT","HANSON-II","RAMPURHAT - II",FALSE
"164","1","BHELLA",151,"RAMPURHAT - II","RAMPURHAT","KALUHA","RAMPURHAT - II",FALSE
"164","2","UTTAR SHIBPUR",160,"RAMPURHAT - II","RAMPURHAT","KALUHA","RAMPURHAT - II",FALSE
"164","3","KALUA",158,"RAMPURHAT - II","RAMPURHAT","KALUHA","RAMPURHAT - II",FALSE
"165","1","MARGRAM",138,"RAMPURHAT - II","RAMPURHAT","MARGRAM - I","RAMPURHAT - II",FALSE
"165","2","PARKUTA",139,"RAMPURHAT - II","RAMPURHAT","MARGRAM - I","RAMPURHAT - II",FALSE
"165","3","HAT PARKUTA",141,"RAMPURHAT - II","RAMPURHAT","MARGRAM - I","RAMPURHAT - II",FALSE
"166","1","RAMAPUR",117,"RAMPURHAT - II","RAMPURHAT","SAHAPUR","RAMPURHAT - II",FALSE
"166","2","CHANDRIPUR",62,"RAMPURHAT - II","RAMPURHAT","SAHAPUR","RAMPURHAT - II",FALSE
"166","3","JOYSIN PUR",122,"RAMPURHAT - II","RAMPURHAT","SAHAPUR","RAMPURHAT - II",FALSE
