"key","cd_gp_id","q98_cd","sc98_cd","st98_cd","beaman_gp_id","q98_beaman","sc98_beaman","st98_beaman","conflict"
"BOLPURSRINIKETAN|BAHIRIPANCHSORA","1",1,1,0,"1",1,1,0,FALSE
"BOLPURSRINIKETAN|KANKALITALA","2",1,0,0,"2",1,0,0,FALSE
"BOLPURSRINIKETAN|KASBA","3",0,1,0,"3",0,1,0,FALSE
"BOLPURSRINIKETAN|RAIPURSUPUR","4",,,,"4",1,1,0,FALSE
"BOLPURSRINIKETAN|RUPPUR","5",,,,"5",0,0,0,FALSE
"BOLPURSRINIKETAN|SARPALEHANAALBANDHA","6",0,0,1,"6",0,0,1,FALSE
"BOLPURSRINIKETAN|SATTORA","7",0,0,0,,,,,FALSE
"BOLPURSRINIKETAN|SINGHEE","8",0,0,1,"8",0,0,1,FALSE
"BOLPURSRINIKETAN|SIONMULUK","9",0,0,0,"9",0,0,0,FALSE
"ILLAMBAZAR|BATIKAR","10",1,0,0,,,,,FALSE
"ILLAMBAZAR|BILATI","11",0,0,0,"11",0,0,0,FALSE
"ILLAMBAZAR|DHARAMPUR","12",0,0,0,"12",0,0,0,FALSE
"ILLAMBAZAR|GHURISHA","13",0,1,0,"13",0,1,0,FALSE
"ILLAMBAZAR|ILLAMBAZAR","14",,,,"14",0,0,0,FALSE
"ILLAMBAZAR|JOYDEBKENDULI","15",,,,"15",1,0,0,FALSE
"ILLAMBAZAR|MONGOLDIHI","16",0,1,0,,,,,FALSE
"ILLAMBAZAR|NANASOLE","17",0,0,1,"17",0,0,1,FALSE
"ILLAMBAZAR|SIRSA","18",1,1,0,"18",1,1,0,FALSE
"LABHPUR|BIPRATIKURI","19",1,1,0,"19",1,1,0,FALSE
"LABHPUR|CHOUJATTAMOHODAHII","20",0,1,0,,,,,FALSE
"LABHPUR|CHOUJATTAMOHODAHIII","21",0,0,0,,,,,FALSE
"LABHPUR|DWARKA","22",1,0,0,"22",1,0,0,FALSE
"LABHPUR|HATIA","23",0,0,0,"23",0,0,0,FALSE
"LABHPUR|INDUS","24",1,1,0,"24",1,1,0,FALSE
"LABHPUR|JAMNA","25",0,1,0,"25",0,1,0,FALSE
"LABHPUR|KURUNHAR","26",0,1,0,,,,,FALSE
"LABHPUR|LABPURI","27",0,0,1,,,,,FALSE
"LABHPUR|LABPURII","28",0,1,0,,,,,FALSE
"LABHPUR|THIBA","29",1,0,0,"29",1,0,0,FALSE
"NANOOR|BARAHSAOTA","30",0,0,0,"30",0,0,0,FALSE
"NANOOR|CHARKALGRAM","31",1,1,0,"31",1,1,0,FALSE
"NANOOR|CHANDIDASNANOOR","32",0,1,0,"32",0,1,0,FALSE
"NANOOR|DASKALGRAMKAREYAI","33",0,0,0,"33",0,0,0,FALSE
"NANOOR|DASKALGRAMKAREYAII","34",1,1,0,"34",1,1,0,FALSE
"NANOOR|JALUNDI","35",0,0,0,"35",0,0,0,FALSE
"NANOOR|KIRNAHARI","36",0,0,0,"36",0,0,0,FALSE
"NANOOR|KIRNAHARII","37",0,1,0,"37",,,,FALSE
"NANOOR|NAWANGARKADDA","38",1,0,0,,,,,FALSE
"NANOOR|THUPSARA","39",0,0,0,"39",0,0,0,FALSE
"NANOOR|UCHKARAN","40",0,0,0,"40",0,0,0,FALSE
"DUBRAJPUR|BALIJURI","41",1,0,0,"78",1,0,0,FALSE
"DUBRAJPUR|CHINPAI","42",0,0,0,"79",0,0,0,FALSE
"DUBRAJPUR|GOHALIARA","43",0,1,0,"80",0,1,0,FALSE
"DUBRAJPUR|HETAMPUR","44",0,0,0,"81",0,0,0,FALSE
"DUBRAJPUR|JASHPUR","45",0,0,0,"82",0,0,0,FALSE
"DUBRAJPUR|LAKSHMINARAYANPUR","46",0,0,0,"83",0,0,0,FALSE
"DUBRAJPUR|LOBA","47",1,1,0,"84",1,1,0,FALSE
"DUBRAJPUR|PADUMA","48",1,0,0,"85",1,0,0,FALSE
"DUBRAJPUR|PARULIA","49",0,0,1,"86",0,0,1,FALSE
"DUBRAJPUR|SAHAPUR","50",1,1,0,"87",1,1,0,FALSE
"KHAYRASOL|BABUIJOR","51",0,0,0,,,,,FALSE
"KHAYRASOL|BARRA","52",1,0,0,,,,,FALSE
"KHAYRASOL|HIJRATPUR","53",1,1,0,,,,,FALSE
"KHAYRASOL|KENDGARE","54",0,0,0,,,,,FALSE
"KHAYRASOL|KHAYRASOL","55",1,0,0,,,,,FALSE
"KHAYRASOL|LOKEPUR","56",0,0,0,,,,,FALSE
"KHAYRASOL|NAKRAKONDA","57",0,0,0,,,,,FALSE
"KHAYRASOL|PANCHARA","58",0,0,0,,,,,FALSE
"KHAYRASOL|PARSUNDI","59",0,0,0,,,,,FALSE
"KHAYRASOL|RUPASPUR","60",0,1,0,,,,,FALSE
"MAHAMMADBAZAR|ANGARGERIA","61",1,1,0,,,,,FALSE
"MAHAMMADBAZAR|BHARKATA","62",0,0,0,,,,,FALSE
"MAHAMMADBAZAR|BHUTURA","63",1,0,0,,,,,FALSE
"MAHAMMADBAZAR|CHARICHA","64",0,1,0,,,,,FALSE
"MAHAMMADBAZAR|DOUCHA","65",0,1,0,,,,,FALSE
"MAHAMMADBAZAR|GONPUR","66",1,1,0,,,,,FALSE
"MAHAMMADBAZAR|HINGLO","67",1,0,1,,,,,FALSE
"MAHAMMADBAZAR|KAPISTHA","68",0,1,0,,,,,FALSE
"MAHAMMADBAZAR|MAHAMMADBAZAR","69",1,0,1,,,,,FALSE
"MAHAMMADBAZAR|PURANAGRAM","70",1,0,0,,,,,FALSE
"MAHAMMADBAZAR|RAMPUR","71",0,0,0,,,,,FALSE
"MAHAMMADBAZAR|SEKEDDA","72",0,0,0,,,,,FALSE
"RAJNAGAR|BHABANIPUR","73",0,0,1,"98",0,0,1,FALSE
"RAJNAGAR|CHANDRAPUR","74",1,0,0,"99",1,0,0,FALSE
"RAJNAGAR|GANGMURIJAIPUR","75",0,0,1,,,,,FALSE
"RAJNAGAR|RAJNAGAR","76",1,1,0,"101",1,1,0,FALSE
"RAJNAGAR|TANTIPARA","77",0,0,0,"102",0,0,0,FALSE
"SAINTHIA|AHAMADPUR","78",0,1,0,,,,,FALSE
"SAINTHIA|AMARPUR","79",0,0,1,"55",0,0,1,FALSE
"SAINTHIA|BANAGRAM","80",0,0,1,"56",0,0,1,FALSE
"SAINTHIA|BHRAMARKOLE","81",0,0,0,,,,,FALSE
"SAINTHIA|DERIAPUR","82",1,0,1,"58",1,0,1,FALSE
"SAINTHIA|FULUR","83",0,0,0,"59",0,0,0,FALSE
"SAINTHIA|HARISARA","84",1,0,0,"60",1,0,0,FALSE
"SAINTHIA|HATHORA","85",0,1,0,,,,,FALSE
"SAINTHIA|MATHPALSA","86",0,0,0,"62",0,0,0,FALSE
"SAINTHIA|PANRUI","87",1,1,0,"63",1,0,0,TRUE
"SAINTHIA|SANGRA","88",0,0,0,"64",0,0,0,FALSE
"SAINTHIA|SRINIDHIPUR","89",0,0,0,"65",0,0,0,FALSE
"SURII|ALUNDA","90",0,0,0,,,,,FALSE
"SURII|BHURKUNA","91",0,0,0,,,,,FALSE
"SURII|NAGARI","92",0,1,0,,,,,FALSE
"SURII|KARIDHYA","93",0,0,0,,,,,FALSE
"SURII|KHATANGA","94",1,0,0,,,,,FALSE
"SURII|MALLIKPUR","95",1,0,0,,,,,FALSE
"SURII|TILPARA","96",0,1,0,,,,,FALSE
"SURIII|AVINASHPUR","97",0,0,0,,,,,FALSE
"SURIII|BANSANKA","98",0,0,0,,,,,FALSE
"SURIII|DAMDAMA","99",1,1,0,,,,,FALSE
"SURIII|KENDUA","100",0,0,0,,,,,FALSE
"SURIII|KOMA","101",1,0,1,,,,,FALSE
"SURIII|PURANDARPUR","102",1,0,1,,,,,FALSE
"MAYURESWARI|BAJITPUR","103",0,1,0,"151",0,1,0,FALSE
"MAYURESWARI|BARATURIGRAM","104",1,1,0,"152",1,1,0,FALSE
"MAYURESWARI|DABUK","105",0,0,0,"153",0,0,0,FALSE
"MAYURESWARI|DAKHINGRAM","106",1,0,0,"154",1,0,0,FALSE
"MAYURESWARI|JHIKADDA","107",0,0,0,"155",0,0,0,FALSE
"MAYURESWARI|KANACHI","108",0,0,0,"156",0,0,0,FALSE
"MAYURESWARI|MALLARPURI","109",0,0,0,"157",0,0,0,FALSE
"MAYURESWARI|MALLARPURII","110",0,1,0,"158",0,1,0,FALSE
"MAYURESWARI|TALOAN","111",0,1,0,"159",0,1,0,FALSE
"MAYURESWARII|DASPALSA","112",0,0,0,"160",0,0,0,FALSE
"MAYURESWARII|DHEKA","113",1,1,0,,,,,FALSE
"MAYURESWARII|KALESWER","114",0,0,0,,,,,FALSE
"MAYURESWARII|KUNDALA","115",1,0,0,"163",1,0,0,FALSE
"MAYURESWARII|MAYURESWER","116",0,0,0,,,,,FALSE
"MAYURESWARII|SATPALSA","117",0,0,1,"165",0,0,1,FALSE
"MAYURESWARII|ULKUNDA","118",1,0,0,"166",1,0,0,FALSE
"MURARAII|CHATRA","119",1,1,0,"136",1,1,0,FALSE
"MURARAII|DUMURGRAM","120",0,0,0,"137",0,0,0,FALSE
"MURARAII|GORSHA","121",0,0,0,"138",0,0,0,FALSE
"MURARAII|MAHURAPUR","122",1,0,1,"139",1,0,1,FALSE
"MURARAII|MURARAI","123",0,0,0,"140",0,0,0,FALSE
"MURARAII|PALSA","124",0,0,0,"141",0,0,0,FALSE
"MURARAII|RAIGRAM","125",0,1,0,,,,,FALSE
"MURARAIII|AMDOLE","126",0,1,0,"143",0,1,0,FALSE
"MURARAIII|JAJIGRAM","127",1,1,0,"144",1,1,0,FALSE
"MURARAIII|KUSHMORI","128",0,1,0,,,,,FALSE
"MURARAIII|KUSHMORII","129",1,0,0,,,,,FALSE
"MURARAIII|MITRAPUR","130",0,0,0,"147",0,0,0,FALSE
"MURARAIII|NANDIGRAM","131",0,0,0,"148",0,0,0,FALSE
"MURARAIII|PAIKOR","132",1,0,0,,,,,FALSE
"MURARAIII|RUDRABAGAR","133",1,1,0,,,,,FALSE
"NALHATII|BANIOR","134",1,0,1,"120",1,0,1,FALSE
"NALHATII|BARLA","135",0,1,0,"121",0,1,0,FALSE
"NALHATII|BAUTIA","136",0,0,0,"122",0,0,0,FALSE
"NALHATII|HARIDASPUR","137",0,1,0,"123",0,1,0,FALSE
"NALHATII|KALITHA","138",1,1,0,"124",1,1,0,FALSE
"NALHATII|KAYTHAI","139",1,0,0,"125",1,0,0,FALSE
"NALHATII|KAYTHAII","140",0,0,0,"126",0,0,0,FALSE
"NALHATII|KURUMGRAM","141",0,0,0,"127",0,0,0,FALSE
"|NALHATII","142",,,,,,,,FALSE
"NALHATII|PAIKPARA","143",0,0,0,"129",0,0,0,FALSE
"NALHATII|BARAI","144",0,0,0,,,,,FALSE
"NALHATIII|BARAII","145",0,0,0,,,,,FALSE
"NALHATIII|BHADRAPURI","146",1,0,0,"132",1,0,0,FALSE
"NALHATIII|BHADRAPURII","147",0,1,0,"133",0,1,0,FALSE
"NALHATIII|NOAPARA","148",1,1,0,"134",1,1,0,FALSE
"NALHATIII|SITALGRAM","149",0,0,0,"135",0,0,0,FALSE
"RAMPURHATI|AYAS","150",0,1,1,"103",0,0,0,TRUE
"RAMPURHATI|BANHAT","151",0,1,0,"104",0,1,0,FALSE
"RAMPURHATI|BARSAL","152",1,0,0,"105",1,0,0,FALSE
"RAMPURHATI|DAKHALBATI","153",0,0,0,"106",0,0,0,FALSE
"RAMPURHATI|KASHTHAGARA","154",0,0,0,,,,,FALSE
"RAMPURHATI|KHARUN","155",1,1,0,"108",1,1,0,FALSE
"RAMPURHATI|KUSUMBA","156",0,0,1,"109",0,0,0,TRUE
"RAMPURHATI|MASRA","157",0,1,0,"110",0,1,0,FALSE
"RAMPURHATI|NARAYANPUR","158",0,1,0,"111",0,1,0,FALSE
"RAMPURHATII|BISHNUPUR","159",0,0,0,"112",0,0,0,FALSE
"RAMPURHATII|BUDHIGRAM","160",0,1,0,"113",0,1,0,FALSE
"RAMPURHATII|DUNIGRAM","161",0,0,0,"114",0,0,0,FALSE
"RAMPURHATII|HANSONI","162",0,1,0,,,,,FALSE
"RAMPURHATII|HANSONII","163",0,0,0,,,,,FALSE
"RAMPURHATII|KALUHA","164",1,0,0,"117",1,0,0,FALSE
"RAMPURHATII|MARGRAMI","165",1,0,0,"118",1,0,0,FALSE
"RAMPURHATII|SAHAPUR","166",0,0,0,"119",0,0,0,FALSE
"MOHAMMADBAZAR|SEKADDA",,,,,"77",0,0,0,FALSE
"KHYARASOL|BABUIJOR",,,,,"88",0,0,0,FALSE
"LABHPUR|CHOWHATTAMOHODARIII",,,,,"21",0,0,0,FALSE
"RAMPURHATI|KASTHAGARA",,,,,"107",0,0,0,FALSE
"KHYARASOL|LOKEPUR",,,,,"93",0,0,0,FALSE
"SIURII|BHURKUNA",,,,,"42",0,0,0,FALSE
"MOHAMMADBAZAR|HINGLOW",,,,,"72",1,0,1,FALSE
"MOHAMMADBAZAR|BHUTURA",,,,,"68",1,0,0,FALSE
"MURARAIII|PAIKORII",,,,,"149",,,,FALSE
"NALHATIII|BARRAI",,,,,"130",0,0,0,FALSE
"SIURII|KHATANGA",,,,,"45",1,0,0,FALSE
"SIURII|TILPARA",,,,,"47",0,1,0,FALSE
"KHYARASOL|KHYARASOL",,,,,"92",1,0,0,FALSE
"MOHAMMADBAZAR|BHARKATA",,,,,"67",0,0,0,FALSE
"KHYARASOL|PANCHRA",,,,,"95",0,0,0,FALSE
"KHYARASOL|HAJRATPUR",,,,,"90",1,1,0,FALSE
"KHYARASOL|RUPASPUR",,,,,"97",0,1,0,FALSE
"KHYARASOL|PARSUNDI",,,,,"96",0,0,0,FALSE
"MOHAMMADBAZAR|MOHAMMADBAZAR",,,,,"74",1,0,1,FALSE
"MOHAMMADBAZAR|PURANAGRAM",,,,,"75",1,0,0,FALSE
"SIURII|NAGARI",,,,,"43",0,1,0,FALSE
"SIURII|KARIDHYA",,,,,"44",0,0,0,FALSE
"MAYURESWARII|MAYURESWAR",,,,,"164",0,0,0,FALSE
"ILLAMBAZAR|BATIKOR",,,,,"10",1,0,0,FALSE
"RAJNAGAR|GANGMURIJAYPUR",,,,,"100",0,0,1,FALSE
"SIURIII|KOMA",,,,,"52",1,0,1,FALSE
"MURARAIII|KUSHMOREII",,,,,"146",1,0,0,FALSE
"SIURIII|BANSHANKA",,,,,"49",0,0,0,FALSE
"SIURII|ALUNDA",,,,,"41",0,0,0,FALSE
"MOHAMMADBAZAR|DEUCHA",,,,,"70",0,1,0,FALSE
"KHYARASOL|NAKRAKONDA",,,,,"94",0,0,0,FALSE
"SIURII|MALLICKPUR",,,,,"46",1,0,0,FALSE
"SAINTHIA|HATORA",,,,,"61",0,1,0,FALSE
"SAINTHIA|BHARAMKOLE",,,,,"57",0,0,0,FALSE
"MURARAII|RAJGRAM",,,,,"142",0,1,0,FALSE
"MAYURESWARII|KALESWAR",,,,,"162",0,0,0,FALSE
"LABHPUR|LABHPURII",,,,,"28",0,1,0,FALSE
"SIURIII|DAMDAMA",,,,,"50",1,1,0,FALSE
"MURARAIII|KUSHMOREI",,,,,"145",0,1,0,FALSE
"LABHPUR|CHOWHATTAMOHODARII",,,,,"20",0,1,0,FALSE
"NALHATIII|BARRAII",,,,,"131",0,0,0,FALSE
"MOHAMMADBAZAR|ANGARGARIA",,,,,"66",1,1,0,FALSE
"ILLAMBAZAR|MONGALDIHI",,,,,"16",0,1,0,FALSE
"MOHAMMADBAZAR|RAMPUR",,,,,"76",0,0,0,FALSE
"KHYARASOL|KENDGARE",,,,,"91",0,0,0,FALSE
"MOHAMMADBAZAR|KAPISTA",,,,,"73",0,1,0,FALSE
"BOLPURSRINIKETAN|SATTORE",,,,,"7",0,0,0,FALSE
"SIURIII|KENDUA",,,,,"51",0,0,0,FALSE
"NANOOR|NAWANAGARKODDA",,,,,"38",1,0,0,FALSE
"LABHPUR|LABHPURI",,,,,"27",0,0,1,FALSE
"SIURIII|ABINASHPUR",,,,,"48",0,0,0,FALSE
"SAINTHIA|AHMADPUR",,,,,"54",0,1,0,FALSE
"RAMPURHATII|HANSANII",,,,,"116",0,0,0,FALSE
"MURARAIII|RUDRANAGAR",,,,,"150",,,,FALSE
"MAYURESWARII|DEKHA",,,,,"161",1,1,0,FALSE
"LABHPUR|KURNAHAR",,,,,"26",0,1,0,FALSE
"MOHAMMADBAZAR|GANPUR",,,,,"71",1,1,0,FALSE
"RAMPURHATII|HANSANI",,,,,"115",0,1,0,FALSE
"MOHAMMADBAZAR|CHARICHA",,,,,"69",0,1,0,FALSE
"SIURIII|PURANDARPUR",,,,,"53",1,0,1,FALSE
"KHYARASOL|BARRAH",,,,,"89",1,0,0,FALSE
