"gp_id","gp","block","q98","sc98","st98","female98","source_complete","caste_contradiction","cross_source_conflict","strict","water_built","metal_road","ssk_present"
"1","BAHIRI PANCHSORA","BOLPUR-SRINIKETAN",1,1,0,1,TRUE,FALSE,FALSE,TRUE,1,0,1
"2","KANKALITALA","BOLPUR-SRINIKETAN",1,0,0,1,TRUE,FALSE,FALSE,TRUE,1,1,1
"3","KASBA","BOLPUR-SRINIKETAN",0,1,0,0,TRUE,FALSE,FALSE,TRUE,1,0,1
"4","RAIPUR-SUPUR","BOLPUR-SRINIKETAN",,,,,FALSE,FALSE,FALSE,FALSE,,,
"5","RUPPUR","BOLPUR-SRINIKETAN",,,,,FALSE,FALSE,FALSE,FALSE,,,
"6","SARPALEHANA-ALBANDHA","BOLPUR-SRINIKETAN",0,0,1,0,TRUE,FALSE,FALSE,TRUE,1,0,1
"7","SATTORA","BOLPUR-SRINIKETAN",0,0,0,0,TRUE,FALSE,FALSE,TRUE,1,0,1
"8","SINGHEE","BOLPUR-SRINIKETAN",0,0,1,0,TRUE,FALSE,FALSE,TRUE,1,0,1
"9","SIONMULUK","BOLPUR-SRINIKETAN",0,0,0,0,TRUE,FALSE,FALSE,TRUE,1,0,1
"10","BATIKAR","ILLAMBAZAR",1,0,0,1,TRUE,FALSE,FALSE,TRUE,1,1,0
"11","BILATI","ILLAMBAZAR",0,0,0,0,TRUE,FALSE,FALSE,TRUE,1,0,1
"12","DHARAMPUR","ILLAMBAZAR",0,0,0,0,TRUE,FALSE,FALSE,TRUE,1,0,1
"13","GHURISHA","ILLAMBAZAR",0,1,0,0,TRUE,FALSE,FALSE,TRUE,1,0,1
"14","ILLAMBAZAR","ILLAMBAZAR",,,,,FALSE,FALSE,FALSE,FALSE,,,
"15","JOYDEB-KENDULI","ILLAMBAZAR",,,,,FALSE,FALSE,FALSE,FALSE,,,
"16","MONGOLDIHI","ILLAMBAZAR",0,1,0,0,TRUE,FALSE,FALSE,TRUE,1,0,1
"17","NANASOLE","ILLAMBAZAR",0,0,1,0,TRUE,FALSE,FALSE,TRUE,1,0,1
"18","SIRSA","ILLAMBAZAR",1,1,0,1,TRUE,FALSE,FALSE,TRUE,1,0,0
"19","BIPRATIKURI","LABHPUR",1,1,0,1,TRUE,FALSE,FALSE,TRUE,1,1,1
"20","CHOUJATTA-MOHODAHI - I","LABHPUR",0,1,0,0,TRUE,FALSE,FALSE,TRUE,1,0,1
"21","CHOUJATTA-MOHODAHI - II","LABHPUR",0,0,0,0,TRUE,FALSE,FALSE,TRUE,0,0,1
"22","DWARKA","LABHPUR",1,0,0,1,TRUE,FALSE,FALSE,TRUE,1,1,1
"23","HATIA","LABHPUR",0,0,0,0,TRUE,FALSE,FALSE,TRUE,1,1,1
"24","INDUS","LABHPUR",1,1,0,1,TRUE,FALSE,FALSE,TRUE,1,0,1
"25","JAMNA","LABHPUR",0,1,0,0,TRUE,FALSE,FALSE,TRUE,0,0,0
"26","KURUNHAR","LABHPUR",0,1,0,0,TRUE,FALSE,FALSE,TRUE,0,1,1
"27","LABPUR-I","LABHPUR",0,0,1,0,TRUE,FALSE,FALSE,TRUE,1,1,1
"28","LABPUR-II","LABHPUR",0,1,0,0,TRUE,FALSE,FALSE,TRUE,0,0,0
"29","THIBA","LABHPUR",1,0,0,1,TRUE,FALSE,FALSE,TRUE,1,0,0
"30","BARAH-SAOTA","NANOOR",0,0,0,1,TRUE,FALSE,FALSE,TRUE,1,0,0
"31","CHARKALGRAM","NANOOR",1,1,0,1,TRUE,FALSE,FALSE,TRUE,1,1,1
"32","CHANDIDAS NANOOR","NANOOR",0,1,0,0,TRUE,FALSE,FALSE,TRUE,1,0,1
"33","DASKALGRAM-KAREYA-I","NANOOR",0,0,0,0,TRUE,FALSE,FALSE,TRUE,1,0,0
"34","DASKALGRAM-KAREYA-II","NANOOR",1,1,0,1,TRUE,FALSE,FALSE,TRUE,1,1,0
"35","JALUNDI","NANOOR",0,0,0,0,TRUE,FALSE,FALSE,TRUE,1,1,1
"36","KIRNAHAR-I","NANOOR",0,0,0,0,TRUE,FALSE,FALSE,TRUE,1,0,1
"37","KIRNAHAR II","NANOOR",0,1,0,0,TRUE,FALSE,FALSE,TRUE,1,0,1
"38","NAWANGAR KADDA","NANOOR",1,0,0,1,TRUE,FALSE,FALSE,TRUE,1,1,1
"39","THUPSARA","NANOOR",0,0,0,0,TRUE,FALSE,FALSE,TRUE,1,0,0
"40","UCHKARAN","NANOOR",0,0,0,0,TRUE,FALSE,FALSE,TRUE,1,1,1
"41","BALIJURI","DUBRAJPUR",1,0,0,1,TRUE,FALSE,FALSE,TRUE,1,0,1
"42","CHINPAI","DUBRAJPUR",0,0,0,0,TRUE,FALSE,FALSE,TRUE,1,1,1
"43","GOHALIARA","DUBRAJPUR",0,1,0,0,TRUE,FALSE,FALSE,TRUE,1,1,0
"44","HETAM PUR","DUBRAJPUR",0,0,0,0,TRUE,FALSE,FALSE,TRUE,1,0,1
"45","JASHPUR","DUBRAJPUR",0,0,0,0,TRUE,FALSE,FALSE,TRUE,1,0,1
"46","LAKSHMINARAYANPUR","DUBRAJPUR",0,0,0,0,TRUE,FALSE,FALSE,TRUE,1,1,1
"47","LOBA","DUBRAJPUR",1,1,0,1,TRUE,FALSE,FALSE,TRUE,1,0,1
"48","PADUMA","DUBRAJPUR",1,0,0,1,TRUE,FALSE,FALSE,TRUE,1,1,1
"49","PARULIA","DUBRAJPUR",0,0,1,0,TRUE,FALSE,FALSE,TRUE,1,0,1
"50","SAHAPUR","DUBRAJPUR",1,1,0,1,TRUE,FALSE,FALSE,TRUE,1,0,1
"51","BABUIJOR","KHAYRASOL",0,0,0,0,TRUE,FALSE,FALSE,TRUE,1,0,1
"52","BARRA","KHAYRASOL",1,0,0,1,TRUE,FALSE,FALSE,TRUE,1,0,1
"53","HIJRATPUR","KHAYRASOL",1,1,0,1,TRUE,FALSE,FALSE,TRUE,1,1,0
"54","KENDGARE","KHAYRASOL",0,0,0,0,TRUE,FALSE,FALSE,TRUE,1,1,1
"55","KHAYRASOL","KHAYRASOL",1,0,0,1,TRUE,FALSE,FALSE,TRUE,1,1,1
"56","LOKEPUR","KHAYRASOL",0,0,0,0,TRUE,FALSE,FALSE,TRUE,1,1,1
"57","NAKRAKONDA","KHAYRASOL",0,0,0,0,TRUE,FALSE,FALSE,TRUE,1,1,0
"58","PANCHARA","KHAYRASOL",0,0,0,0,TRUE,FALSE,FALSE,TRUE,1,0,1
"59","PARSUNDI","KHAYRASOL",0,0,0,0,TRUE,FALSE,FALSE,TRUE,1,0,1
"60","RUPASPUR","KHAYRASOL",0,1,0,0,TRUE,FALSE,FALSE,TRUE,1,0,0
"61","ANGARGERIA","MAHAMMADBAZAR",1,1,0,1,TRUE,FALSE,FALSE,TRUE,1,1,1
"62","BHARKATA","MAHAMMADBAZAR",0,0,0,0,TRUE,FALSE,FALSE,TRUE,1,0,1
"63","BHUTURA","MAHAMMADBAZAR",1,0,0,1,TRUE,FALSE,FALSE,TRUE,1,1,1
"64","CHARICHA","MAHAMMADBAZAR",0,1,0,0,TRUE,FALSE,FALSE,TRUE,1,0,1
"65","DOUCHA","MAHAMMADBAZAR",0,1,0,0,TRUE,FALSE,FALSE,TRUE,1,0,0
"66","GONPUR","MAHAMMADBAZAR",1,1,0,1,TRUE,FALSE,FALSE,TRUE,1,1,1
"67","HINGLO","MAHAMMADBAZAR",1,0,1,1,TRUE,FALSE,FALSE,TRUE,1,0,1
"68","KAPISTHA","MAHAMMADBAZAR",0,1,0,0,TRUE,FALSE,FALSE,TRUE,1,0,1
"69","MAHAMMADBAZAR","MAHAMMADBAZAR",1,0,1,1,TRUE,FALSE,FALSE,TRUE,1,0,0
"70","PURANAGRAM","MAHAMMADBAZAR",1,0,0,1,TRUE,FALSE,FALSE,TRUE,1,1,1
"71","RAMPUR","MAHAMMADBAZAR",0,0,0,0,TRUE,FALSE,FALSE,TRUE,0,1,1
"72","SEKEDDA","MAHAMMADBAZAR",0,0,0,0,TRUE,FALSE,FALSE,TRUE,1,0,1
"73","BHABANIPUR","RAJNAGAR",0,0,1,0,TRUE,FALSE,FALSE,TRUE,1,1,1
"74","CHANDRAPUR","RAJNAGAR",1,0,0,1,TRUE,FALSE,FALSE,TRUE,1,1,1
"75","GANGMURI-JAIPUR","RAJNAGAR",0,0,1,0,TRUE,FALSE,FALSE,TRUE,0,0,1
"76","RAJNAGAR","RAJNAGAR",1,1,0,1,TRUE,FALSE,FALSE,TRUE,1,0,1
"77","TANTIPARA","RAJNAGAR",0,0,0,0,TRUE,FALSE,FALSE,TRUE,1,1,1
"78","AHAMADPUR","SAINTHIA",0,1,0,0,TRUE,FALSE,FALSE,TRUE,1,0,1
"79","AMARPUR","SAINTHIA",0,0,1,0,TRUE,FALSE,FALSE,TRUE,1,1,1
"80","BANAGRAM","SAINTHIA",0,0,1,0,TRUE,FALSE,FALSE,TRUE,1,0,1
"81","BHRAMARKOLE","SAINTHIA",0,0,0,0,TRUE,FALSE,FALSE,TRUE,1,1,1
"82","DERIAPUR","SAINTHIA",1,0,1,1,TRUE,FALSE,FALSE,TRUE,1,1,1
"83","FULUR","SAINTHIA",0,0,0,0,TRUE,FALSE,FALSE,TRUE,1,0,0
"84","HARISARA","SAINTHIA",1,0,0,1,TRUE,FALSE,FALSE,TRUE,1,0,0
"85","HATHORA","SAINTHIA",0,1,0,0,TRUE,FALSE,FALSE,TRUE,1,0,1
"86","MATHPALSA","SAINTHIA",0,0,0,0,TRUE,FALSE,FALSE,TRUE,1,1,1
"87","PANRUI","SAINTHIA",1,1,0,1,TRUE,FALSE,TRUE,FALSE,1,1,0
"88","SANGRA","SAINTHIA",0,0,0,1,TRUE,FALSE,FALSE,TRUE,1,1,1
"89","SRINIDHIPUR","SAINTHIA",0,0,0,0,TRUE,FALSE,FALSE,TRUE,1,0,1
"90","ALUNDA","SURI - I",0,0,0,1,TRUE,FALSE,FALSE,TRUE,1,1,0
"91","BHURKUNA","SURI - I",0,0,0,0,TRUE,FALSE,FALSE,TRUE,1,1,1
"92","NAGARI","SURI - I",0,1,0,0,TRUE,FALSE,FALSE,TRUE,1,0,1
"93","KARIDHYA","SURI - I",0,0,0,0,TRUE,FALSE,FALSE,TRUE,1,1,1
"94","KHATANGA","SURI - I",1,0,0,1,TRUE,FALSE,FALSE,TRUE,1,1,0
"95","MALLIK PUR","SURI - I",1,0,0,1,TRUE,FALSE,FALSE,TRUE,1,1,1
"96","TILPARA","SURI - I",0,1,0,1,TRUE,FALSE,FALSE,TRUE,1,1,1
"97","AVINASHPUR","SURI - II",0,0,0,0,TRUE,FALSE,FALSE,TRUE,1,1,1
"98","BANSANKA","SURI - II",0,0,0,0,TRUE,FALSE,FALSE,TRUE,1,0,1
"99","DAMDAMA","SURI - II",1,1,0,1,TRUE,FALSE,FALSE,TRUE,1,1,1
"100","KENDUA","SURI - II",0,0,0,0,TRUE,FALSE,FALSE,TRUE,1,1,1
"101","KOMA","SURI - II",1,0,1,1,TRUE,FALSE,FALSE,TRUE,1,0,0
"102","PURANDARPUR","SURI - II",1,0,1,1,TRUE,FALSE,FALSE,TRUE,1,1,1
"103","BAJITPUR","MAYURESWAR - I",0,1,0,0,TRUE,FALSE,FALSE,TRUE,1,1,1
"104","BARATURIGRAM","MAYURESWAR - I",1,1,0,1,TRUE,FALSE,FALSE,TRUE,1,1,0
"105","DABUK","MAYURESWAR - I",0,0,0,0,TRUE,FALSE,FALSE,TRUE,1,1,1
"106","DAKHINGRAM","MAYURESWAR - I",1,0,0,1,TRUE,FALSE,FALSE,TRUE,1,1,1
"107","JHIKADDA","MAYURESWAR - I",0,0,0,0,TRUE,FALSE,FALSE,TRUE,1,0,1
"108","KANACHI","MAYURESWAR - I",0,0,0,0,TRUE,FALSE,FALSE,TRUE,1,1,1
"109","MALLARPUR-I","MAYURESWAR - I",0,0,0,0,TRUE,FALSE,FALSE,TRUE,1,1,1
"110","MALLARPUR-II","MAYURESWAR - I",0,1,0,0,TRUE,FALSE,FALSE,TRUE,1,1,1
"111","TALOAN","MAYURESWAR - I",0,1,0,1,TRUE,FALSE,FALSE,TRUE,1,0,0
"112","DASPALSA","MAYURESWAR - II",0,0,0,0,TRUE,FALSE,FALSE,TRUE,1,1,1
"113","DHEKA","MAYURESWAR - II",1,1,0,1,TRUE,FALSE,FALSE,TRUE,1,1,1
"114","KALESWER","MAYURESWAR - II",0,0,0,0,TRUE,FALSE,FALSE,TRUE,1,1,1
"115","KUNDALA","MAYURESWAR - II",1,0,0,1,TRUE,FALSE,FALSE,TRUE,1,1,1
"116","MAYURESWER","MAYURESWAR - II",0,0,0,0,TRUE,FALSE,FALSE,TRUE,1,1,1
"117","SATPALSA","MAYURESWAR - II",0,0,1,0,TRUE,FALSE,FALSE,TRUE,1,1,1
"118","ULKUNDA","MAYURESWAR - II",1,0,0,1,TRUE,FALSE,FALSE,TRUE,1,1,0
"119","CHATRA","MURARAI - I",1,1,0,1,TRUE,FALSE,FALSE,TRUE,1,1,0
"120","DUMURGRAM","MURARAI - I",0,0,0,0,TRUE,FALSE,FALSE,TRUE,1,1,0
"121","GORSHA","MURARAI - I",0,0,0,0,TRUE,FALSE,FALSE,TRUE,1,1,0
"122","MAHURAPUR","MURARAI - I",1,0,1,1,TRUE,FALSE,FALSE,TRUE,1,1,1
"123","MURARAI","MURARAI - I",0,0,0,1,TRUE,FALSE,FALSE,TRUE,1,0,1
"124","PALSA","MURARAI - I",0,0,0,0,TRUE,FALSE,FALSE,TRUE,1,0,0
"125","RAIGRAM","MURARAI - I",0,1,0,0,TRUE,FALSE,FALSE,TRUE,1,0,0
"126","AMDOLE","MURARAI - II",0,1,0,0,TRUE,FALSE,FALSE,TRUE,1,0,1
"127","JAJIGRAM","MURARAI - II",1,1,0,1,TRUE,FALSE,FALSE,TRUE,1,0,0
"128","KUSHMOR-I","MURARAI - II",0,1,0,0,TRUE,FALSE,FALSE,TRUE,1,0,1
"129","KUSHMOR-II","MURARAI - II",1,0,0,1,TRUE,FALSE,FALSE,TRUE,1,0,1
"130","MITRAPUR","MURARAI - II",0,0,0,0,TRUE,FALSE,FALSE,TRUE,0,0,0
"131","NANDIGRAM","MURARAI - II",0,0,0,0,TRUE,FALSE,FALSE,TRUE,1,0,1
"132","PAIKOR","MURARAI - II",1,0,0,1,TRUE,FALSE,FALSE,TRUE,1,1,0
"133","RUDRABAGAR","MURARAI - II",1,1,0,1,TRUE,FALSE,FALSE,TRUE,1,1,1
"134","BANIOR","NALHATI - I",1,0,1,1,TRUE,FALSE,FALSE,TRUE,1,0,1
"135","BARLA","NALHATI - I",0,1,0,0,TRUE,FALSE,FALSE,TRUE,1,1,1
"136","BAUTIA","NALHATI - I",0,0,0,0,TRUE,FALSE,FALSE,TRUE,1,1,1
"137","HARIDASPUR","NALHATI - I",0,1,0,0,TRUE,FALSE,FALSE,TRUE,1,1,1
"138","KALITHA","NALHATI - I",1,1,0,1,TRUE,FALSE,FALSE,TRUE,1,0,1
"139","KAYTHA - I","NALHATI - I",1,0,0,1,TRUE,FALSE,FALSE,TRUE,1,1,1
"140","KAYTHA - II","NALHATI - I",0,0,0,0,TRUE,FALSE,FALSE,TRUE,1,1,1
"141","KURUMGRAM","NALHATI - I",0,0,0,0,TRUE,FALSE,FALSE,TRUE,1,1,1
"142","NALHATI-I","",,,,,FALSE,FALSE,FALSE,FALSE,,,
"143","PAIKPARA","NALHATI - I",0,0,0,0,TRUE,FALSE,FALSE,TRUE,1,0,1
"144","BARA-I","NALHATI - I",0,0,0,0,TRUE,FALSE,FALSE,TRUE,1,1,1
"145","BARA-II","NALHATI - II",0,0,0,0,TRUE,FALSE,FALSE,TRUE,1,0,1
"146","BHADRAPUR - I","NALHATI - II",1,0,0,1,TRUE,FALSE,FALSE,TRUE,1,1,0
"147","BHADRAPUR - II","NALHATI - II",0,1,0,1,TRUE,FALSE,FALSE,TRUE,1,1,1
"148","NOAPARA","NALHATI - II",1,1,0,1,TRUE,FALSE,FALSE,TRUE,1,1,0
"149","SITALGRAM","NALHATI - II",0,0,0,0,TRUE,FALSE,FALSE,TRUE,1,0,1
"150","AYAS","RAMPURHAT - I",0,1,1,1,TRUE,TRUE,TRUE,FALSE,1,1,1
"151","BANHAT","RAMPURHAT - I",0,1,0,0,TRUE,FALSE,FALSE,TRUE,1,0,0
"152","BARSAL","RAMPURHAT - I",1,0,0,1,TRUE,FALSE,FALSE,TRUE,1,1,1
"153","DAKHAL BATI","RAMPURHAT - I",0,0,0,0,TRUE,FALSE,FALSE,TRUE,1,1,1
"154","KASHTHAGARA","RAMPURHAT - I",0,0,0,0,TRUE,FALSE,FALSE,TRUE,1,0,1
"155","KHARUN","RAMPURHAT - I",1,1,0,1,TRUE,FALSE,FALSE,TRUE,1,1,1
"156","KUSUMBA","RAMPURHAT - I",0,0,1,0,TRUE,FALSE,TRUE,FALSE,1,0,1
"157","MASRA","RAMPURHAT - I",0,1,0,0,TRUE,FALSE,FALSE,TRUE,1,1,0
"158","NARAYANPUR","RAMPURHAT - I",0,1,0,0,TRUE,FALSE,FALSE,TRUE,1,1,1
"159","BISHNUPUR","RAMPURHAT - II",0,0,0,0,TRUE,FALSE,FALSE,TRUE,1,1,1
"160","BUDHIGRAM","RAMPURHAT - II",0,1,0,0,TRUE,FALSE,FALSE,TRUE,1,1,1
"161","DUNIGRAM","RAMPURHAT - II",0,0,0,0,TRUE,FALSE,FALSE,TRUE,1,1,1
"162","HANSON-I","RAMPURHAT - II",0,1,0,0,TRUE,FALSE,FALSE,TRUE,1,0,1
"163","HANSON-II","RAMPURHAT - II",0,0,0,0,TRUE,FALSE,FALSE,TRUE,1,1,1
"164","KALUHA","RAMPURHAT - II",1,0,0,1,TRUE,FALSE,FALSE,TRUE,1,1,1
"165","MARGRAM - I","RAMPURHAT - II",1,0,0,1,TRUE,FALSE,FALSE,TRUE,1,0,0
"166","SAHAPUR","RAMPURHAT - II",0,0,0,0,TRUE,FALSE,FALSE,TRUE,1,1,1
