"gp_id","reservation_id","gp","block","q98","sc98","st98","q03","sc03","st03","explicit98","explicit03","previous_within_1998_term","history_strict","cross_source_conflict98","current_year_raw","current_other_year_raw","current_other_year_888_raw","previous_year_raw","previous_start_raw","previous_end_raw","survey_observed","id_consistent","exact_gp_name","survey_year_valid","AA0_8_3","pradhan_spouse","female_a0","female_a1","female_a8","sex_conflict","female_followup","strict03","strict_history03","water","metal_road_km","ssk_new"
"77","77","Sekadda","MOHAMMAD BAZAR",0,0,0,0,0,0,TRUE,TRUE,TRUE,TRUE,FALSE,1,,,1,,,TRUE,TRUE,FALSE,TRUE,2006,1,1,1,1,FALSE,1,TRUE,TRUE,102,8,2
"84","89","Loba","DUBRAJPUR",1,1,0,0,0,0,TRUE,TRUE,TRUE,TRUE,FALSE,1,,,1,,,TRUE,TRUE,TRUE,TRUE,2006,1,0,0,0,FALSE,0,TRUE,TRUE,980,0,0
"15","15","Joydeb-Kenduli","ILLAMBAZAR",1,0,0,0,1,0,TRUE,TRUE,TRUE,TRUE,FALSE,1,,,1,,,TRUE,TRUE,FALSE,TRUE,2006,1,0,0,0,FALSE,0,TRUE,TRUE,60,13,3
"88","93","Babuijor","KHYARASOL",0,0,0,1,1,0,TRUE,TRUE,TRUE,TRUE,FALSE,1,,,1,,,TRUE,TRUE,TRUE,TRUE,2006,2,1,1,1,FALSE,1,TRUE,TRUE,,2,5
"21","21","Chowhatta-Mohodari-II","LABHPUR",0,0,0,0,0,0,TRUE,TRUE,TRUE,TRUE,FALSE,1,,,1,,,TRUE,TRUE,FALSE,TRUE,2006,1,0,0,0,FALSE,0,TRUE,TRUE,316,12,3
"122","105","Bautia","NALHATI - I",0,0,0,0,1,0,TRUE,TRUE,TRUE,TRUE,FALSE,1,,,1,,,TRUE,TRUE,TRUE,TRUE,2006,1,0,0,0,FALSE,0,TRUE,TRUE,147,8,0
"143","142","Amdole","MURARAI - II",0,1,0,0,0,0,FALSE,TRUE,TRUE,FALSE,FALSE,1,,,888,1999,2003,TRUE,TRUE,TRUE,TRUE,2006,1,0,0,0,FALSE,0,TRUE,FALSE,145,0,4
"107","122","Kasthagara","RAMPURHAT - I",0,0,0,0,0,1,TRUE,TRUE,TRUE,TRUE,FALSE,1,,,1,,,TRUE,TRUE,TRUE,TRUE,2006,1,0,0,0,FALSE,0,TRUE,TRUE,38,27,3
"158","157","Mallarpur-II","MAYURESWAR - I",0,1,0,1,0,0,TRUE,TRUE,TRUE,TRUE,FALSE,1,,,1,,,TRUE,TRUE,FALSE,TRUE,2006,1,1,1,1,FALSE,1,TRUE,TRUE,168,0,2
"102","82","Tantipara","RAJNAGAR",0,0,0,1,1,0,TRUE,TRUE,TRUE,TRUE,FALSE,1,,,1,,,TRUE,TRUE,TRUE,TRUE,2006,2,1,1,1,FALSE,1,TRUE,TRUE,75,5,2
"93","98","Lokepur","KHYARASOL",0,0,0,0,1,0,TRUE,TRUE,TRUE,TRUE,FALSE,1,,,1,,,TRUE,TRUE,FALSE,TRUE,2006,1,0,0,0,FALSE,0,TRUE,TRUE,70,10,2
"151","150","Bajitpur","MAYURESWAR - I",0,1,0,0,0,0,TRUE,TRUE,TRUE,TRUE,FALSE,1,,,1,,,TRUE,TRUE,TRUE,TRUE,2006,1,0,0,0,FALSE,0,TRUE,TRUE,216,0,0
"30","30","Barahsaota","NANOOR",0,0,0,0,1,0,TRUE,TRUE,TRUE,TRUE,FALSE,1,,,1,,,TRUE,TRUE,TRUE,TRUE,2006,1,0,0,0,FALSE,0,TRUE,TRUE,,0,0
"42","54","Bhurkuna","SIURI-I",0,0,0,0,1,0,TRUE,TRUE,TRUE,TRUE,FALSE,1,,,1,,,TRUE,TRUE,TRUE,TRUE,2006,2,1,1,1,FALSE,1,TRUE,TRUE,85,9,3
"24","24","Indus","LABHPUR",1,1,0,0,0,0,TRUE,TRUE,TRUE,TRUE,FALSE,1,,,1,,,TRUE,TRUE,TRUE,TRUE,2006,1,0,0,0,FALSE,0,TRUE,TRUE,110,0,0
"72","72","Hinglow","MOHAMMAD BAZAR",1,0,1,0,0,1,TRUE,TRUE,TRUE,TRUE,FALSE,1,,,1,,,TRUE,TRUE,FALSE,TRUE,2006,1,1,1,1,FALSE,1,TRUE,TRUE,34,7,1
"68","68","Bhutura","MOHAMMAD BAZAR",1,0,0,0,0,0,TRUE,TRUE,TRUE,TRUE,FALSE,1,,,1,,,TRUE,TRUE,TRUE,TRUE,2006,1,0,0,0,FALSE,0,TRUE,TRUE,60,0,0
"82","87","Jashpur","DUBRAJPUR",0,0,0,0,1,0,TRUE,TRUE,TRUE,TRUE,FALSE,1,,,1,,,TRUE,TRUE,FALSE,TRUE,2006,1,0,0,0,FALSE,0,TRUE,TRUE,70,6,2
"147","146","Mitrapur","MURARAI - II",0,0,0,0,1,0,TRUE,TRUE,TRUE,TRUE,FALSE,1,,,1,,,TRUE,TRUE,TRUE,TRUE,2006,1,0,0,0,FALSE,0,TRUE,TRUE,95,,1
"155","154","Jhikadda","MAYURESWAR - I",0,0,0,0,0,0,TRUE,TRUE,TRUE,TRUE,FALSE,1,,,1,,,TRUE,TRUE,TRUE,TRUE,2006,1,0,0,0,FALSE,0,TRUE,TRUE,370,12,1
"149","148","Paikor-II","MURARAI - II",,,,0,0,0,FALSE,TRUE,FALSE,FALSE,FALSE,1,,,888,2003,2005,TRUE,TRUE,FALSE,TRUE,2006,1,0,0,0,FALSE,0,TRUE,FALSE,,0,0
"31","31","Charkalgram","NANOOR",1,1,0,0,0,0,TRUE,TRUE,TRUE,TRUE,FALSE,1,,,1,,,TRUE,TRUE,FALSE,TRUE,2006,1,0,0,0,FALSE,0,TRUE,TRUE,156,17,2
"2","2","Kankalitala","BOLPUR-SRINIKETAN",1,0,0,1,1,0,TRUE,TRUE,TRUE,TRUE,FALSE,1,,,1,,,TRUE,TRUE,FALSE,TRUE,2006,2,1,1,1,FALSE,1,TRUE,TRUE,,0,0
"79","84","Chinpai","DUBRAJPUR",0,0,0,0,1,0,TRUE,TRUE,TRUE,TRUE,FALSE,1,,,1,,,TRUE,TRUE,TRUE,TRUE,2006,1,0,0,0,FALSE,0,TRUE,TRUE,50,0,0
"130","112","Barra-I","NALHATI - II",0,0,0,0,0,0,TRUE,TRUE,TRUE,TRUE,FALSE,1,,,1,,,TRUE,TRUE,FALSE,TRUE,2006,1,0,0,0,FALSE,0,TRUE,TRUE,208,0,3
"45","57","Khatanga","SIURI-I",1,0,0,1,1,0,TRUE,TRUE,TRUE,TRUE,FALSE,1,,,1,,,TRUE,TRUE,TRUE,TRUE,2006,2,1,1,1,FALSE,1,TRUE,TRUE,187,9,
"105","120","Barsal","RAMPURHAT - I",1,0,0,1,0,0,TRUE,TRUE,TRUE,TRUE,FALSE,1,,,1,,,TRUE,TRUE,TRUE,TRUE,2006,2,1,1,1,FALSE,1,TRUE,TRUE,127,0,0
"47","59","Tilpara","SIURI-I",0,1,0,0,0,0,TRUE,TRUE,TRUE,TRUE,FALSE,1,,,1,,,TRUE,TRUE,TRUE,TRUE,2006,1,0,0,0,FALSE,0,TRUE,TRUE,35,15,2
"86","91","Parulia","DUBRAJPUR",0,0,1,0,0,0,TRUE,TRUE,TRUE,TRUE,FALSE,1,,,1,,,TRUE,TRUE,TRUE,TRUE,2006,1,0,0,0,FALSE,0,TRUE,TRUE,85,0,3
"56","43","Banagram","SAINTHIA",0,0,1,0,0,0,TRUE,TRUE,TRUE,TRUE,FALSE,1,,,1,,,TRUE,TRUE,TRUE,TRUE,2006,1,0,0,0,FALSE,0,TRUE,TRUE,250,0,1
"154","153","Dakhingram","MAYURESWAR - I",1,0,0,0,1,0,TRUE,TRUE,TRUE,TRUE,FALSE,1,,,1,,,TRUE,TRUE,FALSE,TRUE,2006,1,0,0,0,FALSE,0,TRUE,TRUE,322,0,0
"124","107","Kalitha","NALHATI - I",1,1,0,0,0,0,TRUE,TRUE,TRUE,TRUE,FALSE,1,,,1,,,TRUE,TRUE,TRUE,TRUE,2006,1,0,0,0,FALSE,0,TRUE,TRUE,516,7,0
"129","111","Paikpara","NALHATI - I",0,0,0,0,1,0,TRUE,TRUE,TRUE,TRUE,FALSE,1,,,1,,,TRUE,TRUE,TRUE,TRUE,2006,2,1,1,1,FALSE,1,TRUE,TRUE,149,10,0
"153","152","Dabuk","MAYURESWAR - I",0,0,0,1,0,0,TRUE,TRUE,TRUE,TRUE,FALSE,1,,,1,,,TRUE,TRUE,TRUE,TRUE,2006,2,1,1,1,FALSE,1,TRUE,TRUE,130,7,0
"59","46","Fulur","SAINTHIA",0,0,0,0,1,0,TRUE,TRUE,TRUE,TRUE,FALSE,1,,,1,,,TRUE,TRUE,TRUE,TRUE,2006,1,0,0,0,FALSE,0,TRUE,TRUE,55,0,0
"65","52","Srinidhipur","SAINTHIA",0,0,0,0,0,1,TRUE,TRUE,TRUE,TRUE,FALSE,1,,,1,,,TRUE,TRUE,TRUE,TRUE,2006,1,0,0,0,FALSE,0,TRUE,TRUE,144,0,0
"3","3","Kasba","BOLPUR-SRINIKETAN",0,1,0,0,0,1,TRUE,TRUE,TRUE,TRUE,FALSE,1,,,1,,,TRUE,TRUE,TRUE,TRUE,2006,1,1,0,0,TRUE,,TRUE,TRUE,26,4,0
"12","12","Dharampur","ILLAMBAZAR",0,0,0,1,1,0,TRUE,TRUE,TRUE,TRUE,FALSE,1,,,1,,,TRUE,TRUE,TRUE,TRUE,2006,2,1,1,1,FALSE,1,TRUE,TRUE,621,0,
"119","134","Sahapur","RAMPURHAT - II",0,0,0,1,1,0,TRUE,TRUE,TRUE,TRUE,FALSE,1,,,1,,,TRUE,TRUE,TRUE,TRUE,2006,2,1,1,1,FALSE,1,TRUE,TRUE,186,7,4
"92","97","Khyarasol","KHYARASOL",1,0,0,0,1,0,TRUE,TRUE,TRUE,TRUE,FALSE,1,,,1,,,TRUE,TRUE,FALSE,TRUE,2006,1,0,0,0,FALSE,0,TRUE,TRUE,55,0,3
"136","135","Chatra","MURARAI - I",1,1,0,0,0,0,TRUE,TRUE,TRUE,TRUE,FALSE,1,,,1,,,TRUE,TRUE,TRUE,TRUE,2006,1,0,0,0,FALSE,0,TRUE,TRUE,300,4,2
"13","13","Ghurisha","ILLAMBAZAR",0,1,0,0,0,0,TRUE,TRUE,TRUE,TRUE,FALSE,1,,,1,,,TRUE,TRUE,TRUE,TRUE,2006,1,0,0,0,FALSE,0,TRUE,TRUE,15,0,0
"135","117","Sitalgram","NALHATI - II",0,0,0,1,1,0,TRUE,TRUE,TRUE,TRUE,FALSE,1,,,1,,,TRUE,TRUE,TRUE,TRUE,2006,2,1,1,1,FALSE,1,TRUE,TRUE,21,7,0
"67","67","Bharkata","MOHAMMAD BAZAR",0,0,0,1,0,0,TRUE,TRUE,TRUE,TRUE,FALSE,1,,,1,,,TRUE,TRUE,TRUE,TRUE,2006,2,1,1,1,FALSE,1,TRUE,TRUE,10,0,0
"87","92","Sahapur","DUBRAJPUR",1,1,0,1,0,0,TRUE,TRUE,TRUE,TRUE,FALSE,1,,,1,,,TRUE,TRUE,TRUE,TRUE,2006,2,1,1,1,FALSE,1,TRUE,TRUE,120,2,2
"4","4","Raipur-Supur","BOLPUR-SRINIKETAN",1,1,0,1,0,0,TRUE,TRUE,TRUE,TRUE,FALSE,1,,,1,,,TRUE,TRUE,TRUE,TRUE,2006,2,1,1,1,FALSE,1,TRUE,TRUE,165,0,0
"95","100","Panchra","KHYARASOL",0,0,0,0,0,0,TRUE,TRUE,TRUE,TRUE,FALSE,1,,,1,,,TRUE,TRUE,TRUE,TRUE,2006,1,0,0,0,FALSE,0,TRUE,TRUE,325,2,2
"90","95","Hajratpur","KHYARASOL",1,1,0,0,0,0,TRUE,TRUE,TRUE,TRUE,FALSE,1,,,1,,,TRUE,TRUE,TRUE,TRUE,2006,1,0,0,0,FALSE,0,TRUE,TRUE,62,3,
"97","102","Rupaspur","KHYARASOL",0,1,0,0,0,0,FALSE,TRUE,TRUE,FALSE,FALSE,1,,,888,2001,2003,TRUE,TRUE,TRUE,TRUE,2006,1,0,0,0,FALSE,0,TRUE,FALSE,51,0,1
"139","138","Mahurapur","MURARAI - I",1,0,1,1,0,1,TRUE,TRUE,TRUE,TRUE,FALSE,1,,,1,,,TRUE,TRUE,TRUE,FALSE,2000,2,1,1,1,FALSE,1,FALSE,FALSE,65,0,0
"117","132","Kaluha","RAMPURHAT - II",1,0,0,0,1,0,TRUE,TRUE,TRUE,TRUE,FALSE,1,,,1,,,TRUE,TRUE,TRUE,TRUE,2006,1,0,0,0,FALSE,0,TRUE,TRUE,244,0,3
"35","35","Jalundi","NANOOR",0,0,0,1,1,0,TRUE,TRUE,TRUE,TRUE,FALSE,1,,,1,,,TRUE,TRUE,TRUE,TRUE,2006,1,1,1,1,FALSE,1,TRUE,TRUE,157,8,2
"96","101","Parsundi","KHYARASOL",0,0,0,1,0,0,FALSE,TRUE,TRUE,FALSE,FALSE,1,,,888,2000,2003,TRUE,TRUE,TRUE,TRUE,2006,2,1,1,1,FALSE,1,TRUE,FALSE,,,0
"18","18","Sirsa","ILLAMBAZAR",1,1,0,0,0,0,TRUE,TRUE,TRUE,TRUE,FALSE,1,,,1,,,TRUE,TRUE,TRUE,TRUE,2006,1,0,0,0,FALSE,0,TRUE,TRUE,57,0,2
"74","74","Mohammad Bazar","MOHAMMAD BAZAR",1,0,1,1,0,0,TRUE,TRUE,TRUE,TRUE,FALSE,1,,,1,,,TRUE,TRUE,FALSE,TRUE,2006,,1,,1,FALSE,1,TRUE,TRUE,56,0,0
"140","139","Murarai","MURARAI - I",0,0,0,0,1,0,TRUE,TRUE,TRUE,TRUE,FALSE,1,,,1,,,TRUE,TRUE,TRUE,TRUE,2006,1,0,0,0,FALSE,0,TRUE,TRUE,27,6,0
"141","140","Palsa","MURARAI - I",0,0,0,0,1,0,TRUE,TRUE,TRUE,TRUE,FALSE,1,,,1,,,TRUE,TRUE,TRUE,TRUE,2006,1,0,0,0,FALSE,0,TRUE,TRUE,17,0,0
"8","8","Singhee","BOLPUR-SRINIKETAN",0,0,1,0,0,0,TRUE,TRUE,TRUE,TRUE,FALSE,1,,,1,,,TRUE,TRUE,TRUE,TRUE,2006,2,1,1,1,FALSE,1,TRUE,TRUE,187,12,4
"32","32","Chandidas Nanoor","NANOOR",0,1,0,1,0,0,TRUE,TRUE,TRUE,TRUE,FALSE,1,,,1,,,TRUE,TRUE,TRUE,TRUE,2006,1,1,1,1,FALSE,1,TRUE,TRUE,150,13,4
"81","86","Hetampur","DUBRAJPUR",0,0,0,0,0,0,TRUE,TRUE,TRUE,TRUE,FALSE,1,,,1,,,TRUE,TRUE,TRUE,TRUE,2006,1,1,1,1,FALSE,1,TRUE,TRUE,88,3,3
"106","121","Dakhalbati","RAMPURHAT - I",0,0,0,0,0,0,TRUE,TRUE,TRUE,TRUE,FALSE,1,,,1,,,TRUE,TRUE,TRUE,TRUE,2006,1,0,0,0,FALSE,0,TRUE,TRUE,114,0,2
"75","75","Puranagram","MOHAMMAD BAZAR",1,0,0,1,1,0,TRUE,TRUE,TRUE,TRUE,FALSE,1,,,1,,,TRUE,TRUE,TRUE,TRUE,2006,1,1,1,1,FALSE,1,TRUE,TRUE,95,0,0
"43","55","Nagari","SIURI-I",0,1,0,1,0,0,TRUE,TRUE,TRUE,TRUE,FALSE,1,,,1,,,TRUE,TRUE,TRUE,TRUE,2006,2,1,1,1,FALSE,1,TRUE,TRUE,34,15,2
"44","56","Karidhya","SIURI-I",0,0,0,0,0,1,TRUE,TRUE,TRUE,TRUE,FALSE,1,,,1,,,TRUE,TRUE,TRUE,TRUE,2006,1,0,0,0,FALSE,0,TRUE,TRUE,145,1,0
"133","115","Bhadrapur-II","NALHATI - II",0,1,0,1,0,0,TRUE,TRUE,TRUE,TRUE,FALSE,1,,,1,,,TRUE,TRUE,TRUE,TRUE,2006,2,1,1,1,FALSE,1,TRUE,TRUE,200,9,0
"164","163","Mayureswar","MAYURESWAR - II",0,0,0,1,1,0,TRUE,TRUE,TRUE,TRUE,FALSE,1,,,1,,,TRUE,TRUE,FALSE,TRUE,2006,1,1,1,1,FALSE,1,TRUE,TRUE,310,4,4
"10","10","Batikor","ILLAMBAZAR",1,0,0,0,1,0,FALSE,TRUE,TRUE,FALSE,FALSE,1,,,888,1998,2002,TRUE,TRUE,TRUE,TRUE,2006,1,0,0,0,FALSE,0,TRUE,FALSE,95,7,
"100","80","Gangmuri-Jaypur","RAJNAGAR",0,0,1,0,0,0,TRUE,TRUE,TRUE,TRUE,FALSE,1,,,1,,,TRUE,TRUE,FALSE,TRUE,2006,1,0,0,0,FALSE,0,TRUE,TRUE,100,0,4
"52","64","Koma","SIURI-II",1,0,1,0,0,0,TRUE,TRUE,TRUE,TRUE,FALSE,1,,,1,,,TRUE,TRUE,TRUE,TRUE,2006,1,0,0,0,FALSE,0,TRUE,TRUE,92,0,1
"146","145","Kushmore-II","MURARAI - II",1,0,0,1,1,0,TRUE,TRUE,TRUE,TRUE,FALSE,1,,,1,,,TRUE,TRUE,TRUE,TRUE,2006,2,1,1,1,FALSE,1,TRUE,TRUE,26,5,0
"83","88","Lakshmi Narayanpur","DUBRAJPUR",0,0,0,0,0,0,TRUE,TRUE,TRUE,TRUE,FALSE,1,,,1,,,TRUE,TRUE,FALSE,TRUE,2006,2,1,1,1,FALSE,1,TRUE,TRUE,80,8,1
"34","34","Daskalgram Kareya-II","NANOOR",1,1,0,0,0,0,FALSE,TRUE,TRUE,FALSE,FALSE,1,,,888,1998,2001,TRUE,TRUE,FALSE,TRUE,2006,1,0,0,0,FALSE,0,TRUE,FALSE,131,0,0
"49","61","Banshanka","SIURI-II",0,0,0,0,1,0,TRUE,TRUE,TRUE,TRUE,FALSE,1,,,1,,,TRUE,TRUE,FALSE,TRUE,2006,1,0,0,0,FALSE,0,TRUE,TRUE,165,0,0
"163","162","Kundala","MAYURESWAR - II",1,0,0,0,0,0,FALSE,TRUE,TRUE,FALSE,FALSE,1,,,888,2001,2003,TRUE,TRUE,FALSE,TRUE,2006,1,0,0,0,FALSE,0,TRUE,FALSE,331,8,7
"108","123","Kharun","RAMPURHAT - I",1,1,0,0,0,0,TRUE,TRUE,TRUE,TRUE,FALSE,1,,,1,,,TRUE,TRUE,TRUE,TRUE,2006,1,0,0,0,FALSE,0,TRUE,TRUE,180,6,0
"166","165","Ulkunda","MAYURESWAR - II",1,0,0,0,1,0,TRUE,TRUE,TRUE,TRUE,FALSE,1,,,1,,,TRUE,TRUE,TRUE,TRUE,2006,2,1,1,1,FALSE,1,TRUE,TRUE,50,5,3
"33","33","Daskalgram Kareya-I","NANOOR",0,0,0,1,0,0,TRUE,TRUE,TRUE,TRUE,FALSE,1,,,1,,,TRUE,TRUE,FALSE,TRUE,2006,2,1,1,1,FALSE,1,TRUE,TRUE,135,0,0
"41","53","Alunda","SIURI-I",0,0,0,0,0,0,TRUE,TRUE,TRUE,TRUE,FALSE,1,,,1,,,TRUE,TRUE,TRUE,TRUE,2006,1,0,0,0,FALSE,0,TRUE,TRUE,175,0,0
"157","156","Mallarpur-I","MAYURESWAR - I",0,0,0,0,0,1,TRUE,TRUE,TRUE,TRUE,FALSE,1,,,1,,,TRUE,TRUE,FALSE,TRUE,2006,1,0,0,0,FALSE,0,TRUE,TRUE,162,0,0
"29","29","Thiba","LABHPUR",1,0,0,1,1,0,TRUE,TRUE,TRUE,TRUE,FALSE,1,,,1,,,TRUE,TRUE,TRUE,TRUE,2006,2,1,1,1,FALSE,1,TRUE,TRUE,129,0,0
"39","39","Thupsara","NANOOR",0,0,0,0,1,0,TRUE,TRUE,TRUE,TRUE,FALSE,1,,,1,,,TRUE,TRUE,TRUE,TRUE,2006,1,0,0,0,FALSE,0,TRUE,TRUE,25,5,0
"70","70","Deucha","MOHAMMAD BAZAR",0,1,0,1,0,0,TRUE,TRUE,TRUE,TRUE,FALSE,1,,,1,,,TRUE,TRUE,TRUE,TRUE,2006,2,1,1,1,FALSE,1,TRUE,TRUE,48,0,2
"98","78","Bhabanipur","RAJNAGAR",0,0,1,0,1,0,TRUE,TRUE,TRUE,TRUE,FALSE,1,,,1,,,TRUE,TRUE,TRUE,TRUE,2006,2,1,1,1,FALSE,1,TRUE,TRUE,116,12,2
"94","99","Nakrakonda","KHYARASOL",0,0,0,0,0,0,TRUE,TRUE,TRUE,TRUE,FALSE,1,,,1,,,TRUE,TRUE,TRUE,TRUE,2006,1,0,0,0,FALSE,0,TRUE,TRUE,91,95,0
"46","58","Mallickpur","SIURI-I",1,0,0,1,0,0,TRUE,TRUE,TRUE,TRUE,FALSE,1,,,1,,,TRUE,TRUE,TRUE,TRUE,2006,2,1,1,1,FALSE,1,TRUE,TRUE,76,2,3
"61","48","Hatora","SAINTHIA",0,1,0,0,0,0,TRUE,TRUE,TRUE,TRUE,FALSE,1,,,1,,,TRUE,TRUE,TRUE,TRUE,2006,1,0,0,0,FALSE,0,TRUE,TRUE,156,0,0
"138","137","Gorsha","MURARAI - I",0,0,0,1,0,0,TRUE,TRUE,TRUE,TRUE,FALSE,1,,,1,,,TRUE,TRUE,FALSE,TRUE,2006,2,1,1,1,FALSE,1,TRUE,TRUE,43,0,0
"123","106","Haridaspur","NALHATI - I",0,1,0,0,0,0,TRUE,TRUE,TRUE,TRUE,FALSE,1,,,1,,,TRUE,TRUE,TRUE,TRUE,2006,1,0,0,0,FALSE,0,TRUE,TRUE,180,0,4
"78","83","Balijuri","DUBRAJPUR",1,0,0,1,0,0,TRUE,TRUE,TRUE,TRUE,FALSE,1,,,1,,,TRUE,TRUE,TRUE,TRUE,2006,2,1,1,1,FALSE,1,TRUE,TRUE,85,0,3
"144","143","Jajigram","MURARAI - II",1,1,0,1,0,0,TRUE,TRUE,TRUE,TRUE,FALSE,1,,,1,,,TRUE,TRUE,TRUE,TRUE,2006,2,1,1,1,FALSE,1,TRUE,TRUE,47,1,0
"1","1","Bahiri Panchsora","BOLPUR-SRINIKETAN",1,1,0,0,0,1,TRUE,TRUE,TRUE,TRUE,FALSE,1,,,1,,,TRUE,TRUE,FALSE,TRUE,2006,1,0,0,0,FALSE,0,TRUE,TRUE,230,13,3
"109","124","Kusumba","RAMPURHAT - I",0,0,0,1,1,0,FALSE,TRUE,TRUE,FALSE,TRUE,1,,,888,2001,2003,TRUE,TRUE,TRUE,TRUE,2006,1,1,1,1,FALSE,1,TRUE,FALSE,230,0,0
"63","50","Panrui","SAINTHIA",1,0,0,0,1,0,FALSE,TRUE,TRUE,FALSE,TRUE,1,,,888,2000,2003,TRUE,TRUE,TRUE,TRUE,2006,1,0,0,0,FALSE,0,TRUE,FALSE,175,12,0
"57","44","Bharamkole","SAINTHIA",0,0,0,0,0,0,TRUE,TRUE,TRUE,TRUE,FALSE,1,,,1,,,TRUE,TRUE,FALSE,TRUE,2006,1,0,0,0,FALSE,0,TRUE,TRUE,4,0,0
"142","141","Rajgram","MURARAI - I",0,1,0,0,0,0,TRUE,TRUE,TRUE,TRUE,FALSE,1,,,1,,,TRUE,TRUE,TRUE,TRUE,2006,1,0,0,0,FALSE,0,TRUE,TRUE,63,7,4
"162","161","Kaleswar","MAYURESWAR - II",0,0,0,0,1,0,FALSE,TRUE,TRUE,FALSE,FALSE,1,,,888,1999,2003,TRUE,TRUE,TRUE,TRUE,2006,2,1,1,1,FALSE,1,TRUE,FALSE,110,0,0
"125","108","Kaytha-I","NALHATI - I",1,0,0,1,0,0,TRUE,TRUE,TRUE,TRUE,FALSE,1,,,1,,,TRUE,TRUE,TRUE,TRUE,2006,2,1,1,1,FALSE,1,TRUE,TRUE,,0,0
"28","28","Labhpur-II","LABHPUR",0,1,0,0,0,0,TRUE,TRUE,TRUE,TRUE,FALSE,1,,,1,,,FALSE,,FALSE,FALSE,,,,,,,,FALSE,FALSE,,,
"50","62","Damdama","SIURI-II",1,1,0,0,0,0,TRUE,TRUE,TRUE,TRUE,FALSE,1,,,1,,,TRUE,TRUE,FALSE,TRUE,2006,2,1,1,1,FALSE,1,TRUE,TRUE,255,0,1
"110","125","Masra","RAMPURHAT - I",0,1,0,0,0,0,TRUE,TRUE,TRUE,TRUE,FALSE,1,,,1,,,TRUE,TRUE,TRUE,TRUE,2006,1,0,0,0,FALSE,0,TRUE,TRUE,,0,0
"145","144","Kushmore-I","MURARAI - II",0,1,0,1,0,0,TRUE,TRUE,TRUE,TRUE,FALSE,1,,,1,,,TRUE,TRUE,TRUE,TRUE,2006,2,1,1,1,FALSE,1,TRUE,TRUE,12,2,3
"111","126","Narayanpur","RAMPURHAT - I",0,1,0,0,0,0,FALSE,TRUE,TRUE,FALSE,FALSE,1,,,888,2000,2003,TRUE,TRUE,TRUE,TRUE,2006,1,0,0,0,FALSE,0,TRUE,FALSE,156,0,0
"120","103","Banior","NALHATI - I",1,0,1,1,0,0,TRUE,TRUE,TRUE,TRUE,FALSE,1,,,1,,,TRUE,TRUE,TRUE,TRUE,2006,2,1,1,1,FALSE,1,TRUE,TRUE,0,10,2
"20","20","Chowhatta-Mohodari-I","LABHPUR",0,1,0,0,0,0,TRUE,TRUE,TRUE,TRUE,FALSE,1,,,1,,,TRUE,TRUE,FALSE,TRUE,2006,1,0,0,0,FALSE,0,TRUE,TRUE,40,5,2
"62","49","Mathpalsa","SAINTHIA",0,0,0,1,1,0,TRUE,TRUE,TRUE,TRUE,FALSE,1,,,1,,,TRUE,TRUE,TRUE,TRUE,2006,2,1,1,1,FALSE,1,TRUE,TRUE,170,14,
"113","128","Budhigram","RAMPURHAT - II",0,1,0,0,0,0,TRUE,TRUE,TRUE,TRUE,FALSE,1,,,1,,,TRUE,TRUE,TRUE,TRUE,2006,2,1,1,1,FALSE,1,TRUE,TRUE,29,0,0
"36","36","Kirnahar-I","NANOOR",0,0,0,1,1,0,TRUE,TRUE,TRUE,TRUE,FALSE,1,,,1,,,TRUE,TRUE,TRUE,TRUE,2006,,1,,1,FALSE,1,TRUE,TRUE,,1,0
"148","147","Nandigram","MURARAI - II",0,0,0,0,0,0,TRUE,TRUE,TRUE,TRUE,FALSE,1,,,1,,,TRUE,TRUE,FALSE,TRUE,2006,1,0,0,0,FALSE,0,TRUE,TRUE,0,0,0
"131","113","Barra-II","NALHATI - II",0,0,0,0,0,0,TRUE,TRUE,TRUE,TRUE,FALSE,1,,,1,,,TRUE,TRUE,FALSE,TRUE,2006,1,0,0,0,FALSE,0,TRUE,TRUE,157,0,1
"66","66","Angargaria","MOHAMMAD BAZAR",1,1,0,0,1,0,TRUE,TRUE,TRUE,TRUE,FALSE,1,,,1,,,TRUE,TRUE,TRUE,TRUE,2006,1,0,0,0,FALSE,0,TRUE,TRUE,100,0,0
"5","5","Ruppur","BOLPUR-SRINIKETAN",0,0,0,0,1,0,TRUE,TRUE,TRUE,TRUE,FALSE,1,,,1,,,TRUE,TRUE,TRUE,TRUE,2006,1,0,0,0,FALSE,0,TRUE,TRUE,,,0
"16","16","Mongaldihi","ILLAMBAZAR",0,1,0,0,0,0,TRUE,TRUE,TRUE,TRUE,FALSE,1,,,1,,,FALSE,,FALSE,FALSE,,,,,,,,FALSE,FALSE,,,
"11","11","Bilati","ILLAMBAZAR",0,0,0,0,0,0,TRUE,TRUE,TRUE,TRUE,FALSE,1,,,1,,,TRUE,TRUE,TRUE,TRUE,2006,1,0,0,0,FALSE,0,TRUE,TRUE,0,4,0
"137","136","Dumurgram","MURARAI - I",0,0,0,0,0,0,TRUE,TRUE,TRUE,TRUE,FALSE,1,,,1,,,TRUE,TRUE,TRUE,TRUE,2006,1,0,0,0,FALSE,0,TRUE,TRUE,17,0,2
"160","159","Daspalsa","MAYURESWAR - II",0,0,0,1,0,0,TRUE,TRUE,TRUE,TRUE,FALSE,1,,,1,,,TRUE,TRUE,TRUE,TRUE,2006,2,1,1,1,FALSE,1,TRUE,TRUE,69,0,0
"40","40","Uchkaran","NANOOR",0,0,0,0,1,0,TRUE,TRUE,TRUE,TRUE,FALSE,1,,,1,,,TRUE,TRUE,TRUE,TRUE,2006,1,0,0,0,FALSE,0,TRUE,TRUE,,,0
"76","76","Rampur","MOHAMMAD BAZAR",0,0,0,0,0,1,TRUE,TRUE,TRUE,TRUE,FALSE,1,,,1,,,TRUE,TRUE,TRUE,TRUE,2006,1,0,0,0,FALSE,0,TRUE,TRUE,32,0,0
"114","129","Dunigram","RAMPURHAT - II",0,0,0,0,0,0,TRUE,TRUE,TRUE,TRUE,FALSE,1,,,1,,,TRUE,TRUE,TRUE,TRUE,2006,1,0,0,0,FALSE,0,TRUE,TRUE,228,0,4
"19","19","Bipratikuri","LABHPUR",1,1,0,1,0,0,TRUE,TRUE,TRUE,TRUE,FALSE,1,,,1,,,TRUE,TRUE,TRUE,TRUE,2006,1,1,1,1,FALSE,1,TRUE,TRUE,85,11,0
"91","96","Kendgare","KHYARASOL",0,0,0,0,1,0,TRUE,TRUE,TRUE,TRUE,FALSE,1,,,1,,,TRUE,TRUE,FALSE,TRUE,2006,1,0,0,0,FALSE,0,TRUE,TRUE,,1,6
"73","73","Kapista","MOHAMMAD BAZAR",0,1,0,0,0,0,TRUE,TRUE,TRUE,TRUE,FALSE,1,,,1,,,TRUE,TRUE,TRUE,TRUE,2006,1,0,0,0,FALSE,0,TRUE,TRUE,100,7,1
"37","37","Kirnahar-II","NANOOR",,,,0,0,0,FALSE,TRUE,FALSE,FALSE,FALSE,1,,,888,2003,2004,TRUE,TRUE,TRUE,TRUE,2006,1,0,0,0,FALSE,0,TRUE,FALSE,187,5,0
"159","158","Taloan","MAYURESWAR - I",0,1,0,1,0,1,TRUE,TRUE,TRUE,TRUE,FALSE,1,,,1,,,TRUE,TRUE,TRUE,TRUE,2006,2,1,1,1,FALSE,1,TRUE,TRUE,179,2,0
"165","164","Satpalsa","MAYURESWAR - II",0,0,1,0,0,0,TRUE,TRUE,TRUE,TRUE,FALSE,1,,,1,,,TRUE,TRUE,TRUE,TRUE,2006,1,0,0,0,FALSE,0,TRUE,TRUE,140,9,0
"7","7","Sattore","BOLPUR-SRINIKETAN",0,0,0,1,0,0,TRUE,TRUE,TRUE,TRUE,FALSE,1,,,1,,,TRUE,TRUE,FALSE,TRUE,2006,1,1,1,1,FALSE,1,TRUE,TRUE,188,0,0
"99","79","Chandrapur","RAJNAGAR",1,0,0,0,0,0,TRUE,TRUE,TRUE,TRUE,FALSE,1,,,1,,,FALSE,,FALSE,FALSE,,,,,,,,FALSE,FALSE,,,
"134","116","Noapara","NALHATI - II",1,1,0,0,0,0,TRUE,TRUE,TRUE,TRUE,FALSE,1,,,1,,,TRUE,TRUE,TRUE,TRUE,2006,1,0,0,0,FALSE,0,TRUE,TRUE,322,10,0
"51","63","Kendua","SIURI-II",0,0,0,1,0,1,TRUE,TRUE,TRUE,TRUE,FALSE,1,,,1,,,TRUE,TRUE,TRUE,TRUE,2006,2,1,1,1,FALSE,1,TRUE,TRUE,125,4,0
"112","127","Bishnupur","RAMPURHAT - II",0,0,0,1,1,0,TRUE,TRUE,TRUE,TRUE,FALSE,1,,,1,,,TRUE,TRUE,TRUE,TRUE,2006,2,1,1,1,FALSE,1,TRUE,TRUE,5,0,
"85","90","Paduma","DUBRAJPUR",1,0,0,1,0,1,TRUE,TRUE,TRUE,TRUE,FALSE,1,,,1,,,TRUE,TRUE,TRUE,TRUE,2006,2,1,1,1,FALSE,1,TRUE,TRUE,280,4,0
"64","51","Sangra","SAINTHIA",0,0,0,1,1,0,TRUE,TRUE,TRUE,TRUE,FALSE,1,,,1,,,TRUE,TRUE,TRUE,TRUE,2006,2,1,1,1,FALSE,1,TRUE,TRUE,38,0,3
"103","118","Ayas","RAMPURHAT - I",0,0,0,1,0,0,TRUE,FALSE,TRUE,FALSE,TRUE,998,,,1,,,FALSE,,FALSE,FALSE,,,,,,,,FALSE,FALSE,,,
"38","38","Nawanagar-Kodda","NANOOR",1,0,0,0,0,0,TRUE,TRUE,TRUE,TRUE,FALSE,1,,,1,,,TRUE,TRUE,FALSE,TRUE,2006,1,0,0,0,FALSE,0,TRUE,TRUE,50,12,2
"22","22","Dwarka","LABHPUR",1,0,0,0,1,0,TRUE,TRUE,TRUE,TRUE,FALSE,1,,,1,,,TRUE,TRUE,TRUE,TRUE,2006,2,1,1,1,FALSE,1,TRUE,TRUE,204,5,3
"126","109","Kaytha-II","NALHATI - I",0,0,0,0,0,0,TRUE,TRUE,TRUE,TRUE,FALSE,1,,,1,,,TRUE,TRUE,TRUE,TRUE,2006,1,0,0,0,FALSE,0,TRUE,TRUE,94,0,0
"27","27","Labhpur-I","LABHPUR",0,0,1,0,1,0,TRUE,TRUE,TRUE,TRUE,FALSE,1,,,1,,,TRUE,TRUE,TRUE,TRUE,2006,1,0,0,0,FALSE,0,TRUE,TRUE,161,0,2
"48","60","Abinashpur","SIURI-II",0,0,0,0,0,0,TRUE,TRUE,TRUE,TRUE,FALSE,1,,,1,,,TRUE,TRUE,TRUE,TRUE,2006,2,1,1,1,FALSE,1,TRUE,TRUE,170,0,0
"14","14","Illambazar","ILLAMBAZAR",0,0,0,1,0,0,TRUE,TRUE,TRUE,TRUE,FALSE,1,,,1,,,TRUE,TRUE,TRUE,TRUE,2006,2,1,1,1,FALSE,1,TRUE,TRUE,,5,1
"54","41","Ahmadpur","SAINTHIA",0,1,0,1,0,0,TRUE,TRUE,TRUE,TRUE,FALSE,1,,,1,,,TRUE,TRUE,FALSE,TRUE,2006,1,1,1,1,FALSE,1,TRUE,TRUE,380,5,0
"127","110","Kurumgram","NALHATI - I",0,0,0,0,0,0,TRUE,TRUE,TRUE,TRUE,FALSE,1,,,1,,,TRUE,TRUE,TRUE,TRUE,2006,1,0,0,0,FALSE,0,TRUE,TRUE,,0,
"116","131","Hansan-II","RAMPURHAT - II",0,0,0,0,0,0,TRUE,TRUE,TRUE,TRUE,FALSE,1,,,1,,,TRUE,TRUE,FALSE,TRUE,2006,1,0,0,0,FALSE,0,TRUE,TRUE,199,0,3
"6","6","Sarpalehana-Albandha","BOLPUR-SRINIKETAN",0,0,1,0,0,0,TRUE,TRUE,TRUE,TRUE,FALSE,1,,,1,,,TRUE,TRUE,TRUE,TRUE,2006,1,0,0,0,FALSE,0,TRUE,TRUE,160,17,2
"156","155","Kanachi","MAYURESWAR - I",0,0,0,0,0,0,TRUE,TRUE,TRUE,TRUE,FALSE,1,,,1,,,TRUE,TRUE,TRUE,TRUE,2006,1,0,0,0,FALSE,0,TRUE,TRUE,0,0,6
"150","149","Rudranagar","MURARAI - II",,,,0,1,0,FALSE,FALSE,FALSE,FALSE,FALSE,2,2004,2006,888,2003,2003,TRUE,TRUE,FALSE,TRUE,2006,1,0,0,0,FALSE,0,FALSE,FALSE,0,19,3
"152","151","Baraturigram","MAYURESWAR - I",1,1,0,0,0,0,TRUE,TRUE,TRUE,TRUE,FALSE,1,,,1,,,TRUE,TRUE,TRUE,TRUE,2006,2,1,1,1,FALSE,1,TRUE,TRUE,135,0,0
"161","160","Dekha","MAYURESWAR - II",1,1,0,0,0,0,TRUE,TRUE,TRUE,TRUE,FALSE,1,,,1,,,TRUE,TRUE,FALSE,TRUE,2006,1,0,0,0,FALSE,0,TRUE,TRUE,108,5,0
"121","104","Barla","NALHATI - I",0,1,0,0,0,0,TRUE,TRUE,TRUE,TRUE,FALSE,1,,,1,,,TRUE,TRUE,TRUE,TRUE,2006,2,1,1,1,FALSE,1,TRUE,TRUE,164,0,0
"9","9","Sionmuluk","BOLPUR-SRINIKETAN",0,0,0,0,0,0,TRUE,TRUE,TRUE,TRUE,FALSE,1,,,1,,,TRUE,TRUE,TRUE,TRUE,2006,1,0,0,0,FALSE,0,TRUE,TRUE,225,24,3
"26","26","Kurnahar","LABHPUR",0,1,0,0,0,0,TRUE,TRUE,TRUE,TRUE,FALSE,1,,,1,,,TRUE,TRUE,FALSE,TRUE,2006,1,0,0,0,FALSE,0,TRUE,TRUE,10,0,0
"60","47","Harisara","SAINTHIA",1,0,0,1,0,0,TRUE,TRUE,TRUE,TRUE,FALSE,1,,,1,,,TRUE,TRUE,TRUE,TRUE,2006,2,1,1,1,FALSE,1,TRUE,TRUE,160,0,0
"25","25","Jamna","LABHPUR",0,1,0,1,0,0,TRUE,TRUE,TRUE,TRUE,FALSE,1,,,1,,,TRUE,TRUE,TRUE,TRUE,2006,1,1,1,1,FALSE,1,TRUE,TRUE,168,0,
"55","42","Amarpur","SAINTHIA",0,0,1,0,0,0,TRUE,TRUE,TRUE,TRUE,FALSE,1,,,1,,,TRUE,TRUE,TRUE,TRUE,2006,1,0,0,0,FALSE,0,TRUE,TRUE,,0,0
"23","23","Hatia","LABHPUR",0,0,0,1,1,0,TRUE,TRUE,TRUE,TRUE,FALSE,1,,,1,,,TRUE,TRUE,TRUE,TRUE,2006,2,1,1,1,FALSE,1,TRUE,TRUE,,8,0
"17","17","Nanasole","ILLAMBAZAR",0,0,1,1,0,0,TRUE,TRUE,TRUE,TRUE,FALSE,1,,,1,,,TRUE,TRUE,FALSE,TRUE,2006,1,1,1,1,FALSE,1,TRUE,TRUE,58,0,4
"71","71","Ganpur","MOHAMMAD BAZAR",1,1,0,0,0,0,TRUE,TRUE,TRUE,TRUE,FALSE,1,,,1,,,TRUE,FALSE,FALSE,TRUE,2006,1,0,0,0,FALSE,0,FALSE,FALSE,0,4,0
"115","130","Hansan-I","RAMPURHAT - II",0,1,0,1,0,0,TRUE,TRUE,TRUE,TRUE,FALSE,1,,,1,,,TRUE,TRUE,FALSE,TRUE,2006,2,1,1,1,FALSE,1,TRUE,TRUE,175,7,0
"101","81","Rajnagar","RAJNAGAR",1,1,0,1,0,0,TRUE,TRUE,TRUE,TRUE,FALSE,1,,,1,,,TRUE,TRUE,TRUE,TRUE,2006,2,1,1,1,FALSE,1,TRUE,TRUE,145,0,4
"132","114","Bhadrapur-I","NALHATI - II",1,0,0,0,1,0,TRUE,TRUE,TRUE,TRUE,FALSE,1,,,1,,,TRUE,TRUE,TRUE,TRUE,2006,1,0,0,0,FALSE,0,TRUE,TRUE,114,5,2
"69","69","Charicha","MOHAMMAD BAZAR",0,1,0,0,0,0,TRUE,TRUE,TRUE,TRUE,FALSE,1,,,1,,,TRUE,TRUE,TRUE,TRUE,2006,1,0,0,0,FALSE,0,TRUE,TRUE,68,0,0
"58","45","Deriapur","SAINTHIA",1,0,1,0,0,0,TRUE,TRUE,TRUE,TRUE,FALSE,1,,,1,,,TRUE,TRUE,TRUE,TRUE,2006,1,0,0,0,FALSE,0,TRUE,TRUE,138,5,0
"53","65","Purandarpur","SIURI-II",1,0,1,1,0,0,TRUE,TRUE,TRUE,TRUE,FALSE,1,,,1,,,TRUE,TRUE,TRUE,TRUE,2006,2,1,1,1,FALSE,1,TRUE,TRUE,60,5,5
"118","133","Margram-I","RAMPURHAT - II",1,0,0,0,1,0,TRUE,TRUE,TRUE,TRUE,FALSE,1,,,1,,,TRUE,TRUE,TRUE,TRUE,2006,1,0,0,0,FALSE,0,TRUE,TRUE,112,4,1
"80","85","Gohaliara","DUBRAJPUR",0,1,0,1,0,0,TRUE,TRUE,TRUE,TRUE,FALSE,1,,,1,,,TRUE,TRUE,TRUE,TRUE,2006,1,1,0,1,TRUE,,TRUE,TRUE,83,5,0
"89","94","Barrah","KHYARASOL",1,0,0,0,1,0,TRUE,TRUE,TRUE,TRUE,FALSE,1,,,1,,,TRUE,TRUE,FALSE,TRUE,2006,1,0,0,0,FALSE,0,TRUE,TRUE,63,0,3
"104","119","Banhat","RAMPURHAT - I",0,1,0,0,1,0,TRUE,TRUE,TRUE,TRUE,FALSE,1,,,1,,,TRUE,TRUE,FALSE,TRUE,2006,2,1,1,1,FALSE,1,TRUE,TRUE,172,4,
