"key","demand_block_raw","demand_gp_raw","household_months_2012","household_months_2014","person_months_2012","person_months_2014"
"NADIA|CHAKDAH|CHANDURIAI","CHAKDAH","CHANDURIA-I",2377,4355,3106,4874
"NADIA|CHAKDAH|CHANDURIAII","CHAKDAH","CHANDURIA-II",2910,3452,3806,4591
"NADIA|CHAKDAH|DEWLI","CHAKDAH","DEWLI",4365,14924,5975,20360
"NADIA|CHAKDAH|DUBRA","CHAKDAH","DUBRA",5590,10764,8126,13357
"NADIA|CHAKDAH|GHETUGACHHI","CHAKDAH","GHETUGACHHI",4620,8467,6709,14297
"NADIA|CHAKDAH|HINGNARA","CHAKDAH","HINGNARA",10003,19908,13395,36126
"NADIA|CHAKDAH|KANCHARAPARA","CHAKDAH","KANCHARAPARA",2357,8776,3424,13142
"NADIA|CHAKDAH|MADANPURI","CHAKDAH","MADANPUR-I",4461,7714,6028,9326
"NADIA|CHAKDAH|MADANPURII","CHAKDAH","MADANPUR-II",3884,6621,5818,8816
"NADIA|CHAKDAH|RAUTARI","CHAKDAH","RAUTARI",1776,2936,2432,3580
"NADIA|CHAKDAH|SAGUNA","CHAKDAH","SAGUNA",2835,7940,4397,11700
"NADIA|CHAKDAH|SARATI","CHAKDAH","SARATI",4190,8300,5804,11653
"NADIA|CHAKDAH|SILINDAI","CHAKDAH","SILINDA-I",4237,11035,5970,15514
"NADIA|CHAKDAH|SILINDAII","CHAKDAH","SILINDA-II",1419,6587,1828,8728
"NADIA|CHAKDAH|SIMURALI","CHAKDAH","SIMURALI",3405,6362,4885,8629
"NADIA|CHAKDAH|TATLAI","CHAKDAH","TATLA-I",4599,17797,6310,21308
"NADIA|CHAKDAH|TATLAII","CHAKDAH","TATLA-II",2096,6770,2258,7032
"NADIA|CHAPRA|ALFA","CHAPRA","ALFA",9076,6062,10186,7436
"NADIA|CHAPRA|BAGBERIA","CHAPRA","BAGBERIA",6552,2429,12890,4190
"NADIA|CHAPRA|BRITTIHUDA","CHAPRA","BRITTIHUDA",11525,5168,16547,7697
"NADIA|CHAPRA|CHAPRAI","CHAPRA","CHAPRA-I",10364,10391,13193,22888
"NADIA|CHAPRA|CHAPRAII","CHAPRA","CHAPRA-II",7310,6978,8211,8712
"NADIA|CHAPRA|HATISALAI","CHAPRA","HATISALA-I",8496,8965,13285,12264
"NADIA|CHAPRA|HATISALAII","CHAPRA","HATISALA-II",7208,2844,10273,4891
"NADIA|CHAPRA|HATKHOLA","CHAPRA","HATKHOLA",10953,8061,13365,11623
"NADIA|CHAPRA|HRIDAYPUR","CHAPRA","HRIDAYPUR",13170,20134,20324,42546
"NADIA|CHAPRA|KALINGA","CHAPRA","KALINGA",9840,946,16023,1261
"NADIA|CHAPRA|MAHATPUR","CHAPRA","MAHATPUR",7967,9369,9563,16273
"NADIA|CHAPRA|MAHESHPUR","CHAPRA","MAHESHPUR",10300,6357,18274,11572
"NADIA|CHAPRA|PIPRAGACHHI","CHAPRA","PIPRAGACHHI",18188,9404,20366,13244
"NADIA|HANSKHALI|BAGULAI","HANSKHALI","BAGULA-I",2420,9865,2937,10884
"NADIA|HANSKHALI|BAGULAII","HANSKHALI","BAGULA-II",852,5273,1197,6560
"NADIA|HANSKHALI|BATKULLAI","HANSKHALI","BATKULLA-I",782,5417,1222,6300
"NADIA|HANSKHALI|BATKULLAII","HANSKHALI","BATKULLA-II",5109,7859,8680,10537
"NADIA|HANSKHALI|BETNAGOBINDAPUR","HANSKHALI","BETNA GOBINDAPUR",6701,18554,9013,27666
"NADIA|HANSKHALI|DAKSHINPARAI","HANSKHALI","DAKSHINPARA-I",2926,4279,4084,5800
"NADIA|HANSKHALI|DAKSHINPARAII","HANSKHALI","DAKSHINPARA-II",492,9051,701,10834
"NADIA|HANSKHALI|GAJNA","HANSKHALI","GAJNA",7067,22795,9405,36310
"NADIA|HANSKHALI|MAMJOAN","HANSKHALI","MAMJOAN",806,3878,1121,6271
"NADIA|HANSKHALI|MAYURHATI","HANSKHALI","MAYURHAT-I",4098,8298,5767,10271
"NADIA|HANSKHALI|MAYURHATII","HANSKHALI","MAYURHAT-II",2194,7907,3846,12035
"NADIA|HANSKHALI|RAMNAGARBARACHUPRIAI","HANSKHALI","RAMNAGAR BARACHUPRIA-I",1250,8668,1550,11019
"NADIA|HANSKHALI|RAMNAGARBARACHUPRIAII","HANSKHALI","RAMNAGAR BARACHUPRIA-II",351,10023,521,11452
"NADIA|HARINGHATA|BEROHII","HARINGHATA","BEROHI-I",5720,8149,8625,13821
"NADIA|HARINGHATA|BEROHIII","HARINGHATA","BEROHI-II",5396,6539,6502,11861
"NADIA|HARINGHATA|FATEPUR","HARINGHATA","FATEPUR",9695,9719,14295,14008
"NADIA|HARINGHATA|HARINGHATAI","HARINGHATA","HARINGHATA-I",6137,6050,7738,8131
"NADIA|HARINGHATA|HARINGHATAII","HARINGHATA","HARINGHATA-II",7104,5863,9651,7591
"NADIA|HARINGHATA|KASTODANGAI","HARINGHATA","KASTODANGA-I",11740,10705,16216,16118
"NADIA|HARINGHATA|KASTODANGAII","HARINGHATA","KASTODANGA-II",5667,9466,8264,15682
"NADIA|HARINGHATA|MOLLABELIA","HARINGHATA","MOLLABELIA",8213,8673,13422,12280
"NADIA|HARINGHATA|NAGARUKHRAI","HARINGHATA","NAGARUKHRA-I",3482,4951,4561,6449
"NADIA|HARINGHATA|NAGARUKHRAII","HARINGHATA","NAGARUKHRA-II",3375,3408,4147,4361
"NADIA|KALIGANJ|BARACHANDGHAR","KALIGANJ","BARACHANDGHAR",3814,9165,5623,15444
"NADIA|KALIGANJ|DEBAGRAM","KALIGANJ","DEBAGRAM",2099,3232,2362,4230
"NADIA|KALIGANJ|FARIDPUR","KALIGANJ","FARIDPUR",1275,3934,1565,4756
"NADIA|KALIGANJ|GOBRA","KALIGANJ","GOBRA",1753,8061,1862,10178
"NADIA|KALIGANJ|HATGACHHA","KALIGANJ","HATGACHHA",1815,2673,2195,3096
"NADIA|KALIGANJ|JURANPUR","KALIGANJ","JURANPUR",5336,10054,5870,12332
"NADIA|KALIGANJ|KALIGANJ","KALIGANJ","KALIGANJ",1228,3667,1697,4465
"NADIA|KALIGANJ|MATIARI","KALIGANJ","MATIARI",2640,8041,3032,9306
"NADIA|KALIGANJ|MIRAI","KALIGANJ","MIRA-I",3404,1249,4264,1492
"NADIA|KALIGANJ|MIRAII","KALIGANJ","MIRA-II",3504,3422,3943,4057
"NADIA|KALIGANJ|PALITBEGIA","KALIGANJ","PALITBEGIA",2747,3216,2839,3571
"NADIA|KALIGANJ|PANIGHATA","KALIGANJ","PANIGHATA",216,2001,222,2072
"NADIA|KALIGANJ|PLASSEYI","KALIGANJ","PLASSEY-I",1992,1951,2162,2328
"NADIA|KALIGANJ|PLASSEYII","KALIGANJ","PLASSEY-II",1282,1109,1335,1348
"NADIA|KALIGANJ|RAJARMPURGHORAIKHETRA","KALIGANJ","RAJARMPUR GHORAIKHETRA",2434,6261,2816,8124
"NADIA|KARIMPUR1|HAREKRISHNAPUR","KARIMPUR-1","HAREKRISHNAPUR",13618,12739,18811,17473
"NADIA|KARIMPUR1|HOGOLBARIA","KARIMPUR-1","HOGOLBARIA",9530,14144,12045,19828
"NADIA|KARIMPUR1|JAMASHERPUR","KARIMPUR-1","JAMASHERPUR",11422,12156,13016,16461
"NADIA|KARIMPUR1|KARIMPURI","KARIMPUR-1","KARIMPUR-I",8781,8999,12977,11651
"NADIA|KARIMPUR1|KARIMPURII","KARIMPUR-1","KARIMPUR-II",8301,12920,10678,18982
"NADIA|KARIMPUR1|MADHUGARI","KARIMPUR-1","MADHUGARI",2897,6298,3823,7828
"NADIA|KARIMPUR1|PIPULBARIA","KARIMPUR-1","PIPULBARIA",14948,19343,15776,26765
"NADIA|KARIMPUR1|SHIKARPUR","KARIMPUR-1","SHIKARPUR",16334,18479,19270,24421
"NADIA|KARIMPURII|DHORADAHAI","KARIMPUR-II","DHORADAHA-I",3052,11816,3757,13614
"NADIA|KARIMPURII|DHORADAHAII","KARIMPUR-II","DHORADAHA-II",6648,2904,6883,3176
"NADIA|KARIMPURII|DIGHALKANDI","KARIMPUR-II","DIGHAL KANDI",5613,18389,8137,23680
"NADIA|KARIMPURII|MURUTIA","KARIMPUR-II","MURUTIA",3943,6422,5240,8490
"NADIA|KARIMPURII|NANDANPUR","KARIMPUR-II","NANDANPUR",13837,18602,17068,24582
"NADIA|KARIMPURII|NARAYANPURI","KARIMPUR-II","NARAYANPUR-I",5138,1018,6020,1351
"NADIA|KARIMPURII|NARAYANPURII","KARIMPUR-II","NARAYANPUR-II",8062,10602,8420,11459
"NADIA|KARIMPURII|NATIDANGAI","KARIMPUR-II","NATIDANGA-I",2241,8648,2646,10463
"NADIA|KARIMPURII|NATIDANGAII","KARIMPUR-II","NATIDANGA-II",6014,8027,6829,9690
"NADIA|KARIMPURII|RAHAMATPUR","KARIMPUR-II","RAHAMATPUR",8452,15768,10292,19754
"NADIA|KRISHNAGANJ|BHAJANGHATTUNGI","KRISHNAGANJ","BHAJANGHAT TUNGI",6609,9519,11495,16069
"NADIA|KRISHNAGANJ|GOBINDAPUR","KRISHNAGANJ","GOBINDAPUR",7787,6246,13687,8088
"NADIA|KRISHNAGANJ|JOYGHATA","KRISHNAGANJ","JOYGHATA",8259,12595,12699,19343
"NADIA|KRISHNAGANJ|KRISHNAGANJ","KRISHNAGANJ","KRISHNAGANJ",5723,9259,6144,10016
"NADIA|KRISHNAGANJ|MAITIARYBANPUR","KRISHNAGANJ","MAITIARY BANPUR",6711,8803,9327,11911
"NADIA|KRISHNAGANJ|SHIBNIBAS","KRISHNAGANJ","SHIBNIBAS",10214,8990,15798,13849
"NADIA|KRISHNAGANJ|TALDAHMAJDIA","KRISHNAGANJ","TALDAH MAJDIA",7382,10501,13805,19611
"NADIA|KRISHNAGARI|ASSANNAGAR","KRISHNAGAR-I","ASSANNAGAR",1932,3489,2314,3953
"NADIA|KRISHNAGARI|BHALUKA","KRISHNAGAR-I","BHALUKA",3746,5000,4875,6214
"NADIA|KRISHNAGARI|BHANDARKHOLA","KRISHNAGAR-I","BHANDARKHOLA",1977,7553,2185,8757
"NADIA|KRISHNAGARI|BHATJUNGLA","KRISHNAGAR-I","BHATJUNGLA",666,6212,773,6696
"NADIA|KRISHNAGARI|BHIMPUR","KRISHNAGAR-I","BHIMPUR",6431,5003,7743,5597
"NADIA|KRISHNAGARI|CHAKDIGNAGAR","KRISHNAGAR-I","CHAKDIGNAGAR",995,4883,1198,8239
"NADIA|KRISHNAGARI|DEYPARA","KRISHNAGAR-I","DEYPARA",2467,5629,2719,6023
"NADIA|KRISHNAGARI|DIGNAGAR","KRISHNAGAR-I","DIGNAGAR",3624,10046,5141,15803
"NADIA|KRISHNAGARI|DOGACHI","KRISHNAGAR-I","DOGACHI",1788,5774,2219,6898
"NADIA|KRISHNAGARI|JOANIA","KRISHNAGAR-I","JOANIA",5262,4993,6743,5975
"NADIA|KRISHNAGARI|PORAGACHHA","KRISHNAGAR-I","PORAGACHHA",3384,6393,4356,7578
"NADIA|KRISHNAGARI|RUIPUKUR","KRISHNAGAR-I","RUIPUKUR.",2700,7762,3403,9400
"NADIA|KRISHNAGARII|BELPUKUR","KRISHNAGAR-II","BELPUKUR",7489,5793,9697,8103
"NADIA|KRISHNAGARII|DHUBULIAI","KRISHNAGAR-II","DHUBULIA-I",3292,4578,4368,6566
"NADIA|KRISHNAGARII|DHUBULIAII","KRISHNAGAR-II","DHUBULIA-II",3327,3305,4503,4501
"NADIA|KRISHNAGARII|NOAPARAI","KRISHNAGAR-II","NOAPARA-I",12290,12625,19220,18602
"NADIA|KRISHNAGARII|NOAPARAII","KRISHNAGAR-II","NOAPARA-II",13431,11904,17166,17861
"NADIA|KRISHNAGARII|SADHANPARAI","KRISHNAGAR-II","SADHANPARA-I",10243,7152,15401,11853
"NADIA|KRISHNAGARII|SADHANPARAII","KRISHNAGAR-II","SADHANPARA-II",3651,3174,4850,3813
"NADIA|NABADWIP|BABLARI","NABADWIP","BABLARI",1489,1949,1979,2506
"NADIA|NABADWIP|CHARMAJDIACHARBRAHMANAGAR","NABADWIP","CHARMAJDIA CHARBRAHMANAGAR",2515,4397,3303,4641
"NADIA|NABADWIP|FAKIRDANGAGHOLPARA","NABADWIP","FAKIRDANGA GHOLPARA",4091,5171,6089,9279
"NADIA|NABADWIP|MAHISURA","NABADWIP","MAHISURA",3407,5225,3815,7742
"NADIA|NABADWIP|MAJDIAPANSILA","NABADWIP","MAJDIA PANSILA",2362,8562,2539,10206
"NADIA|NABADWIP|MAYAPURBAMANPUKURI","NABADWIP","MAYAPUR BAMANPUKUR-I",3720,9738,4331,13962
"NADIA|NABADWIP|MAYAPURBAMANPUKURII","NABADWIP","MAYAPUR BAMANPUKUR-II",3748,9769,4484,15174
"NADIA|NABADWIP|SWARUPGANJ","NABADWIP","SWARUPGANJ",1700,3654,1852,4310
"NADIA|NAKASHIPARA|BETHUADAHARII","NAKASHIPARA","BETHUADAHARI-I",2501,2799,2947,3208
"NADIA|NAKASHIPARA|BETHUADAHARIII","NAKASHIPARA","BETHUADAHARI-II",1563,3282,1880,4809
"NADIA|NAKASHIPARA|BIKRAMPUR","NAKASHIPARA","BIKRAMPUR",4548,7987,6540,13619
"NADIA|NAKASHIPARA|BILKUMARI","NAKASHIPARA","BILKUMARI",12271,6480,16801,9588
"NADIA|NAKASHIPARA|BILLWAGRAM","NAKASHIPARA","BILLWAGRAM",10911,6754,11547,8664
"NADIA|NAKASHIPARA|BIRPURI","NAKASHIPARA","BIRPUR-I",7752,3414,10602,4546
"NADIA|NAKASHIPARA|BIRPURII","NAKASHIPARA","BIRPUR-II",12268,8014,14368,11882
"NADIA|NAKASHIPARA|DHANANJAYPUR","NAKASHIPARA","DHANANJAYPUR",9784,11475,14092,17957
"NADIA|NAKASHIPARA|DHARMADA","NAKASHIPARA","DHARMADA",14289,15751,18552,23190
"NADIA|NAKASHIPARA|DOGACHHIA","NAKASHIPARA","DOGACHHIA",8214,4309,11096,6521
"NADIA|NAKASHIPARA|HARANAGAR","NAKASHIPARA","HARANAGAR",8012,5698,10275,7799
"NADIA|NAKASHIPARA|MAJHERGRAM","NAKASHIPARA","MAJHERGRAM",4739,7093,6462,11304
"NADIA|NAKASHIPARA|MURAGACHHA","NAKASHIPARA","MURAGACHHA",9684,7752,13804,13443
"NADIA|NAKASHIPARA|NAKASIPARA","NAKASHIPARA","NAKASIPARA",13084,9132,15936,12471
"NADIA|NAKASHIPARA|PATIKABARI","NAKASHIPARA","PATIKABARI",1952,7988,2880,11357
"NADIA|RANAGHATI|ANULIA","RANAGHAT-I","ANULIA",3981,5307,4712,6865
"NADIA|RANAGHATI|BARASAT","RANAGHAT-I","BARASAT",3554,15664,4507,18770
"NADIA|RANAGHATI|HABIBPUR","RANAGHAT-I","HABIBPUR",2407,5399,2896,8569
"NADIA|RANAGHATI|KALINARAYANPURPAHARPUR","RANAGHAT-I","KALINARAYANPUR PAHARPUR",3882,9488,4843,11228
"NADIA|RANAGHATI|KHISMA","RANAGHAT-I","KHISMA",3285,6714,3643,8467
"NADIA|RANAGHATI|NAWPARAMASUNDA","RANAGHAT-I","NAWPARA MASUNDA",3565,11095,4486,15280
"NADIA|RANAGHATI|PAYRADANGA","RANAGHAT-I","PAYRADANGA",1598,6667,1818,7289
"NADIA|RANAGHATI|RAMANAGARI","RANAGHAT-I","RAMANAGAR-I",1509,2642,1564,3217
"NADIA|RANAGHATI|RAMNAGARII","RANAGHAT-I","RAMNAGAR-II",1846,5387,1980,6313
"NADIA|RANAGHATI|TARAPUR","RANAGHAT-I","TARAPUR",3688,7914,4538,11336
"NADIA|RANAGHATII|ANISHMALI","RANAGHAT-II","ANISHMALI",1557,3465,1752,4432
"NADIA|RANAGHATII|ARANGHATA","RANAGHAT-II","ARANGHATA",2908,6319,4810,8390
"NADIA|RANAGHATII|BAHIRGACHI","RANAGHAT-II","BAHIRGACHI",8208,9918,10110,12029
"NADIA|RANAGHATII|BAIDYAPURI","RANAGHAT-II","BAIDYAPUR-I",1629,6803,2433,10185
"NADIA|RANAGHATII|BAIDYAPURII","RANAGHAT-II","BAIDYAPUR-II",1524,2403,1870,2670
"NADIA|RANAGHATII|DEBAGRAM","RANAGHAT-II","DEBAGRAM",1445,4815,1891,5761
"NADIA|RANAGHATII|DUTTAFULIA","RANAGHAT-II","DUTTAFULIA",6030,8714,8614,11639
"NADIA|RANAGHATII|JUGALKISHORE","RANAGHAT-II","JUGALKISHORE",4709,10099,5856,14444
"NADIA|RANAGHATII|KAMALPUR","RANAGHAT-II","KAMALPUR",1681,6860,2166,7813
"NADIA|RANAGHATII|MAJHERGRAM","RANAGHAT-II","MAJHERGRAM",6259,10201,8011,12124
"NADIA|RANAGHATII|NOKARI","RANAGHAT-II","NOKARI",4485,6201,5754,9463
"NADIA|RANAGHATII|RAGHUNATHPURHIJULII","RANAGHAT-II","RAGHUNATHPUR HIJULI-I",1530,4190,1920,4668
"NADIA|RANAGHATII|RAGHUNATHPURHIJULIII","RANAGHAT-II","RAGHUNATHPUR HIJULI-II",2915,9707,4018,11066
"NADIA|RANAGHATII|SHYAMNAGAR","RANAGHAT-II","SHYAMNAGAR",851,1315,879,1468
"NADIA|SANTIPUR|ARBANDII","SANTIPUR","ARBANDI-I",11483,15983,16305,24735
"NADIA|SANTIPUR|ARBANDIII","SANTIPUR","ARBANDI-II",7067,14528,9799,25046
"NADIA|SANTIPUR|BABLA","SANTIPUR","BABLA",3891,12711,5450,22046
"NADIA|SANTIPUR|BAGANCHRA","SANTIPUR","BAGANCHRA",6759,14061,8445,22888
"NADIA|SANTIPUR|BELGORIAI","SANTIPUR","BELGORIA-I",1742,6847,2299,9551
"NADIA|SANTIPUR|BELGORIAII","SANTIPUR","BELGORIA-II",844,8586,953,9455
"NADIA|SANTIPUR|FULIATOWNSHIP","SANTIPUR","FULIA TOWNSHIP",2633,5110,3120,5969
"NADIA|SANTIPUR|GAYESHPUR","SANTIPUR","GAYESHPUR",5487,9182,7269,15110
"NADIA|SANTIPUR|HARIPUR","SANTIPUR","HARIPUR",3995,8650,5028,12945
"NADIA|SANTIPUR|NABLA","SANTIPUR","NABLA",6995,16763,8350,24959
"NADIA|TEHATTAI|BATAII","TEHATTA-I","BATAI-I",4678,9933,5867,11623
"NADIA|TEHATTAI|BETAIII","TEHATTA-I","BETAI-II",3047,9312,3106,10088
"NADIA|TEHATTAI|CHANDERGHAT","TEHATTA-I","CHANDERGHAT",6705,8666,6990,10876
"NADIA|TEHATTAI|CHHITKA","TEHATTA-I","CHHITKA",12719,16950,14519,19946
"NADIA|TEHATTAI|KANAINAGAR","TEHATTA-I","KANAINAGAR",4510,5239,4576,5768
"NADIA|TEHATTAI|NATNA","TEHATTA-I","NATNA",2623,12173,2967,13999
"NADIA|TEHATTAI|PATHARGHATAI","TEHATTA-I","PATHARGHATA-I",5086,9342,5323,12030
"NADIA|TEHATTAI|PATHATGHATAII","TEHATTA-I","PATHATGHATA-II",5166,7984,5353,8866
"NADIA|TEHATTAI|RAGHUNATHPUR","TEHATTA-I","RAGHUNATHPUR",6010,9633,6532,11131
"NADIA|TEHATTAI|SHYAMNAGAR","TEHATTA-I","SHYAMNAGAR",5755,9324,6023,10062
"NADIA|TEHATTAI|TEHATTA","TEHATTA-I","TEHATTA",1016,6381,1043,7186
"NADIA|TEHATTAII|BARNIA","TEHATTA-II","BARNIA",3680,6154,3681,7852
"NADIA|TEHATTAII|GOPINATHPUR","TEHATTA-II","GOPINATHPUR",4360,4946,4566,5870
"NADIA|TEHATTAII|HANSPUKURIA","TEHATTA-II","HANSPUKURIA",9606,7979,10276,10093
"NADIA|TEHATTAII|PALASIPARA","TEHATTA-II","PALASIPARA",8726,7245,9468,8770
"NADIA|TEHATTAII|PALSUNDAI","TEHATTA-II","PALSUNDA-I",6311,5586,6318,6330
"NADIA|TEHATTAII|PALSUNDAII","TEHATTA-II","PALSUNDA-II",3936,1927,4586,3051
"NADIA|TEHATTAII|SAHEBNAGAR","TEHATTA-II","SAHEBNAGAR",8850,11913,9138,14090
