"gp_id","component","gate","amount","recoded"
"77","water_built",2,,0
"84","water_built",1,180,180
"15","water_built",1,40,40
"88","water_built",1,-999,
"21","water_built",1,16,16
"122","water_built",1,18,18
"143","water_built",1,35,35
"107","water_built",1,3,3
"158","water_built",1,3,3
"102","water_built",1,3,3
"93","water_built",2,,0
"151","water_built",1,16,16
"30","water_built",1,-999,
"42","water_built",1,30,30
"24","water_built",1,30,30
"72","water_built",1,9,9
"68","water_built",1,20,20
"82","water_built",1,25,25
"147","water_built",1,30,30
"155","water_built",1,20,20
"149","water_built",1,6,6
"31","water_built",1,10,10
"2","water_built",1,-999,
"79","water_built",1,3,3
"130","water_built",1,5,5
"45","water_built",1,40,40
"105","water_built",1,2,2
"47","water_built",1,10,10
"86","water_built",1,25,25
"56","water_built",1,30,30
"154","water_built",1,9,9
"124","water_built",1,16,16
"129","water_built",1,17,17
"153","water_built",1,20,20
"59","water_built",1,20,20
"65","water_built",1,9,9
"3","water_built",1,26,26
"12","water_built",1,21,21
"119","water_built",1,18,18
"92","water_built",1,5,5
"136","water_built",2,,0
"13","water_built",1,5,5
"135","water_built",1,17,17
"67","water_built",2,,0
"87","water_built",1,8,8
"4","water_built",1,15,15
"95","water_built",1,25,25
"90","water_built",1,4,4
"97","water_built",1,3,3
"139","water_built",1,5,5
"117","water_built",1,44,44
"35","water_built",1,1,1
"96","water_built",1,-999,
"18","water_built",1,13,13
"74","water_built",1,16,16
"140","water_built",1,12,12
"141","water_built",1,1,1
"8","water_built",1,168,168
"32","water_built",1,150,150
"81","water_built",1,15,15
"106","water_built",1,19,19
"75","water_built",1,15,15
"43","water_built",1,4,4
"44","water_built",1,10,10
"133","water_built",1,20,20
"164","water_built",1,10,10
"10","water_built",1,20,20
"100","water_built",2,,0
"52","water_built",1,14,14
"146","water_built",1,8,8
"83","water_built",1,10,10
"34","water_built",1,1,1
"49","water_built",1,50,50
"163","water_built",1,45,45
"108","water_built",1,20,20
"166","water_built",1,30,30
"33","water_built",2,,0
"41","water_built",1,25,25
"157","water_built",1,12,12
"29","water_built",1,19,19
"39","water_built",1,15,15
"70","water_built",1,22,22
"98","water_built",1,10,10
"94","water_built",1,16,16
"46","water_built",1,6,6
"61","water_built",1,7,7
"138","water_built",1,10,10
"123","water_built",1,30,30
"78","water_built",1,5,5
"144","water_built",1,47,47
"1","water_built",1,30,30
"109","water_built",1,50,50
"63","water_built",1,25,25
"57","water_built",2,,0
"142","water_built",1,18,18
"162","water_built",1,40,40
"125","water_built",1,24,24
"28","water_built",,,
"50","water_built",1,30,30
"110","water_built",2,,0
"145","water_built",1,10,10
"111","water_built",1,6,6
"120","water_built",2,,0
"20","water_built",1,18,18
"62","water_built",1,1,1
"113","water_built",1,10,10
"36","water_built",1,2,2
"148","water_built",2,,0
"131","water_built",1,7,7
"66","water_built",1,50,50
"5","water_built",999,,
"16","water_built",,,
"11","water_built",2,,0
"137","water_built",1,7,7
"160","water_built",1,14,14
"40","water_built",1,-999,
"76","water_built",1,6,6
"114","water_built",1,12,12
"19","water_built",1,30,30
"91","water_built",1,-999,
"73","water_built",2,,0
"37","water_built",1,7,7
"159","water_built",1,17,17
"165","water_built",1,100,100
"7","water_built",1,47,47
"99","water_built",,,
"134","water_built",1,7,7
"51","water_built",1,25,25
"112","water_built",1,5,5
"85","water_built",1,50,50
"64","water_built",1,8,8
"103","water_built",,,
"38","water_built",1,28,28
"22","water_built",1,37,37
"126","water_built",1,9,9
"27","water_built",1,15,15
"48","water_built",1,20,20
"14","water_built",999,,
"54","water_built",1,30,30
"127","water_built",1,4,4
"116","water_built",1,37,37
"6","water_built",1,160,160
"156","water_built",2,,0
"150","water_built",2,,0
"152","water_built",1,35,35
"161","water_built",1,38,38
"121","water_built",1,14,14
"9","water_built",1,25,25
"26","water_built",1,10,10
"60","water_built",1,10,10
"25","water_built",1,18,18
"55","water_built",1,9,9
"23","water_built",999,,
"17","water_built",1,32,32
"71","water_built",2,,0
"115","water_built",1,15,15
"101","water_built",1,25,25
"132","water_built",1,4,4
"69","water_built",1,18,18
"58","water_built",1,6,6
"53","water_built",1,25,25
"118","water_built",1,17,17
"80","water_built",1,10,10
"89","water_built",1,18,18
"104","water_built",1,10,10
"77","water_repaired",1,102,102
"84","water_repaired",1,800,800
"15","water_repaired",1,20,20
"88","water_repaired",1,8,8
"21","water_repaired",1,300,300
"122","water_repaired",1,129,129
"143","water_repaired",1,110,110
"107","water_repaired",1,35,35
"158","water_repaired",1,165,165
"102","water_repaired",1,72,72
"93","water_repaired",1,70,70
"151","water_repaired",1,200,200
"30","water_repaired",1,-999,
"42","water_repaired",1,55,55
"24","water_repaired",1,80,80
"72","water_repaired",1,25,25
"68","water_repaired",1,40,40
"82","water_repaired",1,45,45
"147","water_repaired",1,65,65
"155","water_repaired",1,350,350
"149","water_repaired",1,-999,
"31","water_repaired",1,146,146
"2","water_repaired",1,-999,
"79","water_repaired",1,47,47
"130","water_repaired",1,203,203
"45","water_repaired",1,147,147
"105","water_repaired",1,125,125
"47","water_repaired",1,25,25
"86","water_repaired",1,60,60
"56","water_repaired",1,220,220
"154","water_repaired",1,313,313
"124","water_repaired",1,500,500
"129","water_repaired",1,132,132
"153","water_repaired",1,110,110
"59","water_repaired",1,35,35
"65","water_repaired",1,135,135
"3","water_repaired",2,,0
"12","water_repaired",1,600,600
"119","water_repaired",1,168,168
"92","water_repaired",1,50,50
"136","water_repaired",1,300,300
"13","water_repaired",1,10,10
"135","water_repaired",1,4,4
"67","water_repaired",1,10,10
"87","water_repaired",1,112,112
"4","water_repaired",1,150,150
"95","water_repaired",1,300,300
"90","water_repaired",1,58,58
"97","water_repaired",1,48,48
"139","water_repaired",1,60,60
"117","water_repaired",1,200,200
"35","water_repaired",1,156,156
"96","water_repaired",1,-999,
"18","water_repaired",1,44,44
"74","water_repaired",1,40,40
"140","water_repaired",1,15,15
"141","water_repaired",1,16,16
"8","water_repaired",1,19,19
"32","water_repaired",2,,0
"81","water_repaired",1,73,73
"106","water_repaired",1,95,95
"75","water_repaired",1,80,80
"43","water_repaired",1,30,30
"44","water_repaired",1,135,135
"133","water_repaired",1,180,180
"164","water_repaired",1,300,300
"10","water_repaired",1,75,75
"100","water_repaired",1,100,100
"52","water_repaired",1,78,78
"146","water_repaired",1,18,18
"83","water_repaired",1,70,70
"34","water_repaired",1,130,130
"49","water_repaired",1,115,115
"163","water_repaired",1,286,286
"108","water_repaired",1,160,160
"166","water_repaired",1,20,20
"33","water_repaired",1,135,135
"41","water_repaired",1,150,150
"157","water_repaired",1,150,150
"29","water_repaired",1,110,110
"39","water_repaired",1,10,10
"70","water_repaired",1,26,26
"98","water_repaired",1,106,106
"94","water_repaired",1,75,75
"46","water_repaired",1,70,70
"61","water_repaired",1,149,149
"138","water_repaired",1,33,33
"123","water_repaired",1,150,150
"78","water_repaired",1,80,80
"144","water_repaired",2,,0
"1","water_repaired",1,200,200
"109","water_repaired",1,180,180
"63","water_repaired",1,150,150
"57","water_repaired",1,4,4
"142","water_repaired",1,45,45
"162","water_repaired",1,70,70
"125","water_repaired",999,,
"28","water_repaired",,,
"50","water_repaired",1,225,225
"110","water_repaired",1,-999,
"145","water_repaired",1,2,2
"111","water_repaired",1,150,150
"120","water_repaired",2,,0
"20","water_repaired",1,22,22
"62","water_repaired",1,169,169
"113","water_repaired",1,19,19
"36","water_repaired",1,-999,
"148","water_repaired",2,,0
"131","water_repaired",1,150,150
"66","water_repaired",1,50,50
"5","water_repaired",999,,
"16","water_repaired",,,
"11","water_repaired",2,,0
"137","water_repaired",1,10,10
"160","water_repaired",1,55,55
"40","water_repaired",1,-999,
"76","water_repaired",1,26,26
"114","water_repaired",1,216,216
"19","water_repaired",1,55,55
"91","water_repaired",1,60,60
"73","water_repaired",1,100,100
"37","water_repaired",1,180,180
"159","water_repaired",1,162,162
"165","water_repaired",1,40,40
"7","water_repaired",1,141,141
"99","water_repaired",,,
"134","water_repaired",1,315,315
"51","water_repaired",1,100,100
"112","water_repaired",2,,0
"85","water_repaired",1,230,230
"64","water_repaired",1,30,30
"103","water_repaired",,,
"38","water_repaired",1,22,22
"22","water_repaired",1,167,167
"126","water_repaired",1,85,85
"27","water_repaired",1,146,146
"48","water_repaired",1,150,150
"14","water_repaired",1,8,8
"54","water_repaired",1,350,350
"127","water_repaired",1,-999,
"116","water_repaired",1,162,162
"6","water_repaired",2,,0
"156","water_repaired",2,,0
"150","water_repaired",2,,0
"152","water_repaired",1,100,100
"161","water_repaired",1,70,70
"121","water_repaired",1,150,150
"9","water_repaired",1,200,200
"26","water_repaired",2,,0
"60","water_repaired",1,150,150
"25","water_repaired",1,150,150
"55","water_repaired",1,-999,
"23","water_repaired",999,,
"17","water_repaired",1,26,26
"71","water_repaired",2,,0
"115","water_repaired",1,160,160
"101","water_repaired",1,120,120
"132","water_repaired",1,110,110
"69","water_repaired",1,50,50
"58","water_repaired",1,132,132
"53","water_repaired",1,35,35
"118","water_repaired",1,95,95
"80","water_repaired",1,73,73
"89","water_repaired",1,45,45
"104","water_repaired",1,162,162
"77","road_built",1,8,8
"84","road_built",2,,0
"15","road_built",2,,0
"88","road_built",1,2,2
"21","road_built",1,12,12
"122","road_built",2,,0
"143","road_built",2,,0
"107","road_built",1,15,15
"158","road_built",2,,0
"102","road_built",1,5,5
"93","road_built",2,,0
"151","road_built",2,,0
"30","road_built",2,,0
"42","road_built",1,6,6
"24","road_built",2,,0
"72","road_built",2,,0
"68","road_built",2,,0
"82","road_built",1,1,1
"147","road_built",1,4,4
"155","road_built",1,12,12
"149","road_built",2,,0
"31","road_built",1,14,14
"2","road_built",2,,0
"79","road_built",2,,0
"130","road_built",2,,0
"45","road_built",1,9,9
"105","road_built",2,,0
"47","road_built",1,15,15
"86","road_built",2,,0
"56","road_built",2,,0
"154","road_built",2,,0
"124","road_built",1,7,7
"129","road_built",2,,0
"153","road_built",2,,0
"59","road_built",2,,0
"65","road_built",2,,0
"3","road_built",1,4,4
"12","road_built",2,,0
"119","road_built",1,7,7
"92","road_built",2,,0
"136","road_built",1,4,4
"13","road_built",2,,0
"135","road_built",1,7,7
"67","road_built",2,,0
"87","road_built",1,2,2
"4","road_built",2,,0
"95","road_built",2,,0
"90","road_built",2,,0
"97","road_built",2,,0
"139","road_built",2,,0
"117","road_built",2,,0
"35","road_built",1,7,7
"96","road_built",1,-999,
"18","road_built",2,,0
"74","road_built",2,,0
"140","road_built",2,,0
"141","road_built",2,,0
"8","road_built",1,8,8
"32","road_built",1,5,5
"81","road_built",1,2,2
"106","road_built",2,,0
"75","road_built",2,,0
"43","road_built",1,15,15
"44","road_built",1,1,1
"133","road_built",1,9,9
"164","road_built",2,,0
"10","road_built",1,5,5
"100","road_built",2,,0
"52","road_built",2,,0
"146","road_built",1,3,3
"83","road_built",1,8,8
"34","road_built",2,,0
"49","road_built",2,,0
"163","road_built",1,6,6
"108","road_built",1,6,6
"166","road_built",2,,0
"33","road_built",2,,0
"41","road_built",2,,0
"157","road_built",2,,0
"29","road_built",2,,0
"39","road_built",1,2,2
"70","road_built",2,,0
"98","road_built",1,7,7
"94","road_built",1,95,95
"46","road_built",1,2,2
"61","road_built",2,,0
"138","road_built",2,,0
"123","road_built",2,,0
"78","road_built",2,,0
"144","road_built",1,1,1
"1","road_built",1,10,10
"109","road_built",2,,0
"63","road_built",1,12,12
"57","road_built",2,,0
"142","road_built",1,7,7
"162","road_built",2,,0
"125","road_built",2,,0
"28","road_built",,,
"50","road_built",2,,0
"110","road_built",2,,0
"145","road_built",1,2,2
"111","road_built",2,,0
"120","road_built",2,,0
"20","road_built",1,1,1
"62","road_built",2,,0
"113","road_built",2,,0
"36","road_built",1,1,1
"148","road_built",2,,0
"131","road_built",2,,0
"66","road_built",2,,0
"5","road_built",1,3,3
"16","road_built",,,
"11","road_built",1,4,4
"137","road_built",2,,0
"160","road_built",2,,0
"40","road_built",2,,0
"76","road_built",2,,0
"114","road_built",2,,0
"19","road_built",1,8,8
"91","road_built",1,1,1
"73","road_built",1,6,6
"37","road_built",1,5,5
"159","road_built",1,2,2
"165","road_built",1,3,3
"7","road_built",2,,0
"99","road_built",,,
"134","road_built",2,,0
"51","road_built",1,4,4
"112","road_built",2,,0
"85","road_built",1,4,4
"64","road_built",2,,0
"103","road_built",,,
"38","road_built",1,9,9
"22","road_built",1,5,5
"126","road_built",2,,0
"27","road_built",2,,0
"48","road_built",2,,0
"14","road_built",2,,0
"54","road_built",1,5,5
"127","road_built",2,,0
"116","road_built",2,,0
"6","road_built",1,17,17
"156","road_built",2,,0
"150","road_built",1,15,15
"152","road_built",2,,0
"161","road_built",2,,0
"121","road_built",2,,0
"9","road_built",1,20,20
"26","road_built",2,,0
"60","road_built",2,,0
"25","road_built",2,,0
"55","road_built",2,,0
"23","road_built",1,8,8
"17","road_built",2,,0
"71","road_built",1,2,2
"115","road_built",1,7,7
"101","road_built",2,,0
"132","road_built",1,5,5
"69","road_built",2,,0
"58","road_built",2,,0
"53","road_built",2,,0
"118","road_built",1,4,4
"80","road_built",1,5,5
"89","road_built",2,,0
"104","road_built",2,,0
"77","road_repaired",2,,0
"84","road_repaired",2,,0
"15","road_repaired",1,13,13
"88","road_repaired",2,,0
"21","road_repaired",2,,0
"122","road_repaired",1,8,8
"143","road_repaired",2,,0
"107","road_repaired",1,12,12
"158","road_repaired",2,,0
"102","road_repaired",2,,0
"93","road_repaired",1,10,10
"151","road_repaired",2,,0
"30","road_repaired",2,,0
"42","road_repaired",1,3,3
"24","road_repaired",2,,0
"72","road_repaired",1,7,7
"68","road_repaired",2,,0
"82","road_repaired",1,5,5
"147","road_repaired",1,-999,
"155","road_repaired",2,,0
"149","road_repaired",2,,0
"31","road_repaired",1,3,3
"2","road_repaired",2,,0
"79","road_repaired",2,,0
"130","road_repaired",2,,0
"45","road_repaired",2,,0
"105","road_repaired",2,,0
"47","road_repaired",2,,0
"86","road_repaired",2,,0
"56","road_repaired",2,,0
"154","road_repaired",2,,0
"124","road_repaired",2,,0
"129","road_repaired",1,10,10
"153","road_repaired",1,7,7
"59","road_repaired",2,,0
"65","road_repaired",2,,0
"3","road_repaired",2,,0
"12","road_repaired",2,,0
"119","road_repaired",2,,0
"92","road_repaired",2,,0
"136","road_repaired",2,,0
"13","road_repaired",2,,0
"135","road_repaired",2,,0
"67","road_repaired",2,,0
"87","road_repaired",2,,0
"4","road_repaired",2,,0
"95","road_repaired",1,2,2
"90","road_repaired",1,3,3
"97","road_repaired",2,,0
"139","road_repaired",2,,0
"117","road_repaired",2,,0
"35","road_repaired",1,1,1
"96","road_repaired",1,-999,
"18","road_repaired",2,,0
"74","road_repaired",2,,0
"140","road_repaired",1,6,6
"141","road_repaired",2,,0
"8","road_repaired",1,4,4
"32","road_repaired",1,8,8
"81","road_repaired",1,1,1
"106","road_repaired",2,,0
"75","road_repaired",2,,0
"43","road_repaired",2,,0
"44","road_repaired",2,,0
"133","road_repaired",2,,0
"164","road_repaired",1,4,4
"10","road_repaired",1,2,2
"100","road_repaired",2,,0
"52","road_repaired",2,,0
"146","road_repaired",1,2,2
"83","road_repaired",2,,0
"34","road_repaired",2,,0
"49","road_repaired",2,,0
"163","road_repaired",1,2,2
"108","road_repaired",2,,0
"166","road_repaired",1,5,5
"33","road_repaired",2,,0
"41","road_repaired",2,,0
"157","road_repaired",2,,0
"29","road_repaired",2,,0
"39","road_repaired",1,3,3
"70","road_repaired",2,,0
"98","road_repaired",1,5,5
"94","road_repaired",2,,0
"46","road_repaired",2,,0
"61","road_repaired",2,,0
"138","road_repaired",2,,0
"123","road_repaired",2,,0
"78","road_repaired",2,,0
"144","road_repaired",2,,0
"1","road_repaired",1,3,3
"109","road_repaired",2,,0
"63","road_repaired",2,,0
"57","road_repaired",2,,0
"142","road_repaired",2,,0
"162","road_repaired",2,,0
"125","road_repaired",2,,0
"28","road_repaired",,,
"50","road_repaired",2,,0
"110","road_repaired",2,,0
"145","road_repaired",2,,0
"111","road_repaired",2,,0
"120","road_repaired",1,10,10
"20","road_repaired",1,4,4
"62","road_repaired",1,14,14
"113","road_repaired",2,,0
"36","road_repaired",2,,0
"148","road_repaired",2,,0
"131","road_repaired",2,,0
"66","road_repaired",2,,0
"5","road_repaired",999,,
"16","road_repaired",,,
"11","road_repaired",2,,0
"137","road_repaired",2,,0
"160","road_repaired",2,,0
"40","road_repaired",1,-999,
"76","road_repaired",2,,0
"114","road_repaired",2,,0
"19","road_repaired",1,3,3
"91","road_repaired",2,,0
"73","road_repaired",1,1,1
"37","road_repaired",2,,0
"159","road_repaired",2,,0
"165","road_repaired",1,6,6
"7","road_repaired",2,,0
"99","road_repaired",,,
"134","road_repaired",1,10,10
"51","road_repaired",2,,0
"112","road_repaired",2,,0
"85","road_repaired",2,,0
"64","road_repaired",2,,0
"103","road_repaired",,,
"38","road_repaired",1,3,3
"22","road_repaired",2,,0
"126","road_repaired",2,,0
"27","road_repaired",2,,0
"48","road_repaired",2,,0
"14","road_repaired",1,5,5
"54","road_repaired",2,,0
"127","road_repaired",2,,0
"116","road_repaired",2,,0
"6","road_repaired",2,,0
"156","road_repaired",2,,0
"150","road_repaired",1,4,4
"152","road_repaired",2,,0
"161","road_repaired",1,5,5
"121","road_repaired",2,,0
"9","road_repaired",1,4,4
"26","road_repaired",2,,0
"60","road_repaired",2,,0
"25","road_repaired",2,,0
"55","road_repaired",2,,0
"23","road_repaired",2,,0
"17","road_repaired",2,,0
"71","road_repaired",1,2,2
"115","road_repaired",2,,0
"101","road_repaired",2,,0
"132","road_repaired",2,,0
"69","road_repaired",2,,0
"58","road_repaired",1,5,5
"53","road_repaired",1,5,5
"118","road_repaired",2,,0
"80","road_repaired",2,,0
"89","road_repaired",2,,0
"104","road_repaired",1,4,4
"77","ssk_new",1,2,2
"84","ssk_new",2,,0
"15","ssk_new",1,3,3
"88","ssk_new",1,5,5
"21","ssk_new",1,3,3
"122","ssk_new",2,,0
"143","ssk_new",1,4,4
"107","ssk_new",1,3,3
"158","ssk_new",1,2,2
"102","ssk_new",1,2,2
"93","ssk_new",1,2,2
"151","ssk_new",2,,0
"30","ssk_new",2,,0
"42","ssk_new",1,3,3
"24","ssk_new",2,,0
"72","ssk_new",1,1,1
"68","ssk_new",2,,0
"82","ssk_new",1,2,2
"147","ssk_new",1,1,1
"155","ssk_new",1,1,1
"149","ssk_new",2,,0
"31","ssk_new",1,2,2
"2","ssk_new",2,,0
"79","ssk_new",2,,0
"130","ssk_new",1,3,3
"45","ssk_new",1,,
"105","ssk_new",2,,0
"47","ssk_new",1,2,2
"86","ssk_new",1,3,3
"56","ssk_new",1,1,1
"154","ssk_new",2,,0
"124","ssk_new",2,,0
"129","ssk_new",2,,0
"153","ssk_new",2,,0
"59","ssk_new",2,,0
"65","ssk_new",2,,0
"3","ssk_new",2,,0
"12","ssk_new",1,,
"119","ssk_new",1,4,4
"92","ssk_new",1,3,3
"136","ssk_new",1,2,2
"13","ssk_new",2,,0
"135","ssk_new",2,,0
"67","ssk_new",2,,0
"87","ssk_new",1,2,2
"4","ssk_new",2,,0
"95","ssk_new",1,2,2
"90","ssk_new",,,
"97","ssk_new",1,1,1
"139","ssk_new",2,,0
"117","ssk_new",1,3,3
"35","ssk_new",1,2,2
"96","ssk_new",2,,0
"18","ssk_new",1,2,2
"74","ssk_new",2,,0
"140","ssk_new",2,,0
"141","ssk_new",2,,0
"8","ssk_new",1,4,4
"32","ssk_new",1,4,4
"81","ssk_new",1,3,3
"106","ssk_new",1,2,2
"75","ssk_new",2,,0
"43","ssk_new",1,2,2
"44","ssk_new",2,,0
"133","ssk_new",2,,0
"164","ssk_new",1,4,4
"10","ssk_new",,,
"100","ssk_new",1,4,4
"52","ssk_new",1,1,1
"146","ssk_new",2,,0
"83","ssk_new",1,1,1
"34","ssk_new",2,,0
"49","ssk_new",2,,0
"163","ssk_new",1,7,7
"108","ssk_new",2,,0
"166","ssk_new",1,3,3
"33","ssk_new",2,,0
"41","ssk_new",2,,0
"157","ssk_new",2,,0
"29","ssk_new",2,,0
"39","ssk_new",2,,0
"70","ssk_new",1,2,2
"98","ssk_new",1,2,2
"94","ssk_new",2,,0
"46","ssk_new",1,3,3
"61","ssk_new",2,,0
"138","ssk_new",2,,0
"123","ssk_new",1,4,4
"78","ssk_new",1,3,3
"144","ssk_new",2,,0
"1","ssk_new",1,3,3
"109","ssk_new",2,,0
"63","ssk_new",2,,0
"57","ssk_new",2,,0
"142","ssk_new",1,4,4
"162","ssk_new",2,,0
"125","ssk_new",2,,0
"28","ssk_new",,,
"50","ssk_new",1,1,1
"110","ssk_new",2,,0
"145","ssk_new",1,3,3
"111","ssk_new",2,,0
"120","ssk_new",1,2,2
"20","ssk_new",1,2,2
"62","ssk_new",1,,
"113","ssk_new",2,,0
"36","ssk_new",2,,0
"148","ssk_new",2,,0
"131","ssk_new",1,1,1
"66","ssk_new",2,,0
"5","ssk_new",2,,0
"16","ssk_new",,,
"11","ssk_new",2,,0
"137","ssk_new",1,2,2
"160","ssk_new",2,,0
"40","ssk_new",2,,0
"76","ssk_new",2,,0
"114","ssk_new",1,4,4
"19","ssk_new",2,,0
"91","ssk_new",1,6,6
"73","ssk_new",1,1,1
"37","ssk_new",2,,0
"159","ssk_new",2,,0
"165","ssk_new",2,,0
"7","ssk_new",2,,0
"99","ssk_new",,,
"134","ssk_new",2,,0
"51","ssk_new",2,,0
"112","ssk_new",1,,
"85","ssk_new",2,,0
"64","ssk_new",1,3,3
"103","ssk_new",,,
"38","ssk_new",1,2,2
"22","ssk_new",1,3,3
"126","ssk_new",2,,0
"27","ssk_new",1,2,2
"48","ssk_new",2,,0
"14","ssk_new",1,1,1
"54","ssk_new",2,,0
"127","ssk_new",,,
"116","ssk_new",1,3,3
"6","ssk_new",1,2,2
"156","ssk_new",1,6,6
"150","ssk_new",1,3,3
"152","ssk_new",2,,0
"161","ssk_new",2,,0
"121","ssk_new",2,,0
"9","ssk_new",1,3,3
"26","ssk_new",2,,0
"60","ssk_new",2,,0
"25","ssk_new",,,
"55","ssk_new",2,,0
"23","ssk_new",2,,0
"17","ssk_new",1,4,4
"71","ssk_new",2,,0
"115","ssk_new",2,,0
"101","ssk_new",1,4,4
"132","ssk_new",1,2,2
"69","ssk_new",2,,0
"58","ssk_new",2,,0
"53","ssk_new",1,5,5
"118","ssk_new",1,1,1
"80","ssk_new",2,,0
"89","ssk_new",1,3,3
"104","ssk_new",1,,
