"gp_id","gpnum","villnum","villname","jlnum.x","jlnum.y","prvill","gp","block","q98","sc98","st98","source_complete","strict","water","school_buildings","schools_all","road_good_moderate","road_good_only"
"1",1,1,"PANCHSORA",142,142,"YES","BAHIRI PANCHSORA","BOLPUR-SRINIKETAN",1,1,0,TRUE,TRUE,11,1,1,1,0
"1",1,2,"JADUPUR",141,141,"NO","BAHIRI PANCHSORA","BOLPUR-SRINIKETAN",1,1,0,TRUE,TRUE,10,1,1,1,0
"1",1,3,"MADHYA KHARA",150,150,"NO","BAHIRI PANCHSORA","BOLPUR-SRINIKETAN",1,1,0,TRUE,TRUE,3,0,0,0,0
"2",2,1,"KUCHLI",85,85,"YES","KANKALITALA","BOLPUR-SRINIKETAN",1,0,0,TRUE,TRUE,30,1,1,0,0
"2",2,2,"KARPATIKURI",75,75,"NO","KANKALITALA","BOLPUR-SRINIKETAN",1,0,0,TRUE,TRUE,5,0,0,1,1
"2",2,3,"SANGRI MAHULA",79,79,"NO","KANKALITALA","BOLPUR-SRINIKETAN",1,0,0,TRUE,TRUE,50,1,1,1,0
"3",3,1,"KASBA",16,16,"YES","KASBA","BOLPUR-SRINIKETAN",0,1,0,TRUE,TRUE,153,1,1,0,0
"3",3,2,"KHIRULI",40,40,"NO","KASBA","BOLPUR-SRINIKETAN",0,1,0,TRUE,TRUE,7,0,0,0,0
"3",3,3,"KAMARDANGA",19,19,"NO","KASBA","BOLPUR-SRINIKETAN",0,1,0,TRUE,TRUE,8,0,0,0,0
"4",4,1,"",,,"","RAIPUR-SUPUR","BOLPUR-SRINIKETAN",,,,FALSE,FALSE,0,0,0,,
"4",4,2,"",,,"","RAIPUR-SUPUR","BOLPUR-SRINIKETAN",,,,FALSE,FALSE,0,0,0,,
"4",4,3,"",,,"","RAIPUR-SUPUR","BOLPUR-SRINIKETAN",,,,FALSE,FALSE,0,0,0,,
"5",5,1,"",,,"","RUPPUR","BOLPUR-SRINIKETAN",,,,FALSE,FALSE,0,0,0,,
"5",5,2,"",,,"","RUPPUR","BOLPUR-SRINIKETAN",,,,FALSE,FALSE,0,0,0,,
"5",5,3,"",,,"","RUPPUR","BOLPUR-SRINIKETAN",,,,FALSE,FALSE,0,0,0,,
"6",6,1,"KEUDAHA",81,81,"YES","SARPALEHANA-ALBANDHA","BOLPUR-SRINIKETAN",0,0,1,TRUE,TRUE,12,0,0,1,0
"6",6,2,"LALDAHA",76,76,"NO","SARPALEHANA-ALBANDHA","BOLPUR-SRINIKETAN",0,0,1,TRUE,TRUE,10,2,2,0,0
"6",6,3,"DAMDAMA",27,27,"NO","SARPALEHANA-ALBANDHA","BOLPUR-SRINIKETAN",0,0,1,TRUE,TRUE,17,0,0,0,0
"7",7,1,"SATTORA",41,,"YES","SATTORA","BOLPUR-SRINIKETAN",0,0,0,TRUE,TRUE,221,1,1,0,0
"7",7,2,"BERAMARI",6,6,"NO","SATTORA","BOLPUR-SRINIKETAN",0,0,0,TRUE,TRUE,48,0,0,1,1
"7",7,3,"SHUNUTIA",11,11,"NO","SATTORA","BOLPUR-SRINIKETAN",0,0,0,TRUE,TRUE,0,1,1,0,0
"8",8,1,"BORODIHA",158,158,"YES","SINGHEE","BOLPUR-SRINIKETAN",0,0,1,TRUE,TRUE,32,0,0,1,0
"8",8,2,"AMDHARA",159,159,"NO","SINGHEE","BOLPUR-SRINIKETAN",0,0,1,TRUE,TRUE,40,0,0,0,0
"8",8,3,"NAHINA",161,161,"NO","SINGHEE","BOLPUR-SRINIKETAN",0,0,1,TRUE,TRUE,39,0,0,0,0
"9",9,1,"DURGAPUR",143,143,"YES","SIONMULUK","BOLPUR-SRINIKETAN",0,0,0,TRUE,TRUE,128,2,2,1,0
"9",9,2,"GOBINDAPUR",126,126,"NO","SIONMULUK","BOLPUR-SRINIKETAN",0,0,0,TRUE,TRUE,0,0,0,0,0
"9",9,3,"GAYESHPUR",122,122,"NO","SIONMULUK","BOLPUR-SRINIKETAN",0,0,0,TRUE,TRUE,1,0,0,0,0
"10",10,1,"BATIKOR",2,2,"YES","BATIKAR","ILLAMBAZAR",1,0,0,TRUE,TRUE,154,0,0,1,0
"10",10,2,"KHUSTIKURI",17,17,"NO","BATIKAR","ILLAMBAZAR",1,0,0,TRUE,TRUE,41,0,0,1,1
"10",10,3,"PALSA",9,9,"NO","BATIKAR","ILLAMBAZAR",1,0,0,TRUE,TRUE,23,0,0,0,0
"11",11,1,"NACHAN SAHA",113,113,"YES","BILATI","ILLAMBAZAR",0,0,0,TRUE,TRUE,90,3,3,1,1
"11",11,2,"DHALLA",119,119,"NO","BILATI","ILLAMBAZAR",0,0,0,TRUE,TRUE,0,0,0,0,0
"11",11,3,"PURBANARAYANPUR",114,114,"NO","BILATI","ILLAMBAZAR",0,0,0,TRUE,TRUE,0,0,0,0,0
"12",12,1,"RAKONA",45,45,"YES","DHARAMPUR","ILLAMBAZAR",0,0,0,TRUE,TRUE,28,1,1,0,0
"12",12,2,"NANDER",11,11,"NO","DHARAMPUR","ILLAMBAZAR",0,0,0,TRUE,TRUE,12,2,2,0,0
"12",12,3,"DELORA",42,42,"NO","DHARAMPUR","ILLAMBAZAR",0,0,0,TRUE,TRUE,59,0,0,0,0
"13",13,1,"NARAYANPUR",77,77,"YES","GHURISHA","ILLAMBAZAR",0,1,0,TRUE,TRUE,59,1,1,1,1
"13",13,2,"BHARATPUR",79,79,"NO","GHURISHA","ILLAMBAZAR",0,1,0,TRUE,TRUE,70,3,3,0,0
"13",13,3,"ICHAPUR",82,82,"NO","GHURISHA","ILLAMBAZAR",0,1,0,TRUE,TRUE,7,2,2,1,0
"14",14,1,"",,,"","ILLAMBAZAR","ILLAMBAZAR",,,,FALSE,FALSE,0,0,0,,
"14",14,2,"",,,"","ILLAMBAZAR","ILLAMBAZAR",,,,FALSE,FALSE,0,0,0,,
"14",14,3,"",,,"","ILLAMBAZAR","ILLAMBAZAR",,,,FALSE,FALSE,0,0,0,,
"15",15,1,"",,,"","JOYDEB-KENDULI","ILLAMBAZAR",,,,FALSE,FALSE,0,0,0,,
"15",15,2,"",,,"","JOYDEB-KENDULI","ILLAMBAZAR",,,,FALSE,FALSE,0,0,0,,
"15",15,3,"",,,"","JOYDEB-KENDULI","ILLAMBAZAR",,,,FALSE,FALSE,0,0,0,,
"16",16,1,"CHOUMONDOLPUR",27,27,"YES","MONGOLDIHI","ILLAMBAZAR",0,1,0,TRUE,TRUE,18,0,0,0,0
"16",16,2,"JAKI PUR",24,24,"NO","MONGOLDIHI","ILLAMBAZAR",0,1,0,TRUE,TRUE,2,0,0,0,0
"16",16,3,"MONGOL DIHI",22,22,"NO","MONGOLDIHI","ILLAMBAZAR",0,1,0,TRUE,TRUE,3,2,2,0,0
"17",17,1,"NAWAGRAM",96,96,"YES","NANASOLE","ILLAMBAZAR",0,0,1,TRUE,TRUE,2,1,1,1,0
"17",17,2,"PACHIARA",106,106,"NO","NANASOLE","ILLAMBAZAR",0,0,1,TRUE,TRUE,23,0,0,1,1
"17",17,3,"JALAL NAGAR",102,102,"NO","NANASOLE","ILLAMBAZAR",0,0,1,TRUE,TRUE,0,0,0,1,1
"18",18,1,"SIRSA",56,56,"YES","SIRSA","ILLAMBAZAR",1,1,0,TRUE,TRUE,13,1,1,1,0
"18",18,2,"CHALK RASIK",58,58,"NO","SIRSA","ILLAMBAZAR",1,1,0,TRUE,TRUE,1,0,0,1,1
"18",18,3,"TARAPUR",50,50,"NO","SIRSA","ILLAMBAZAR",1,1,0,TRUE,TRUE,1,0,0,1,1
"19",19,1,"MATIPUR",48,48,"YES","BIPRATIKURI","LABHPUR",1,1,0,TRUE,TRUE,25,0,0,1,0
"19",19,2,"KASHIARA",62,62,"NO","BIPRATIKURI","LABHPUR",1,1,0,TRUE,TRUE,0,0,0,0,0
"19",19,3,"KURUMBA",58,58,"NO","BIPRATIKURI","LABHPUR",1,1,0,TRUE,TRUE,0,0,0,1,0
"20",20,1,"SHEKHAMPUR",84,84,"YES","CHOUJATTA-MOHODAHI - I","LABHPUR",0,1,0,TRUE,TRUE,50,0,0,0,0
"20",20,2,"GOPDIGHI",86,86,"NO","CHOUJATTA-MOHODAHI - I","LABHPUR",0,1,0,TRUE,TRUE,5,0,0,0,0
"20",20,3,"RAJARAMPUR",22,22,"NO","CHOUJATTA-MOHODAHI - I","LABHPUR",0,1,0,TRUE,TRUE,6,0,0,0,0
"21",21,1,"BHERIA",34,34,"YES","CHOUJATTA-MOHODAHI - II","LABHPUR",0,0,0,TRUE,TRUE,14,0,0,0,0
"21",21,2,"LANGOL GRAM",44,44,"NO","CHOUJATTA-MOHODAHI - II","LABHPUR",0,0,0,TRUE,TRUE,10,0,0,0,0
"21",21,3,"UTTARPARA",42,42,"NO","CHOUJATTA-MOHODAHI - II","LABHPUR",0,0,0,TRUE,TRUE,3,0,0,0,0
"22",22,1,"PANCHPARA",144,144,"YES","DWARKA","LABHPUR",1,0,0,TRUE,TRUE,60,0,0,1,0
"22",22,2,"MIAPUR",143,143,"NO","DWARKA","LABHPUR",1,0,0,TRUE,TRUE,7,0,0,0,0
"22",22,3,"EGURIA",140,140,"NO","DWARKA","LABHPUR",1,0,0,TRUE,TRUE,10,0,0,0,0
"23",23,1,"TORULIA",9,9,"YES","HATIA","LABHPUR",0,0,0,TRUE,TRUE,15,0,0,0,0
"23",23,2,"KAMADPUR",12,12,"NO","HATIA","LABHPUR",0,0,0,TRUE,TRUE,41,1,1,0,0
"23",23,3,"LAGHOSA",10,10,"NO","HATIA","LABHPUR",0,0,0,TRUE,TRUE,76,2,2,0,0
"24",24,1,"KADIPUR",79,79,"YES","INDUS","LABHPUR",1,1,0,TRUE,TRUE,33,0,0,0,0
"24",24,2,"KATUL GHOSHA",108,108,"NO","INDUS","LABHPUR",1,1,0,TRUE,TRUE,0,0,0,0,0
"24",24,3,"INDUS",52,52,"NO","INDUS","LABHPUR",1,1,0,TRUE,TRUE,123,0,0,0,0
"25",25,1,"JAMNA",162,162,"YES","JAMNA","LABHPUR",0,1,0,TRUE,TRUE,59,2,2,0,0
"25",25,2,"JAMNA",155,155,"NO","JAMNA","LABHPUR",0,1,0,TRUE,TRUE,1,0,0,1,0
"25",25,3,"JAMNA",176,176,"NO","JAMNA","LABHPUR",0,1,0,TRUE,TRUE,7,0,0,0,0
"26",26,1,"KURUNNAHAR",148,148,"YES","KURUNHAR","LABHPUR",0,1,0,TRUE,TRUE,44,5,5,0,0
"26",26,2,"GALAICHANDI",113,113,"NO","KURUNHAR","LABHPUR",0,1,0,TRUE,TRUE,0,0,0,0,0
"26",26,3,"MURUGRAM",147,147,"NO","KURUNHAR","LABHPUR",0,1,0,TRUE,TRUE,0,1,1,0,0
"27",27,1,"LAGHOTA",102,102,"YES","LABPUR-I","LABHPUR",0,0,1,TRUE,TRUE,14,0,0,1,1
"27",27,2,"SONA CHITURAJL",119,119,"NO","LABPUR-I","LABHPUR",0,0,1,TRUE,TRUE,2,0,0,1,1
"27",27,3,"MASTALI",83,83,"NO","LABPUR-I","LABHPUR",0,0,1,TRUE,TRUE,18,1,1,0,0
"28",28,1,"KAMARNATH",135,135,"YES","LABPUR-II","LABHPUR",0,1,0,TRUE,TRUE,15,0,1,0,0
"28",28,2,"MANPUR",124,124,"NO","LABPUR-II","LABHPUR",0,1,0,TRUE,TRUE,18,0,0,0,0
"28",28,3,"GHATTOR",96,96,"NO","LABPUR-II","LABHPUR",0,1,0,TRUE,TRUE,16,0,0,0,0
"29",29,1,"KANDAAARKULA",151,151,"YES","THIBA","LABHPUR",1,0,0,TRUE,TRUE,3,0,0,0,0
"29",29,2,"THIBA",150,150,"NO","THIBA","LABHPUR",1,0,0,TRUE,TRUE,340,1,1,0,0
"29",29,3,"JOYCHANDPUR",173,173,"NO","THIBA","LABHPUR",1,0,0,TRUE,TRUE,6,0,0,0,0
"30",30,1,"BARAH SAATA",46,46,"YES","BARAH-SAOTA","NANOOR",0,0,0,TRUE,TRUE,31,1,2,0,0
"30",30,2,"DONGRA",40,40,"NO","BARAH-SAOTA","NANOOR",0,0,0,TRUE,TRUE,5,1,1,0,0
"30",30,3,"SAOTA",59,59,"NO","BARAH-SAOTA","NANOOR",0,0,0,TRUE,TRUE,0,1,1,0,0
"31",31,1,"CHARKALGRAM",52,52,"YES","CHARKALGRAM","NANOOR",1,1,0,TRUE,TRUE,35,1,1,1,0
"31",31,2,"CHARKOL MURUNDI",54,54,"NO","CHARKALGRAM","NANOOR",1,1,0,TRUE,TRUE,309,5,5,0,0
"31",31,3,"PILKUNDI",77,77,"NO","CHARKALGRAM","NANOOR",1,1,0,TRUE,TRUE,4,1,1,0,0
"32",32,1,"NANOOR",65,65,"YES","CHANDIDAS NANOOR","NANOOR",0,1,0,TRUE,TRUE,2,3,3,1,0
"32",32,2,"BERGAM",66,66,"NO","CHANDIDAS NANOOR","NANOOR",0,1,0,TRUE,TRUE,5,0,0,0,0
"32",32,3,"UKRUNDI",60,60,"NO","CHANDIDAS NANOOR","NANOOR",0,1,0,TRUE,TRUE,8,1,1,0,0
"33",33,1,"KALIKAPUR",6,6,"YES","DASKALGRAM-KAREYA-I","NANOOR",0,0,0,TRUE,TRUE,50,1,1,1,1
"33",33,2,"DASKALGRAM",10,10,"NO","DASKALGRAM-KAREYA-I","NANOOR",0,0,0,TRUE,TRUE,9,1,1,0,0
"33",33,3,"SHASPUR",16,16,"NO","DASKALGRAM-KAREYA-I","NANOOR",0,0,0,TRUE,TRUE,0,0,0,0,0
"34",34,1,"KAREYA",19,19,"YES","DASKALGRAM-KAREYA-II","NANOOR",1,1,0,TRUE,TRUE,149,1,1,0,0
"34",34,2,"PATNIL",12,12,"NO","DASKALGRAM-KAREYA-II","NANOOR",1,1,0,TRUE,TRUE,31,1,1,0,0
"34",34,3,"DEBAGRAM",15,15,"NO","DASKALGRAM-KAREYA-II","NANOOR",1,1,0,TRUE,TRUE,200,1,1,1,1
"35",35,1,"NAODA",113,113,"YES","JALUNDI","NANOOR",0,0,0,TRUE,TRUE,32,2,2,0,0
"35",35,2,"PALITA",89,89,"NO","JALUNDI","NANOOR",0,0,0,TRUE,TRUE,20,2,2,1,1
"35",35,3,"BHETER",88,88,"NO","JALUNDI","NANOOR",0,0,0,TRUE,TRUE,12,0,0,0,0
"36",36,1,"KIRNAHAR",20,20,"YES","KIRNAHAR-I","NANOOR",0,0,0,TRUE,TRUE,1533,2,2,0,0
"36",36,2,"MAHESH GRAM",3,3,"NO","KIRNAHAR-I","NANOOR",0,0,0,TRUE,TRUE,29,0,0,1,1
"36",36,3,"NIMRA",2,2,"NO","KIRNAHAR-I","NANOOR",0,0,0,TRUE,TRUE,41,1,1,1,1
"37",37,1,"MADHPUR",31,31,"YES","KIRNAHAR II","NANOOR",0,1,0,TRUE,TRUE,33,2,2,1,1
"37",37,2,"NAGDIHI",26,26,"NO","KIRNAHAR II","NANOOR",0,1,0,TRUE,TRUE,0,0,0,1,0
"37",37,3,"AKUPUR",23,23,"NO","KIRNAHAR II","NANOOR",0,1,0,TRUE,TRUE,0,0,0,0,0
"38",38,1,"SIRAJPUR",113,113,"YES","NAWANGAR KADDA","NANOOR",1,0,0,TRUE,TRUE,4,0,0,0,0
"38",38,2,"CHHATINGRAM",126,126,"NO","NAWANGAR KADDA","NANOOR",1,0,0,TRUE,TRUE,10,0,0,0,0
"38",38,3,"NAWANAGAR",110,110,"NO","NAWANGAR KADDA","NANOOR",1,0,0,TRUE,TRUE,5,0,0,0,0
"39",39,1,"THUP SARA",125,125,"YES","THUPSARA","NANOOR",0,0,0,TRUE,TRUE,21,1,1,0,0
"39",39,2,"ATKULA",112,112,"NO","THUPSARA","NANOOR",0,0,0,TRUE,TRUE,2,1,1,0,0
"39",39,3,"RAMKRISHNAPUR",120,120,"NO","THUPSARA","NANOOR",0,0,0,TRUE,TRUE,4,0,0,0,0
"40",40,1,"BALISHWAR",93,93,"YES","UCHKARAN","NANOOR",0,0,0,TRUE,TRUE,13,1,1,0,0
"40",40,2,"MUTIN",73,73,"NO","UCHKARAN","NANOOR",0,0,0,TRUE,TRUE,59,1,1,0,0
"40",40,3,"PUNDRA",75,75,"NO","UCHKARAN","NANOOR",0,0,0,TRUE,TRUE,19,1,1,1,1
"41",41,1,"KUKHUTIA",17,17,"YES","BALIJURI","DUBRAJPUR",1,0,0,TRUE,TRUE,13,0,0,1,1
"41",41,2,"CHANDI PUR",119,119,"NO","BALIJURI","DUBRAJPUR",1,0,0,TRUE,TRUE,8,0,0,0,0
"41",41,3,"KAMAL  PUR",115,115,"NO","BALIJURI","DUBRAJPUR",1,0,0,TRUE,TRUE,1,0,0,1,0
"42",42,1,"NARAYANPUR",91,91,"YES","CHINPAI","DUBRAJPUR",0,0,0,TRUE,TRUE,86,2,2,1,0
"42",42,2,"BANDERSHOL",100,100,"NO","CHINPAI","DUBRAJPUR",0,0,0,TRUE,TRUE,10,0,0,1,0
"42",42,3,"RADHAMADHABPUR",88,88,"NO","CHINPAI","DUBRAJPUR",0,0,0,TRUE,TRUE,4,2,2,0,0
"43",43,1,"METELA",58,58,"YES","GOHALIARA","DUBRAJPUR",0,1,0,TRUE,TRUE,20,1,1,1,0
"43",43,2,"DEDAHA",37,37,"NO","GOHALIARA","DUBRAJPUR",0,1,0,TRUE,TRUE,16,0,0,0,0
"43",43,3,"LAMIPUR",40,40,"NO","GOHALIARA","DUBRAJPUR",0,1,0,TRUE,TRUE,2,1,1,0,0
"44",44,1,"ASATGUNGE",144,144,"YES","HETAM PUR","DUBRAJPUR",0,0,0,TRUE,TRUE,53,3,3,1,1
"44",44,2,"HETAMPUR",131,131,"NO","HETAM PUR","DUBRAJPUR",0,0,0,TRUE,TRUE,5,0,0,0,0
"44",44,3,"ANDHERBARI",141,141,"NO","HETAM PUR","DUBRAJPUR",0,0,0,TRUE,TRUE,3,0,0,0,0
"45",45,1,"PACHHIARA",168,168,"YES","JASHPUR","DUBRAJPUR",0,0,0,TRUE,TRUE,63,1,1,1,1
"45",45,2,"KORATURI",175,175,"NO","JASHPUR","DUBRAJPUR",0,0,0,TRUE,TRUE,10,0,0,1,1
"45",45,3,"BARA SALUNCHI",221,221,"NO","JASHPUR","DUBRAJPUR",0,0,0,TRUE,TRUE,3,0,0,0,0
"46",46,1,"PANDITPUR",111,111,"YES","LAKSHMINARAYANPUR","DUBRAJPUR",0,0,0,TRUE,TRUE,53,0,0,1,1
"46",46,2,"GANDIBA",48,48,"NO","LAKSHMINARAYANPUR","DUBRAJPUR",0,0,0,TRUE,TRUE,11,1,1,0,0
"46",46,3,"KURALJORI",6,6,"NO","LAKSHMINARAYANPUR","DUBRAJPUR",0,0,0,TRUE,TRUE,8,0,0,0,0
"47",47,1,"PAALASHDANGA",154,154,"YES","LOBA","DUBRAJPUR",1,1,0,TRUE,TRUE,6,3,3,0,0
"47",47,2,"METEGRAM",159,152,"NO","LOBA","DUBRAJPUR",1,1,0,TRUE,TRUE,1,1,1,1,0
"47",47,3,"KAMAL  PUR",152,159,"NO","LOBA","DUBRAJPUR",1,1,0,TRUE,TRUE,7,0,0,0,0
"48",48,1,"KHANDAGRAM",212,212,"YES","PADUMA","DUBRAJPUR",1,0,0,TRUE,TRUE,27,1,1,1,0
"48",48,2,"GANRA",206,206,"NO","PADUMA","DUBRAJPUR",1,0,0,TRUE,TRUE,25,1,1,0,0
"48",48,3,"KANDIGHI",205,205,"NO","PADUMA","DUBRAJPUR",1,0,0,TRUE,TRUE,0,0,0,1,0
"49",49,1,"HAZRAPUR",71,71,"YES","PARULIA","DUBRAJPUR",0,0,1,TRUE,TRUE,85,0,0,0,0
"49",49,2,"JAMTHALIA",74,74,"NO","PARULIA","DUBRAJPUR",0,0,1,TRUE,TRUE,11,1,1,1,0
"49",49,3,"KALASONA",79,79,"NO","PARULIA","DUBRAJPUR",0,0,1,TRUE,TRUE,0,0,0,1,0
"50",50,1,"JATRA",223,223,"YES","SAHAPUR","DUBRAJPUR",1,1,0,TRUE,TRUE,40,2,2,1,1
"50",50,2,"BARAGUNSUMA",226,226,"NO","SAHAPUR","DUBRAJPUR",1,1,0,TRUE,TRUE,13,1,1,1,1
"50",50,3,"NAMASAHAPUR",187,187,"NO","SAHAPUR","DUBRAJPUR",1,1,0,TRUE,TRUE,4,0,0,0,0
"51",51,1,"GERUAPHARI",74,74,"YES","BABUIJOR","KHAYRASOL",0,0,0,TRUE,TRUE,3,0,0,0,0
"51",51,2,"KESA",69,69,"NO","BABUIJOR","KHAYRASOL",0,0,0,TRUE,TRUE,17,0,0,0,0
"51",51,3,"BANSAYAR",73,73,"NO","BABUIJOR","KHAYRASOL",0,0,0,TRUE,TRUE,17,1,1,0,0
"52",52,1,"KOITHI",98,98,"YES","BARRA","KHAYRASOL",1,0,0,TRUE,TRUE,18,0,0,1,0
"52",52,2,"KONKARTALA",102,102,"NO","BARRA","KHAYRASOL",1,0,0,TRUE,TRUE,13,0,0,0,0
"52",52,3,"BARRA",82,82,"NO","BARRA","KHAYRASOL",1,0,0,TRUE,TRUE,20,2,2,1,0
"53",53,1,"SAHAPUR",109,109,"YES","HIJRATPUR","KHAYRASOL",1,1,0,TRUE,TRUE,10,1,1,0,0
"53",53,2,"RASA",107,107,"NO","HIJRATPUR","KHAYRASOL",1,1,0,TRUE,TRUE,78,3,3,1,0
"53",53,3,"MUNDIRA",110,110,"NO","HIJRATPUR","KHAYRASOL",1,1,0,TRUE,TRUE,19,1,1,0,0
"54",54,1,"KRISHNAPUR",114,114,"YES","KENDGARE","KHAYRASOL",0,0,0,TRUE,TRUE,34,0,1,0,0
"54",54,2,"MAMUDPUR",115,115,"NO","KENDGARE","KHAYRASOL",0,0,0,TRUE,TRUE,2,0,0,0,0
"54",54,3,"CHURAR",137,137,"NO","KENDGARE","KHAYRASOL",0,0,0,TRUE,TRUE,41,0,0,0,0
"55",55,1,"MAINADAL",134,134,"YES","KHAYRASOL","KHAYRASOL",1,0,0,TRUE,TRUE,8,0,0,0,0
"55",55,2,"KHAYRASOL",130,130,"NO","KHAYRASOL","KHAYRASOL",1,0,0,TRUE,TRUE,0,0,0,0,0
"55",55,3,"SARSA",122,122,"NO","KHAYRASOL","KHAYRASOL",1,0,0,TRUE,TRUE,3,0,0,0,0
"56",56,1,"BUDPUR",11,11,"YES","LOKEPUR","KHAYRASOL",0,0,0,TRUE,TRUE,18,1,1,0,0
"56",56,2,"ALIAT",8,8,"NO","LOKEPUR","KHAYRASOL",0,0,0,TRUE,TRUE,8,0,0,1,1
"56",56,3,"DHASUNIA",2,2,"NO","LOKEPUR","KHAYRASOL",0,0,0,TRUE,TRUE,6,0,0,0,0
"57",57,1,"KHARIKABAD",49,49,"YES","NAKRAKONDA","KHAYRASOL",0,0,0,TRUE,TRUE,8,0,0,1,0
"57",57,2,"NAKRAKONDA",126,126,"NO","NAKRAKONDA","KHAYRASOL",0,0,0,TRUE,TRUE,21,0,0,1,0
"57",57,3,"SERMARE",127,127,"NO","NAKRAKONDA","KHAYRASOL",0,0,0,TRUE,TRUE,6,1,1,0,0
"58",58,1,"RANIPATHAR",155,155,"YES","PANCHARA","KHAYRASOL",0,0,0,TRUE,TRUE,5,1,1,0,0
"58",58,2,"BAHADUR PUR",164,164,"NO","PANCHARA","KHAYRASOL",0,0,0,TRUE,TRUE,26,0,0,0,0
"58",58,3,"LABHARSOL",165,165,"NO","PANCHARA","KHAYRASOL",0,0,0,TRUE,TRUE,9,0,0,0,0
"59",59,1,"VELERI",89,89,"YES","PARSUNDI","KHAYRASOL",0,0,0,TRUE,TRUE,61,0,0,0,0
"59",59,2,"JAMALPUR",92,92,"NO","PARSUNDI","KHAYRASOL",0,0,0,TRUE,TRUE,8,0,0,0,0
"59",59,3,"ARJUNSULI",83,83,"NO","PARSUNDI","KHAYRASOL",0,0,0,TRUE,TRUE,3,1,1,0,0
"60",60,1,"CHUAGARH",39,39,"YES","RUPASPUR","KHAYRASOL",0,1,0,TRUE,TRUE,12,0,0,1,1
"60",60,2,"JAHID PUR",52,52,"NO","RUPASPUR","KHAYRASOL",0,1,0,TRUE,TRUE,0,0,0,0,0
"60",60,3,"DAMURIA",26,26,"NO","RUPASPUR","KHAYRASOL",0,1,0,TRUE,TRUE,1,0,0,1,0
"61",61,1,"ANGARGARIA",143,143,"YES","ANGARGERIA","MAHAMMADBAZAR",1,1,0,TRUE,TRUE,121,3,3,1,1
"61",61,2,"ASENGA",156,156,"NO","ANGARGERIA","MAHAMMADBAZAR",1,1,0,TRUE,TRUE,9,0,0,0,0
"61",61,3,"KABIL PUR",151,151,"NO","ANGARGERIA","MAHAMMADBAZAR",1,1,0,TRUE,TRUE,10,0,0,1,0
"62",62,1,"HARIDAS PUR",5,5,"YES","BHARKATA","MAHAMMADBAZAR",0,0,0,TRUE,TRUE,14,0,0,0,0
"62",62,2,"CHANDO",2,2,"NO","BHARKATA","MAHAMMADBAZAR",0,0,0,TRUE,TRUE,11,2,2,0,0
"62",62,3,"CHAKROYPUR",10,10,"NO","BHARKATA","MAHAMMADBAZAR",0,0,0,TRUE,TRUE,12,0,0,0,0
"63",63,1,"MALADANGAQ",112,112,"YES","BHUTURA","MAHAMMADBAZAR",1,0,0,TRUE,TRUE,41,0,1,0,0
"63",63,2,"SAHORAKURI",111,111,"NO","BHUTURA","MAHAMMADBAZAR",1,0,0,TRUE,TRUE,0,0,0,1,1
"63",63,3,"NARASINGHAPUR",137,137,"NO","BHUTURA","MAHAMMADBAZAR",1,0,0,TRUE,TRUE,5,0,0,1,1
"64",64,1,"BAIDHYANATHPUR",90,90,"YES","CHARICHA","MAHAMMADBAZAR",0,1,0,TRUE,TRUE,26,2,2,1,0
"64",64,2,"TANGSULI",93,93,"NO","CHARICHA","MAHAMMADBAZAR",0,1,0,TRUE,TRUE,24,0,0,0,0
"64",64,3,"CHARICHA RAGHU BOROPUR",100,100,"NO","CHARICHA","MAHAMMADBAZAR",0,1,0,TRUE,TRUE,24,2,2,0,0
"65",65,1,"GAMIRA",75,75,"YES","DOUCHA","MAHAMMADBAZAR",0,1,0,TRUE,TRUE,9,1,1,0,0
"65",65,2,"PORABALI",83,83,"NO","DOUCHA","MAHAMMADBAZAR",0,1,0,TRUE,TRUE,0,0,0,0,0
"65",65,3,"SEHELA",79,79,"NO","DOUCHA","MAHAMMADBAZAR",0,1,0,TRUE,TRUE,10,2,2,0,0
"66",66,1,"GOPALPUR",19,19,"YES","GONPUR","MAHAMMADBAZAR",1,1,0,TRUE,TRUE,6,0,0,0,0
"66",66,2,"KOLAIPAHARI",11,11,"NO","GONPUR","MAHAMMADBAZAR",1,1,0,TRUE,TRUE,0,0,0,0,0
"66",66,3,"DAMRA",15,15,"NO","GONPUR","MAHAMMADBAZAR",1,1,0,TRUE,TRUE,144,2,2,1,1
"67",67,1,"HARINSINGA",38,38,"YES","HINGLO","MAHAMMADBAZAR",1,0,1,TRUE,TRUE,4,0,0,1,1
"67",67,2,"DEWANGANG",36,36,"NO","HINGLO","MAHAMMADBAZAR",1,0,1,TRUE,TRUE,2,0,0,1,0
"67",67,3,"NISCHINTAPUR",37,37,"NO","HINGLO","MAHAMMADBAZAR",1,0,1,TRUE,TRUE,5,1,1,1,1
"68",68,1,"NABOGRAM",41,41,"YES","KAPISTHA","MAHAMMADBAZAR",0,1,0,TRUE,TRUE,45,1,1,1,0
"68",68,2,"BHERAPATHAR",58,58,"NO","KAPISTHA","MAHAMMADBAZAR",0,1,0,TRUE,TRUE,7,0,0,0,0
"68",68,3,"KAPISTA",54,54,"NO","KAPISTHA","MAHAMMADBAZAR",0,1,0,TRUE,TRUE,2,0,0,0,0
"69",69,1,"FULLAILUR",106,106,"YES","MAHAMMADBAZAR","MAHAMMADBAZAR",1,0,1,TRUE,TRUE,14,1,1,0,0
"69",69,2,"KAIJULI",123,123,"NO","MAHAMMADBAZAR","MAHAMMADBAZAR",1,0,1,TRUE,TRUE,43,2,2,1,1
"69",69,3,"KAMARPUR",128,128,"NO","MAHAMMADBAZAR","MAHAMMADBAZAR",1,0,1,TRUE,TRUE,9,1,1,1,1
"70",70,1,"SAHANAGAR",150,150,"YES","PURANAGRAM","MAHAMMADBAZAR",1,0,0,TRUE,TRUE,67,1,1,0,0
"70",70,2,"MAKDUMNAGAR",33,33,"NO","PURANAGRAM","MAHAMMADBAZAR",1,0,0,TRUE,TRUE,40,0,0,1,1
"70",70,3,"BATASHPUR",31,31,"NO","PURANAGRAM","MAHAMMADBAZAR",1,0,0,TRUE,TRUE,25,0,0,0,0
"71",71,1,"KULKARI",84,84,"YES","RAMPUR","MAHAMMADBAZAR",0,0,0,TRUE,TRUE,12,0,0,0,0
"71",71,2,"KUKARADIHI",61,61,"NO","RAMPUR","MAHAMMADBAZAR",0,0,0,TRUE,TRUE,11,0,0,1,1
"71",71,3,"DEBGRAM",63,63,"NO","RAMPUR","MAHAMMADBAZAR",0,0,0,TRUE,TRUE,15,0,1,1,1
"72",72,1,"SEKEDDAHA",26,26,"YES","SEKEDDA","MAHAMMADBAZAR",0,0,0,TRUE,TRUE,302,2,2,1,0
"72",72,2,"BALUTI",28,28,"NO","SEKEDDA","MAHAMMADBAZAR",0,0,0,TRUE,TRUE,0,0,0,1,1
"72",72,3,"SEKEDDAHA",29,29,"NO","SEKEDDA","MAHAMMADBAZAR",0,0,0,TRUE,TRUE,9,0,0,0,0
"73",73,1,"KUNDIRA",61,61,"YES","BHABANIPUR","RAJNAGAR",0,0,1,TRUE,TRUE,10,1,1,1,0
"73",73,2,"BHABANI PUR",70,70,"NO","BHABANIPUR","RAJNAGAR",0,0,1,TRUE,TRUE,30,0,0,0,0
"73",73,3,"KUSHMA",27,27,"NO","BHABANIPUR","RAJNAGAR",0,0,1,TRUE,TRUE,2,0,0,0,0
"74",74,1,"FARIDPUR",88,88,"YES","CHANDRAPUR","RAJNAGAR",1,0,0,TRUE,TRUE,32,0,0,0,0
"74",74,2,"CHARDRAPUR",90,90,"NO","CHANDRAPUR","RAJNAGAR",1,0,0,TRUE,TRUE,98,1,1,1,1
"74",74,3,"PATADANGA",100,100,"NO","CHANDRAPUR","RAJNAGAR",1,0,0,TRUE,TRUE,44,0,0,1,1
"75",75,1,"ALIGARH",14,14,"YES","GANGMURI-JAIPUR","RAJNAGAR",0,0,1,TRUE,TRUE,68,2,2,1,1
"75",75,2,"NATUWGRAM",29,29,"NO","GANGMURI-JAIPUR","RAJNAGAR",0,0,1,TRUE,TRUE,1,0,0,0,0
"75",75,3,"MARGATHALI",15,15,"NO","GANGMURI-JAIPUR","RAJNAGAR",0,0,1,TRUE,TRUE,5,0,0,0,0
"76",76,1,"CHHOLO BAZAR",38,38,"YES","RAJNAGAR","RAJNAGAR",1,1,0,TRUE,TRUE,27,0,0,1,0
"76",76,2,"DUBRAJPUR",41,41,"NO","RAJNAGAR","RAJNAGAR",1,1,0,TRUE,TRUE,2,0,0,0,0
"76",76,3,"BARSHAL",44,44,"NO","RAJNAGAR","RAJNAGAR",1,1,0,TRUE,TRUE,4,0,0,0,0
"77",77,1,"TANTIPUR",51,51,"YES","TANTIPARA","RAJNAGAR",0,0,0,TRUE,TRUE,17,5,5,1,1
"77",77,2,"KHOYRADIHI",50,50,"NO","TANTIPARA","RAJNAGAR",0,0,0,TRUE,TRUE,11,1,1,0,0
"77",77,3,"GULAL-GHACHI",48,48,"NO","TANTIPARA","RAJNAGAR",0,0,0,TRUE,TRUE,14,0,0,1,0
"78",78,1,"BHAGAWATIPUR",153,153,"YES","AHAMADPUR","SAINTHIA",0,1,0,TRUE,TRUE,20,0,0,0,0
"78",78,2,"TEKADYAHA",152,152,"NO","AHAMADPUR","SAINTHIA",0,1,0,TRUE,TRUE,0,0,0,0,0
"78",78,3,"PALASDANGA",210,210,"NO","AHAMADPUR","SAINTHIA",0,1,0,TRUE,TRUE,0,0,0,0,0
"79",79,1,"AMARPUR",172,172,"YES","AMARPUR","SAINTHIA",0,0,1,TRUE,TRUE,11,0,0,1,1
"79",79,2,"BIRSINGHA",166,166,"NO","AMARPUR","SAINTHIA",0,0,1,TRUE,TRUE,3,0,0,0,0
"79",79,3,"IKRA",164,164,"NO","AMARPUR","SAINTHIA",0,0,1,TRUE,TRUE,23,0,0,1,0
"80",80,1,"MALLICKPUR",99,99,"YES","BANAGRAM","SAINTHIA",0,0,1,TRUE,TRUE,24,0,0,0,0
"80",80,2,"RUSULPUR",122,122,"NO","BANAGRAM","SAINTHIA",0,0,1,TRUE,TRUE,1,0,0,0,0
"80",80,3,"PAKURIA",113,113,"NO","BANAGRAM","SAINTHIA",0,0,1,TRUE,TRUE,11,0,0,0,0
"81",81,1,"PASHNIM NAWPARA",137,137,"YES","BHRAMARKOLE","SAINTHIA",0,0,0,TRUE,TRUE,26,0,0,0,0
"81",81,2,"JAMKOLA",144,144,"NO","BHRAMARKOLE","SAINTHIA",0,0,0,TRUE,TRUE,6,1,1,0,0
"81",81,3,"BHANDHURA",136,136,"NO","BHRAMARKOLE","SAINTHIA",0,0,0,TRUE,TRUE,9,0,0,0,0
"82",82,1,"BAIDHYAPUR",23,23,"YES","DERIAPUR","SAINTHIA",1,0,1,TRUE,TRUE,16,0,0,0,0
"82",82,2,"DAIKOTA",15,15,"NO","DERIAPUR","SAINTHIA",1,0,1,TRUE,TRUE,6,0,0,0,0
"82",82,3,"BANGRAM",20,20,"NO","DERIAPUR","SAINTHIA",1,0,1,TRUE,TRUE,2,1,1,1,0
"83",83,1,"KENDUA",126,126,"YES","FULUR","SAINTHIA",0,0,0,TRUE,TRUE,55,0,0,1,0
"83",83,2,"UTTARSIYA",120,120,"NO","FULUR","SAINTHIA",0,0,0,TRUE,TRUE,0,0,0,0,0
"83",83,3,"FULUR",117,117,"NO","FULUR","SAINTHIA",0,0,0,TRUE,TRUE,6,0,0,0,0
"84",84,1,"BHAWANIPUR",13,13,"YES","HARISARA","SAINTHIA",1,0,0,TRUE,TRUE,9,0,0,0,0
"84",84,2,"GOROLA",2,2,"NO","HARISARA","SAINTHIA",1,0,0,TRUE,TRUE,8,0,0,0,0
"84",84,3,"MONAI",8,8,"NO","HARISARA","SAINTHIA",1,0,0,TRUE,TRUE,7,0,0,0,0
"85",85,1,"SOUTH BANAGRAM",80,80,"YES","HATHORA","SAINTHIA",0,1,0,TRUE,TRUE,4,0,0,0,0
"85",85,2,"MOSODDA",81,81,"NO","HATHORA","SAINTHIA",0,1,0,TRUE,TRUE,0,0,0,0,0
"85",85,3,"PURPALDIHI",51,51,"NO","HATHORA","SAINTHIA",0,1,0,TRUE,TRUE,4,0,0,0,0
"86",86,1,"RONGAIPUR",33,33,"YES","MATHPALSA","SAINTHIA",0,0,0,TRUE,TRUE,50,1,1,0,0
"86",86,2,"BANGRA",35,35,"NO","MATHPALSA","SAINTHIA",0,0,0,TRUE,TRUE,11,0,0,0,0
"86",86,3,"MAHISH DAHARI",40,40,"NO","MATHPALSA","SAINTHIA",0,0,0,TRUE,TRUE,17,0,0,0,0
"87",87,1,"PANRUI",187,187,"YES","PANRUI","SAINTHIA",1,1,0,TRUE,FALSE,20,1,1,0,0
"87",87,2,"MUCHIARA",188,188,"NO","PANRUI","SAINTHIA",1,1,0,TRUE,FALSE,0,0,0,1,0
"87",87,3,"PASCHIM SUNDAR PUR",196,196,"NO","PANRUI","SAINTHIA",1,1,0,TRUE,FALSE,13,0,0,1,0
"88",88,1,"MRITADASPUR",63,63,"YES","SANGRA","SAINTHIA",0,0,0,TRUE,TRUE,25,1,1,0,0
"88",88,2,"PATHERGHATA`",57,57,"NO","SANGRA","SAINTHIA",0,0,0,TRUE,TRUE,9,0,0,0,0
"88",88,3,"MALIGRAM",54,54,"NO","SANGRA","SAINTHIA",0,0,0,TRUE,TRUE,5,0,0,0,0
"89",89,1,"GAMDPUR",233,233,"YES","SRINIDHIPUR","SAINTHIA",0,0,0,TRUE,TRUE,15,1,1,1,1
"89",89,2,"DAKSHIN CHANDPUR",226,226,"NO","SRINIDHIPUR","SAINTHIA",0,0,0,TRUE,TRUE,0,0,0,0,0
"89",89,3,"KHANERPARA",232,232,"NO","SRINIDHIPUR","SAINTHIA",0,0,0,TRUE,TRUE,4,0,0,0,0
"90",90,1,"CHOTA ALUNDA",22,22,"YES","ALUNDA","SURI - I",0,0,0,TRUE,TRUE,37,1,1,0,0
"90",90,2,"SHAKTIPUR",19,19,"NO","ALUNDA","SURI - I",0,0,0,TRUE,TRUE,12,0,0,1,0
"90",90,3,"PANCH PUKHURIA",16,16,"NO","ALUNDA","SURI - I",0,0,0,TRUE,TRUE,13,0,0,0,0
"91",91,1,"KAMARDANGAL",126,126,"YES","BHURKUNA","SURI - I",0,0,0,TRUE,TRUE,19,1,1,1,0
"91",91,2,"SEKH DIHI",134,134,"NO","BHURKUNA","SURI - I",0,0,0,TRUE,TRUE,4,0,0,0,0
"91",91,3,"MURA MATH",124,124,"NO","BHURKUNA","SURI - I",0,0,0,TRUE,TRUE,28,2,2,1,0
"92",92,1,"NIMDASPUR",208,208,"YES","NAGARI","SURI - I",0,1,0,TRUE,TRUE,7,0,0,0,0
"92",92,2,"SIRSA",184,184,"NO","NAGARI","SURI - I",0,1,0,TRUE,TRUE,3,0,0,0,0
"92",92,3,"BARAGRAM",192,192,"NO","NAGARI","SURI - I",0,1,0,TRUE,TRUE,13,0,0,0,0
"93",93,1,"KARIDHYA",106,106,"YES","KARIDHYA","SURI - I",0,0,0,TRUE,TRUE,192,1,1,1,0
"93",93,2,"CHORMARA",110,110,"NO","KARIDHYA","SURI - I",0,0,0,TRUE,TRUE,8,0,0,0,0
"93",93,3,"LAKHINDHAR PUR",111,111,"NO","KARIDHYA","SURI - I",0,0,0,TRUE,TRUE,0,0,0,0,0
"94",94,1,"RONPUR",213,213,"YES","KHATANGA","SURI - I",1,0,0,TRUE,TRUE,14,0,0,1,0
"94",94,2,"LANGULIA",197,197,"NO","KHATANGA","SURI - I",1,0,0,TRUE,TRUE,3,1,1,0,0
"94",94,3,"RAJANPUR",205,205,"NO","KHATANGA","SURI - I",1,0,0,TRUE,TRUE,6,0,0,1,1
"95",95,1,"GAJALPUR",92,92,"YES","MALLIK PUR","SURI - I",1,0,0,TRUE,TRUE,7,1,1,1,0
"95",95,2,"UTTARPARA",122,122,"NO","MALLIK PUR","SURI - I",1,0,0,TRUE,TRUE,3,0,0,1,0
"95",95,3,"ABDARPUR",97,97,"NO","MALLIK PUR","SURI - I",1,0,0,TRUE,TRUE,16,2,2,1,1
"96",96,1,"KARIDDHYA",106,106,"YES","TILPARA","SURI - I",0,1,0,TRUE,TRUE,13,0,0,1,0
"96",96,2,"BANSJOR",11,11,"NO","TILPARA","SURI - I",0,1,0,TRUE,TRUE,60,2,2,0,0
"96",96,3,"JOKA",3,3,"NO","TILPARA","SURI - I",0,1,0,TRUE,TRUE,2,0,0,0,0
"97",97,1,"BHOLAIPUR",170,170,"YES","AVINASHPUR","SURI - II",0,0,0,TRUE,TRUE,36,1,1,1,0
"97",97,2,"KUBIRPUR",177,177,"NO","AVINASHPUR","SURI - II",0,0,0,TRUE,TRUE,8,0,0,0,0
"97",97,3,"SRIKANTAPUR",172,172,"NO","AVINASHPUR","SURI - II",0,0,0,TRUE,TRUE,23,2,2,0,0
"98",98,1,"JAMURI",165,165,"YES","BANSANKA","SURI - II",0,0,0,TRUE,TRUE,19,1,1,1,1
"98",98,2,"ANANTAPUR",153,153,"NO","BANSANKA","SURI - II",0,0,0,TRUE,TRUE,9,1,1,0,0
"98",98,3,"TALIBPUR",152,152,"NO","BANSANKA","SURI - II",0,0,0,TRUE,TRUE,12,2,2,0,0
"99",99,1,"IKRA",49,49,"YES","DAMDAMA","SURI - II",1,1,0,TRUE,TRUE,17,1,1,1,1
"99",99,2,"GOAL GRAM",54,54,"NO","DAMDAMA","SURI - II",1,1,0,TRUE,TRUE,11,0,0,1,1
"99",99,3,"KHARI KATI KUTI",48,48,"NO","DAMDAMA","SURI - II",1,1,0,TRUE,TRUE,5,1,1,0,0
"100",100,1,"KHASNATORE",99,99,"YES","KENDUA","SURI - II",0,0,0,TRUE,TRUE,4,1,1,1,0
"100",100,2,"MONPUR",31,31,"NO","KENDUA","SURI - II",0,0,0,TRUE,TRUE,19,0,0,1,1
"100",100,3,"HARIPUR",40,40,"NO","KENDUA","SURI - II",0,0,0,TRUE,TRUE,2,0,0,1,1
"101",101,1,"LOBAGAN",87,87,"YES","KOMA","SURI - II",1,0,1,TRUE,TRUE,5,0,0,1,0
"101",101,2,"JANURI",84,84,"NO","KOMA","SURI - II",1,0,1,TRUE,TRUE,9,0,0,1,0
"101",101,3,"PAISHTA",65,65,"NO","KOMA","SURI - II",1,0,1,TRUE,TRUE,15,0,0,0,0
"102",102,1,"KONDAIPUR",61,61,"YES","PURANDARPUR","SURI - II",1,0,1,TRUE,TRUE,20,1,1,1,1
"102",102,2,"INDRAGACHA",68,68,"NO","PURANDARPUR","SURI - II",1,0,1,TRUE,TRUE,12,0,0,1,1
"102",102,3,"PIYASHALA",58,58,"NO","PURANDARPUR","SURI - II",1,0,1,TRUE,TRUE,29,1,1,1,1
"103",103,1,"RAUTGARA",7,7,"YES","BAJITPUR","MAYURESWAR - I",0,1,0,TRUE,TRUE,44,0,0,0,0
"103",103,2,"DUMRA",12,12,"NO","BAJITPUR","MAYURESWAR - I",0,1,0,TRUE,TRUE,13,0,0,0,0
"103",103,3,"DHABANANDA PUR",6,6,"NO","BAJITPUR","MAYURESWAR - I",0,1,0,TRUE,TRUE,7,0,0,0,0
"104",104,1,"BARATURIGRAM",169,169,"YES","BARATURIGRAM","MAYURESWAR - I",1,1,0,TRUE,TRUE,108,2,2,0,0
"104",104,2,"KANAI PUR",165,165,"NO","BARATURIGRAM","MAYURESWAR - I",1,1,0,TRUE,TRUE,2,1,1,1,1
"104",104,3,"GHOSH GRAM",166,166,"NO","BARATURIGRAM","MAYURESWAR - I",1,1,0,TRUE,TRUE,7,1,1,1,0
"105",105,1,"HAJIGRAM",170,170,"YES","DABUK","MAYURESWAR - I",0,0,0,TRUE,TRUE,300,2,2,0,0
"105",105,2,"DABUK",158,158,"NO","DABUK","MAYURESWAR - I",0,0,0,TRUE,TRUE,20,0,0,0,0
"105",105,3,"DHANGARA",159,159,"NO","DABUK","MAYURESWAR - I",0,0,0,TRUE,TRUE,3,0,0,1,1
"106",106,1,"RATMA",46,46,"YES","DAKHINGRAM","MAYURESWAR - I",1,0,0,TRUE,TRUE,54,1,1,0,0
"106",106,2,"DAKSHINGRAM",150,150,"NO","DAKHINGRAM","MAYURESWAR - I",1,0,0,TRUE,TRUE,60,1,1,0,0
"106",106,3,"UTTARPARA BHAGABATIPUR",173,173,"NO","DAKHINGRAM","MAYURESWAR - I",1,0,0,TRUE,TRUE,6,0,0,0,0
"107",107,1,"SONJ",66,66,"YES","JHIKADDA","MAYURESWAR - I",0,0,0,TRUE,TRUE,27,2,2,0,0
"107",107,2,"JOT RAJ CHANDRA",64,64,"NO","JHIKADDA","MAYURESWAR - I",0,0,0,TRUE,TRUE,3,1,1,0,0
"107",107,3,"BARAGRAW",69,69,"NO","JHIKADDA","MAYURESWAR - I",0,0,0,TRUE,TRUE,3,0,0,0,0
"108",108,1,"MAHULA",30,30,"YES","KANACHI","MAYURESWAR - I",0,0,0,TRUE,TRUE,53,3,3,1,0
"108",108,2,"TASA PUR",58,58,"NO","KANACHI","MAYURESWAR - I",0,0,0,TRUE,TRUE,22,0,0,0,0
"108",108,3,"NOKORA",51,51,"NO","KANACHI","MAYURESWAR - I",0,0,0,TRUE,TRUE,7,0,2,0,0
"109",109,1,"FATIPUR",26,26,"YES","MALLARPUR-I","MAYURESWAR - I",0,0,0,TRUE,TRUE,1243,4,4,1,1
"109",109,2,"GOAL GRAM",23,23,"NO","MALLARPUR-I","MAYURESWAR - I",0,0,0,TRUE,TRUE,13,1,1,1,0
"109",109,3,"BAHINA",27,27,"NO","MALLARPUR-I","MAYURESWAR - I",0,0,0,TRUE,TRUE,22,1,1,1,0
"110",110,1,"MALLARPUR",22,22,"YES","MALLARPUR-II","MAYURESWAR - I",0,1,0,TRUE,TRUE,160,4,4,1,0
"110",110,2,"RUKUN PUR",20,20,"NO","MALLARPUR-II","MAYURESWAR - I",0,1,0,TRUE,TRUE,8,0,0,0,0
"110",110,3,"HATPRACHANDA PUR",18,18,"NO","MALLARPUR-II","MAYURESWAR - I",0,1,0,TRUE,TRUE,14,1,1,1,0
"111",111,1,"SAMACHAR",40,40,"YES","TALOAN","MAYURESWAR - I",0,1,0,TRUE,TRUE,20,0,0,1,0
"111",111,2,"NAMAKANDA",34,34,"NO","TALOAN","MAYURESWAR - I",0,1,0,TRUE,TRUE,2,0,0,0,0
"111",111,3,"KAMRA",50,50,"NO","TALOAN","MAYURESWAR - I",0,1,0,TRUE,TRUE,24,1,1,0,0
"112",112,1,"RADHANAGAR",133,133,"YES","DASPALSA","MAYURESWAR - II",0,0,0,TRUE,TRUE,15,2,2,0,0
"112",112,2,"BIRNAGAR",130,130,"NO","DASPALSA","MAYURESWAR - II",0,0,0,TRUE,TRUE,13,1,1,0,0
"112",112,3,"MAHESHA",132,132,"NO","DASPALSA","MAYURESWAR - II",0,0,0,TRUE,TRUE,21,1,1,1,0
"113",113,1,"NAWGAON",232,232,"YES","DHEKA","MAYURESWAR - II",1,1,0,TRUE,TRUE,13,1,1,1,0
"113",113,2,"CHUATORI",186,186,"NO","DHEKA","MAYURESWAR - II",1,1,0,TRUE,TRUE,5,0,0,1,1
"113",113,3,"BELIA",226,226,"NO","DHEKA","MAYURESWAR - II",1,1,0,TRUE,TRUE,8,0,0,0,0
"114",114,1,"MATHBAHAARA",179,179,"YES","KALESWER","MAYURESWAR - II",0,0,0,TRUE,TRUE,16,1,1,0,0
"114",114,2,"BHUDHARPUR",181,181,"NO","KALESWER","MAYURESWAR - II",0,0,0,TRUE,TRUE,24,1,1,0,0
"114",114,3,"HARISARA",205,205,"NO","KALESWER","MAYURESWAR - II",0,0,0,TRUE,TRUE,7,0,0,0,0
"115",115,1,"BOROAKALPUR",78,78,"YES","KUNDALA","MAYURESWAR - II",1,0,0,TRUE,TRUE,281,0,0,0,0
"115",115,2,"KALASUR",102,102,"NO","KUNDALA","MAYURESWAR - II",1,0,0,TRUE,TRUE,18,2,2,1,0
"115",115,3,"NARAYANGHATI",92,92,"NO","KUNDALA","MAYURESWAR - II",1,0,0,TRUE,TRUE,29,2,2,0,0
"116",116,1,"MAYURESWER",138,138,"YES","MAYURESWER","MAYURESWAR - II",0,0,0,TRUE,TRUE,378,4,4,1,0
"116",116,2,"KAMARHATI",100,100,"NO","MAYURESWER","MAYURESWAR - II",0,0,0,TRUE,TRUE,26,2,2,0,0
"116",116,3,"CHAULIA",139,139,"NO","MAYURESWER","MAYURESWAR - II",0,0,0,TRUE,TRUE,10,1,1,1,0
"117",117,1,"BASUDEBPUR",128,128,"YES","SATPALSA","MAYURESWAR - II",0,0,1,TRUE,TRUE,88,2,2,0,0
"117",117,2,"SERUNIA",190,190,"NO","SATPALSA","MAYURESWAR - II",0,0,1,TRUE,TRUE,40,0,0,0,0
"117",117,3,"UCHPUR",116,116,"NO","SATPALSA","MAYURESWAR - II",0,0,1,TRUE,TRUE,10,1,1,0,0
"118",118,1,"DUNA",235,235,"YES","ULKUNDA","MAYURESWAR - II",1,0,0,TRUE,TRUE,56,0,0,0,0
"118",118,2,"MALANCHA",242,242,"NO","ULKUNDA","MAYURESWAR - II",1,0,0,TRUE,TRUE,7,0,0,0,0
"118",118,3,"ULKUNDA",195,195,"NO","ULKUNDA","MAYURESWAR - II",1,0,0,TRUE,TRUE,16,0,0,0,0
"119",119,1,"KAPILSAHAR",120,120,"YES","CHATRA","MURARAI - I",1,1,0,TRUE,TRUE,4,1,1,0,0
"119",119,2,"SITACHAR",122,122,"NO","CHATRA","MURARAI - I",1,1,0,TRUE,TRUE,7,1,1,0,0
"119",119,3,"HAMIDPUR",125,125,"NO","CHATRA","MURARAI - I",1,1,0,TRUE,TRUE,5,1,1,0,0
"120",120,1,"BAHADURPUR",115,115,"YES","DUMURGRAM","MURARAI - I",0,0,0,TRUE,TRUE,39,1,1,1,0
"120",120,2,"MOLOYPUR",107,107,"NO","DUMURGRAM","MURARAI - I",0,0,0,TRUE,TRUE,12,1,1,0,0
"120",120,3,"SINGHANAGAR",114,114,"NO","DUMURGRAM","MURARAI - I",0,0,0,TRUE,TRUE,4,0,0,0,0
"121",121,1,"GORAHA",16,16,"YES","GORSHA","MURARAI - I",0,0,0,TRUE,TRUE,45,0,0,0,0
"121",121,2,"BHABANIPUR",24,24,"NO","GORSHA","MURARAI - I",0,0,0,TRUE,TRUE,20,1,1,1,1
"121",121,3,"SRINIVVVASPUR",23,23,"NO","GORSHA","MURARAI - I",0,0,0,TRUE,TRUE,9,0,0,0,0
"122",122,1,"MUKUNDOPUR",11,11,"YES","MAHURAPUR","MURARAI - I",1,0,1,TRUE,TRUE,1,0,0,0,0
"122",122,2,"MAHURAPUR",6,6,"NO","MAHURAPUR","MURARAI - I",1,0,1,TRUE,TRUE,71,2,2,0,0
"122",122,3,"LAKARGRAM",10,10,"NO","MAHURAPUR","MURARAI - I",1,0,1,TRUE,TRUE,5,1,1,0,0
"123",123,1,"BHADISWAR",103,103,"YES","MURARAI","MURARAI - I",0,0,0,TRUE,TRUE,27,2,2,1,0
"123",123,2,"KESTARA",101,101,"NO","MURARAI","MURARAI - I",0,0,0,TRUE,TRUE,4,0,0,0,0
"123",123,3,"DHILORA",40,40,"NO","MURARAI","MURARAI - I",0,0,0,TRUE,TRUE,17,0,0,1,1
"124",124,1,"PALSA",39,39,"YES","PALSA","MURARAI - I",0,0,0,TRUE,TRUE,136,1,1,1,0
"124",124,2,"SAFHUA",41,41,"NO","PALSA","MURARAI - I",0,0,0,TRUE,TRUE,47,1,1,1,0
"124",124,3,"FATEHPUR",44,44,"NO","PALSA","MURARAI - I",0,0,0,TRUE,TRUE,9,1,1,1,1
"125",125,1,"AMBHUA",14,14,"YES","RAIGRAM","MURARAI - I",0,1,0,TRUE,TRUE,85,6,6,1,1
"125",125,2,"SANTOSHPUR",13,13,"NO","RAIGRAM","MURARAI - I",0,1,0,TRUE,TRUE,25,2,3,0,0
"125",125,3,"GOPALPUR",1,1,"NO","RAIGRAM","MURARAI - I",0,1,0,TRUE,TRUE,62,2,2,0,0
"126",126,1,"KALAHAPUR",56,56,"YES","AMDOLE","MURARAI - II",0,1,0,TRUE,TRUE,23,0,0,1,0
"126",126,2,"AMDOLE",59,59,"NO","AMDOLE","MURARAI - II",0,1,0,TRUE,TRUE,58,1,1,0,0
"126",126,3,"KHUTKHATI",61,61,"NO","AMDOLE","MURARAI - II",0,1,0,TRUE,TRUE,6,1,1,0,0
"127",127,1,"PACHAR",71,71,"YES","JAJIGRAM","MURARAI - II",1,1,0,TRUE,TRUE,8,0,0,0,0
"127",127,2,"BASANTAPUR",68,68,"NO","JAJIGRAM","MURARAI - II",1,1,0,TRUE,TRUE,5,0,0,0,0
"127",127,3,"BARDHANPARA",75,75,"NO","JAJIGRAM","MURARAI - II",1,1,0,TRUE,TRUE,15,0,0,0,0
"128",128,1,"KENDISTA",90,90,"YES","KUSHMOR-I","MURARAI - II",0,1,0,TRUE,TRUE,25,2,2,0,0
"128",128,2,"BIRORI",151,151,"NO","KUSHMOR-I","MURARAI - II",0,1,0,TRUE,TRUE,8,0,0,0,0
"128",128,3,"SIMAGRAM",83,83,"NO","KUSHMOR-I","MURARAI - II",0,1,0,TRUE,TRUE,12,0,0,0,0
"129",129,1,"KAROMJI",147,147,"YES","KUSHMOR-II","MURARAI - II",1,0,0,TRUE,TRUE,17,0,0,0,0
"129",129,2,"KHUSHMORE",148,148,"NO","KUSHMOR-II","MURARAI - II",1,0,0,TRUE,TRUE,34,0,0,0,0
"129",129,3,"DANGHARA",146,146,"NO","KUSHMOR-II","MURARAI - II",1,0,0,TRUE,TRUE,18,0,0,0,0
"130",130,1,"DANTURA",85,85,"YES","MITRAPUR","MURARAI - II",0,0,0,TRUE,TRUE,11,0,0,1,1
"130",130,2,"LAKSMI DANGA",80,80,"NO","MITRAPUR","MURARAI - II",0,0,0,TRUE,TRUE,10,0,0,0,0
"130",130,3,"MATH KARANJA",87,87,"NO","MITRAPUR","MURARAI - II",0,0,0,TRUE,TRUE,4,0,0,0,0
"131",131,1,"MUKHLISHPUR",45,45,"YES","NANDIGRAM","MURARAI - II",0,0,0,TRUE,TRUE,23,1,1,0,0
"131",131,2,"MAJHARA",64,64,"NO","NANDIGRAM","MURARAI - II",0,0,0,TRUE,TRUE,3,0,0,0,0
"131",131,3,"ARAL BASTI",53,53,"NO","NANDIGRAM","MURARAI - II",0,0,0,TRUE,TRUE,3,0,0,0,0
"132",132,1,"KALIKAPUR",94,94,"YES","PAIKOR","MURARAI - II",1,0,0,TRUE,TRUE,19,0,0,0,0
"132",132,2,"BILASH PUR",93,93,"NO","PAIKOR","MURARAI - II",1,0,0,TRUE,TRUE,16,0,0,0,0
"132",132,3,"GOALMAL",95,95,"NO","PAIKOR","MURARAI - II",1,0,0,TRUE,TRUE,3,0,0,0,0
"133",133,1,"RUDRANAGAR",92,92,"YES","RUDRABAGAR","MURARAI - II",1,1,0,TRUE,TRUE,38,2,2,1,0
"133",133,2,"RUDRANAGAR",137,137,"NO","RUDRABAGAR","MURARAI - II",1,1,0,TRUE,TRUE,86,6,6,0,0
"133",133,3,"DWARIAPUR",136,136,"NO","RUDRABAGAR","MURARAI - II",1,1,0,TRUE,TRUE,11,0,0,0,0
"134",134,1,"MADNA",11,11,"YES","BANIOR","NALHATI - I",1,0,1,TRUE,TRUE,7,0,0,1,1
"134",134,2,"GOBINDAPUR",9,9,"NO","BANIOR","NALHATI - I",1,0,1,TRUE,TRUE,21,2,2,0,0
"134",134,3,"PUSUR",7,7,"NO","BANIOR","NALHATI - I",1,0,1,TRUE,TRUE,5,2,2,0,0
"135",135,1,"KANUPUR",87,87,"YES","BARLA","NALHATI - I",0,1,0,TRUE,TRUE,13,1,1,0,0
"135",135,2,"BUJUNG",81,81,"NO","BARLA","NALHATI - I",0,1,0,TRUE,TRUE,54,3,3,0,0
"135",135,3,"KELAI",86,86,"NO","BARLA","NALHATI - I",0,1,0,TRUE,TRUE,8,0,0,0,0
"136",136,1,"HARISARA",44,44,"YES","BAUTIA","NALHATI - I",0,0,0,TRUE,TRUE,27,1,1,1,0
"136",136,2,"SHRERAMPUR",40,40,"NO","BAUTIA","NALHATI - I",0,0,0,TRUE,TRUE,19,0,0,0,0
"136",136,3,"MADHAIPUR",43,43,"NO","BAUTIA","NALHATI - I",0,0,0,TRUE,TRUE,4,0,0,0,0
"137",137,1,"BHAGATI PUR",32,32,"YES","HARIDASPUR","NALHATI - I",0,1,0,TRUE,TRUE,63,1,1,1,0
"137",137,2,"MADHAIPUR",27,27,"NO","HARIDASPUR","NALHATI - I",0,1,0,TRUE,TRUE,77,2,2,0,0
"137",137,3,"BHAVANANDAPUR",24,24,"NO","HARIDASPUR","NALHATI - I",0,1,0,TRUE,TRUE,44,1,1,1,0
"138",138,1,"KALI THA",73,73,"YES","KALITHA","NALHATI - I",1,1,0,TRUE,TRUE,32,0,0,1,0
"138",138,2,"MATH BHAWANIPUR",71,71,"NO","KALITHA","NALHATI - I",1,1,0,TRUE,TRUE,4,1,1,0,0
"138",138,3,"KUSHIPUR",69,69,"NO","KALITHA","NALHATI - I",1,1,0,TRUE,TRUE,4,0,0,0,0
"139",139,1,"BILKANDI",99,99,"YES","KAYTHA - I","NALHATI - I",1,0,0,TRUE,TRUE,112,2,2,0,0
"139",139,2,"RAMESHWARPUR",93,93,"NO","KAYTHA - I","NALHATI - I",1,0,0,TRUE,TRUE,26,0,0,0,0
"139",139,3,"MAHESHPUR",96,96,"NO","KAYTHA - I","NALHATI - I",1,0,0,TRUE,TRUE,10,0,0,1,0
"140",140,1,"GOSAINPUR",103,103,"YES","KAYTHA - II","NALHATI - I",0,0,0,TRUE,TRUE,44,2,2,0,0
"140",140,2,"KOGRAM",102,102,"NO","KAYTHA - II","NALHATI - I",0,0,0,TRUE,TRUE,21,1,1,0,0
"140",140,3,"BHELIAM",100,100,"NO","KAYTHA - II","NALHATI - I",0,0,0,TRUE,TRUE,46,1,1,1,0
"141",141,1,"KURUMGRAM",78,78,"YES","KURUMGRAM","NALHATI - I",0,0,0,TRUE,TRUE,85,1,1,1,0
"141",141,2,"RAGHUNATHPUR",77,77,"NO","KURUMGRAM","NALHATI - I",0,0,0,TRUE,TRUE,30,1,1,0,0
"141",141,3,"TEJHATI",45,45,"NO","KURUMGRAM","NALHATI - I",0,0,0,TRUE,TRUE,20,2,2,1,1
"142",142,1,"",,,"","NALHATI-I","",,,,FALSE,FALSE,0,0,0,,
"142",142,2,"",,,"","NALHATI-I","",,,,FALSE,FALSE,0,0,0,,
"142",142,3,"",,,"","NALHATI-I","",,,,FALSE,FALSE,0,0,0,,
"143",143,1,"SAREHA",60,60,"YES","PAIKPARA","NALHATI - I",0,0,0,TRUE,TRUE,7,1,1,0,0
"143",143,2,"KUKHURA",65,65,"NO","PAIKPARA","NALHATI - I",0,0,0,TRUE,TRUE,10,0,0,0,0
"143",143,3,"KULGACHI",62,62,"NO","PAIKPARA","NALHATI - I",0,0,0,TRUE,TRUE,2,0,0,0,0
"144",144,1,"LOHAPUR",117,117,"YES","BARA-I","NALHATI - I",0,0,0,TRUE,TRUE,212,1,1,1,0
"144",144,2,"RAHNA",115,115,"NO","BARA-I","NALHATI - I",0,0,0,TRUE,TRUE,90,1,1,0,0
"144",144,3,"BARA",107,107,"NO","BARA-I","NALHATI - I",0,0,0,TRUE,TRUE,155,0,0,1,1
"145",145,1,"JESTHO BHAWANIPUR",106,106,"YES","BARA-II","NALHATI - II",0,0,0,TRUE,TRUE,115,5,5,1,0
"145",145,2,"UTTAR RAMPUR",104,104,"NO","BARA-II","NALHATI - II",0,0,0,TRUE,TRUE,23,0,0,0,0
"145",145,3,"RAGHURAMBADI",105,105,"NO","BARA-II","NALHATI - II",0,0,0,TRUE,TRUE,8,1,1,0,0
"146",146,1,"AKALIPUR",92,92,"YES","BHADRAPUR - I","NALHATI - II",1,0,0,TRUE,TRUE,10,0,0,1,0
"146",146,2,"SHIMALNDI",122,122,"NO","BHADRAPUR - I","NALHATI - II",1,0,0,TRUE,TRUE,20,0,0,1,0
"146",146,3,"ROYPUR",136,136,"NO","BHADRAPUR - I","NALHATI - II",1,0,0,TRUE,TRUE,22,0,0,0,0
"147",147,1,"NABAGRAM",120,120,"YES","BHADRAPUR - II","NALHATI - II",0,1,0,TRUE,TRUE,34,0,0,0,0
"147",147,2,"HAZARPUR",123,123,"NO","BHADRAPUR - II","NALHATI - II",0,1,0,TRUE,TRUE,25,1,1,0,0
"147",147,3,"NAGARA",119,119,"NO","BHADRAPUR - II","NALHATI - II",0,1,0,TRUE,TRUE,20,1,1,0,0
"148",148,1,"NIDHIYA",131,131,"YES","NOAPARA","NALHATI - II",1,1,0,TRUE,TRUE,14,1,1,0,0
"148",148,2,"TIRORA",127,127,"NO","NOAPARA","NALHATI - II",1,1,0,TRUE,TRUE,21,2,2,0,0
"148",148,3,"KUMAR SHANTHA",109,109,"NO","NOAPARA","NALHATI - II",1,1,0,TRUE,TRUE,60,1,1,1,0
"149",149,1,"BANDHOKHALA",134,134,"YES","SITALGRAM","NALHATI - II",0,0,0,TRUE,TRUE,86,2,2,1,0
"149",149,2,"GOPAL CHAWK",147,147,"NO","SITALGRAM","NALHATI - II",0,0,0,TRUE,TRUE,8,0,0,1,0
"149",149,3,"MIRKAPUR",140,140,"NO","SITALGRAM","NALHATI - II",0,0,0,TRUE,TRUE,1,0,0,0,0
"150",150,1,"DADPUR",98,98,"YES","AYAS","RAMPURHAT - I",0,1,1,TRUE,FALSE,51,0,0,0,0
"150",150,2,"LAKHIBATI",92,92,"NO","AYAS","RAMPURHAT - I",0,1,1,TRUE,FALSE,25,1,1,0,0
"150",150,3,"KABILPUR",100,100,"NO","AYAS","RAMPURHAT - I",0,1,1,TRUE,FALSE,4,0,1,0,0
"151",151,1,"BANHAT",84,84,"YES","BANHAT","RAMPURHAT - I",0,1,0,TRUE,TRUE,27,1,1,0,0
"151",151,2,"KALIKAPUR",82,82,"NO","BANHAT","RAMPURHAT - I",0,1,0,TRUE,TRUE,7,0,0,0,0
"151",151,3,"RADIPUR",21,21,"NO","BANHAT","RAMPURHAT - I",0,1,0,TRUE,TRUE,40,0,0,0,0
"152",152,1,"SREE KRISHNAPUR- PAKHURIA",72,72,"YES","BARSAL","RAMPURHAT - I",1,0,0,TRUE,TRUE,53,1,1,1,0
"152",152,2,"UDAY PUR",64,64,"NO","BARSAL","RAMPURHAT - I",1,0,0,TRUE,TRUE,7,1,1,1,0
"152",152,3,"BAGTUY",109,109,"NO","BARSAL","RAMPURHAT - I",1,0,0,TRUE,TRUE,0,0,0,0,0
"153",153,1,"DAKHALBATI",111,111,"YES","DAKHAL BATI","RAMPURHAT - I",0,0,0,TRUE,TRUE,32,0,0,1,0
"153",153,2,"BINOD PUR",149,149,"NO","DAKHAL BATI","RAMPURHAT - I",0,0,0,TRUE,TRUE,19,1,1,0,0
"153",153,3,"SHRI HORI BATI",146,146,"NO","DAKHAL BATI","RAMPURHAT - I",0,0,0,TRUE,TRUE,3,0,0,0,0
"154",154,1,"KASHTHAGARA",45,45,"YES","KASHTHAGARA","RAMPURHAT - I",0,0,0,TRUE,TRUE,30,2,2,0,0
"154",154,2,"SOANSHA",47,47,"NO","KASHTHAGARA","RAMPURHAT - I",0,0,0,TRUE,TRUE,40,1,1,0,0
"154",154,3,"JATLA",42,42,"NO","KASHTHAGARA","RAMPURHAT - I",0,0,0,TRUE,TRUE,2,1,1,0,0
"155",155,1,"MALSA",53,53,"YES","KHARUN","RAMPURHAT - I",1,1,0,TRUE,TRUE,10,0,0,0,0
"155",155,2,"BELIA",67,67,"NO","KHARUN","RAMPURHAT - I",1,1,0,TRUE,TRUE,17,1,1,0,0
"155",155,3,"PALSA",55,55,"NO","KHARUN","RAMPURHAT - I",1,1,0,TRUE,TRUE,9,1,1,0,0
"156",156,1,"CHAKAIPUR",15,15,"YES","KUSUMBA","RAMPURHAT - I",0,0,1,TRUE,FALSE,27,3,3,0,0
"156",156,2,"SANDHIPUR",80,80,"NO","KUSUMBA","RAMPURHAT - I",0,0,1,TRUE,FALSE,7,0,0,1,1
"156",156,3,"RAM RAM PUR",79,79,"NO","KUSUMBA","RAMPURHAT - I",0,0,1,TRUE,FALSE,42,0,0,1,0
"157",157,1,"MASHRA",41,41,"YES","MASRA","RAMPURHAT - I",0,1,0,TRUE,TRUE,177,3,3,0,0
"157",157,2,"PURANDARPUR",34,34,"NO","MASRA","RAMPURHAT - I",0,1,0,TRUE,TRUE,1,0,0,0,0
"157",157,3,"SENBANDHA",37,37,"NO","MASRA","RAMPURHAT - I",0,1,0,TRUE,TRUE,3,1,1,0,0
"158",158,1,"NAISHOR GRAM",6,6,"YES","NARAYANPUR","RAMPURHAT - I",0,1,0,TRUE,TRUE,28,2,2,0,0
"158",158,2,"KANAIPUR",8,8,"NO","NARAYANPUR","RAMPURHAT - I",0,1,0,TRUE,TRUE,3,0,0,0,0
"158",158,3,"EKPARA",2,2,"NO","NARAYANPUR","RAMPURHAT - I",0,1,0,TRUE,TRUE,66,2,2,0,0
"159",159,1,"BISHNUPUR",200,200,"YES","BISHNUPUR","RAMPURHAT - II",0,0,0,TRUE,TRUE,134,1,1,0,0
"159",159,2,"KALI DAHA",201,201,"NO","BISHNUPUR","RAMPURHAT - II",0,0,0,TRUE,TRUE,6,0,0,0,0
"159",159,3,"BASWA",137,137,"NO","BISHNUPUR","RAMPURHAT - II",0,0,0,TRUE,TRUE,35,1,1,0,0
"160",160,1,"ISHIRA",213,213,"YES","BUDHIGRAM","RAMPURHAT - II",0,1,0,TRUE,TRUE,15,1,1,0,0
"160",160,2,"BUDHGRAM",210,210,"NO","BUDHIGRAM","RAMPURHAT - II",0,1,0,TRUE,TRUE,51,0,0,0,0
"160",160,3,"USTAPARA",212,212,"NO","BUDHIGRAM","RAMPURHAT - II",0,1,0,TRUE,TRUE,13,1,1,0,0
"161",161,1,"HORORAMPUR",193,193,"YES","DUNIGRAM","RAMPURHAT - II",0,0,0,TRUE,TRUE,11,1,1,0,0
"161",161,2,"MOTAIN",189,189,"NO","DUNIGRAM","RAMPURHAT - II",0,0,0,TRUE,TRUE,7,0,0,1,0
"161",161,3,"PURBO GOPAL PUR",188,188,"NO","DUNIGRAM","RAMPURHAT - II",0,0,0,TRUE,TRUE,16,2,2,0,0
"162",162,1,"SANTOSHPUR",177,177,"YES","HANSON-I","RAMPURHAT - II",0,1,0,TRUE,TRUE,12,2,2,0,0
"162",162,2,"PURBA ANANTAPUR",172,172,"NO","HANSON-I","RAMPURHAT - II",0,1,0,TRUE,TRUE,20,2,2,1,0
"162",162,3,"GAYTA",167,167,"NO","HANSON-I","RAMPURHAT - II",0,1,0,TRUE,TRUE,21,0,0,1,1
"163",163,1,"HASSON",181,181,"YES","HANSON-II","RAMPURHAT - II",0,0,0,TRUE,TRUE,29,0,0,1,0
"163",163,2,"BARAKARTIC CHUNGRI`",182,182,"NO","HANSON-II","RAMPURHAT - II",0,0,0,TRUE,TRUE,3,1,1,1,0
"163",163,3,"SREE KRISHNA PUR",185,185,"NO","HANSON-II","RAMPURHAT - II",0,0,0,TRUE,TRUE,4,0,0,1,0
"164",164,1,"BHELLA",151,151,"YES","KALUHA","RAMPURHAT - II",1,0,0,TRUE,TRUE,18,0,0,1,0
"164",164,2,"UTTAR SHIBPUR",160,160,"NO","KALUHA","RAMPURHAT - II",1,0,0,TRUE,TRUE,11,1,1,0,0
"164",164,3,"KALUA",158,158,"NO","KALUHA","RAMPURHAT - II",1,0,0,TRUE,TRUE,29,1,1,1,0
"165",165,1,"MARGRAM",138,138,"YES","MARGRAM - I","RAMPURHAT - II",1,0,0,TRUE,TRUE,118,4,4,1,0
"165",165,2,"PARKUTA",139,139,"NO","MARGRAM - I","RAMPURHAT - II",1,0,0,TRUE,TRUE,2,0,0,0,0
"165",165,3,"HAT PARKUTA",141,141,"NO","MARGRAM - I","RAMPURHAT - II",1,0,0,TRUE,TRUE,5,0,0,0,0
"166",166,1,"RAMAPUR",117,117,"YES","SAHAPUR","RAMPURHAT - II",0,0,0,TRUE,TRUE,14,0,0,0,0
"166",166,2,"CHANDRIPUR",62,62,"NO","SAHAPUR","RAMPURHAT - II",0,0,0,TRUE,TRUE,2,1,1,0,0
"166",166,3,"JOYSIN PUR",122,122,"NO","SAHAPUR","RAMPURHAT - II",0,0,0,TRUE,TRUE,11,1,1,1,0
