S.No,Block,Month wise Household and Persons|April|Household,Month wise Household and Persons|April|Persons,Month wise Household and Persons|May|Household,Month wise Household and Persons|May|Persons,Month wise Household and Persons|June|Household,Month wise Household and Persons|June|Persons,Month wise Household and Persons|July|Household,Month wise Household and Persons|July|Persons,Month wise Household and Persons|August|Household,Month wise Household and Persons|August|Persons,Month wise Household and Persons|September|Household,Month wise Household and Persons|September|Persons,Month wise Household and Persons|October|Household,Month wise Household and Persons|October|Persons,Month wise Household and Persons|November|Household,Month wise Household and Persons|November|Persons,Month wise Household and Persons|December|Household,Month wise Household and Persons|December|Persons,Month wise Household and Persons|January|Household,Month wise Household and Persons|January|Persons,Month wise Household and Persons|February|Household,Month wise Household and Persons|February|Persons,Month wise Household and Persons|March|Household,Month wise Household and Persons|March|Persons,state,district,District,Panchayat,block,nan,nan.1,nan.2,nan.3,nan.4,nan.5,nan.6,nan.7,nan.8,nan.9,nan.10,nan.11,nan.12,nan.13,nan.14,nan.15,nan.16,nan.17,nan.18,nan.19,nan.20,nan.21,nan.22,nan.23,State
1,,349.0,408.0,508.0,610.0,395.0,452.0,377.0,415.0,525.0,601.0,529.0,604.0,394.0,432.0,401.0,428.0,265.0,280.0,188.0,197.0,88.0,89.0,336.0,358.0,WEST BENGAL,NADIA,,CHANDURIA-I,CHAKDAH,,,,,,,,,,,,,,,,,,,,,,,,,
2,,30.0,44.0,86.0,114.0,667.0,1040.0,532.0,720.0,482.0,656.0,489.0,607.0,491.0,609.0,378.0,469.0,187.0,222.0,0.0,0.0,0.0,0.0,110.0,110.0,WEST BENGAL,NADIA,,CHANDURIA-II,CHAKDAH,,,,,,,,,,,,,,,,,,,,,,,,,
3,,1161.0,1701.0,1833.0,2730.0,2456.0,3476.0,1055.0,1329.0,1595.0,2026.0,1568.0,2075.0,1019.0,1237.0,1822.0,2558.0,1794.0,2454.0,0.0,0.0,104.0,174.0,517.0,600.0,WEST BENGAL,NADIA,,DEWLI,CHAKDAH,,,,,,,,,,,,,,,,,,,,,,,,,
4,,397.0,658.0,239.0,282.0,849.0,1094.0,941.0,1241.0,1132.0,1491.0,832.0,979.0,938.0,1085.0,1171.0,1372.0,1412.0,1695.0,1120.0,1295.0,861.0,992.0,872.0,1173.0,WEST BENGAL,NADIA,,DUBRA,CHAKDAH,,,,,,,,,,,,,,,,,,,,,,,,,
5,,909.0,1784.0,1644.0,3236.0,1987.0,3626.0,795.0,1490.0,217.0,248.0,239.0,390.0,333.0,520.0,621.0,885.0,482.0,632.0,288.0,344.0,238.0,266.0,714.0,876.0,WEST BENGAL,NADIA,,GHETUGACHHI,CHAKDAH,,,,,,,,,,,,,,,,,,,,,,,,,
6,,2148.0,3469.0,2375.0,3976.0,3282.0,7030.0,2614.0,4959.0,1627.0,2589.0,1096.0,1813.0,1305.0,2364.0,1982.0,3906.0,1815.0,3526.0,586.0,1067.0,339.0,542.0,739.0,885.0,WEST BENGAL,NADIA,,HINGNARA,CHAKDAH,,,,,,,,,,,,,,,,,,,,,,,,,
7,,1052.0,1755.0,844.0,1308.0,1370.0,2080.0,22.0,22.0,815.0,1133.0,1357.0,2070.0,789.0,1186.0,1358.0,2052.0,210.0,241.0,702.0,1038.0,0.0,0.0,257.0,257.0,WEST BENGAL,NADIA,,KANCHARAPARA,CHAKDAH,,,,,,,,,,,,,,,,,,,,,,,,,
8,,1106.0,1333.0,1369.0,1684.0,1451.0,1724.0,1018.0,1233.0,0.0,0.0,603.0,755.0,854.0,1067.0,657.0,783.0,86.0,103.0,131.0,165.0,51.0,64.0,388.0,415.0,WEST BENGAL,NADIA,,MADANPUR-I,CHAKDAH,,,,,,,,,,,,,,,,,,,,,,,,,
9,,331.0,397.0,934.0,1392.0,958.0,1359.0,701.0,948.0,761.0,1039.0,735.0,980.0,404.0,496.0,866.0,1080.0,780.0,971.0,41.0,41.0,51.0,53.0,59.0,60.0,WEST BENGAL,NADIA,,MADANPUR-II,CHAKDAH,,,,,,,,,,,,,,,,,,,,,,,,,
10,,573.0,745.0,580.0,832.0,450.0,538.0,358.0,414.0,244.0,278.0,118.0,133.0,62.0,71.0,90.0,94.0,115.0,120.0,54.0,55.0,46.0,49.0,246.0,251.0,WEST BENGAL,NADIA,,RAUTARI,CHAKDAH,,,,,,,,,,,,,,,,,,,,,,,,,
11,,944.0,1280.0,41.0,41.0,1366.0,2350.0,1327.0,2231.0,98.0,158.0,394.0,590.0,521.0,782.0,716.0,1076.0,792.0,1096.0,348.0,448.0,527.0,684.0,866.0,964.0,WEST BENGAL,NADIA,,SAGUNA,CHAKDAH,,,,,,,,,,,,,,,,,,,,,,,,,
12,,514.0,673.0,304.0,392.0,1254.0,1944.0,952.0,1294.0,581.0,776.0,680.0,893.0,846.0,1141.0,1019.0,1713.0,850.0,1224.0,535.0,744.0,178.0,200.0,587.0,659.0,WEST BENGAL,NADIA,,SARATI,CHAKDAH,,,,,,,,,,,,,,,,,,,,,,,,,
13,,1196.0,1615.0,1389.0,2206.0,1820.0,3232.0,1160.0,1675.0,1188.0,1667.0,856.0,1092.0,847.0,1078.0,871.0,1057.0,649.0,759.0,259.0,273.0,356.0,379.0,444.0,481.0,WEST BENGAL,NADIA,,SILINDA-I,CHAKDAH,,,,,,,,,,,,,,,,,,,,,,,,,
14,,188.0,258.0,0.0,0.0,727.0,991.0,804.0,1087.0,1010.0,1491.0,977.0,1356.0,970.0,1236.0,992.0,1294.0,667.0,745.0,47.0,47.0,154.0,172.0,51.0,51.0,WEST BENGAL,NADIA,,SILINDA-II,CHAKDAH,,,,,,,,,,,,,,,,,,,,,,,,,
15,,909.0,1424.0,945.0,1444.0,816.0,1265.0,582.0,726.0,593.0,760.0,619.0,727.0,426.0,477.0,324.0,396.0,291.0,340.0,130.0,149.0,216.0,282.0,511.0,639.0,WEST BENGAL,NADIA,,SIMURALI,CHAKDAH,,,,,,,,,,,,,,,,,,,,,,,,,
16,,1851.0,2360.0,1948.0,2380.0,2164.0,2716.0,1440.0,1719.0,1347.0,1588.0,374.0,424.0,1568.0,1800.0,1673.0,2007.0,1641.0,1921.0,483.0,533.0,1549.0,1749.0,1759.0,2111.0,WEST BENGAL,NADIA,,TATLA-I,CHAKDAH,,,,,,,,,,,,,,,,,,,,,,,,,
17,,423.0,443.0,656.0,698.0,688.0,728.0,734.0,776.0,746.0,774.0,790.0,803.0,1013.0,1041.0,752.0,774.0,419.0,433.0,172.0,175.0,84.0,88.0,293.0,299.0,WEST BENGAL,NADIA,,TATLA-II,CHAKDAH,,,,,,,,,,,,,,,,,,,,,,,,,
1,,273.0,302.0,263.0,291.0,1953.0,2267.0,717.0,895.0,392.0,483.0,87.0,115.0,25.0,25.0,292.0,561.0,35.0,40.0,587.0,719.0,875.0,1114.0,563.0,624.0,WEST BENGAL,NADIA,,ALFA,CHAPRA,,,,,,,,,,,,,,,,,,,,,,,,,
2,,354.0,454.0,0.0,0.0,166.0,181.0,587.0,1078.0,747.0,1468.0,14.0,15.0,17.0,17.0,8.0,11.0,0.0,0.0,10.0,10.0,182.0,219.0,344.0,737.0,WEST BENGAL,NADIA,,BAGBERIA,CHAPRA,,,,,,,,,,,,,,,,,,,,,,,,,
3,,0.0,0.0,0.0,0.0,382.0,672.0,1425.0,2366.0,423.0,585.0,50.0,62.0,25.0,25.0,71.0,71.0,348.0,537.0,372.0,517.0,607.0,900.0,1465.0,1962.0,WEST BENGAL,NADIA,,BRITTIHUDA,CHAPRA,,,,,,,,,,,,,,,,,,,,,,,,,
4,,0.0,0.0,0.0,0.0,1167.0,2592.0,1778.0,3907.0,1282.0,2524.0,723.0,1843.0,63.0,69.0,681.0,1462.0,205.0,333.0,3591.0,8351.0,745.0,1534.0,156.0,273.0,WEST BENGAL,NADIA,,CHAPRA-I,CHAPRA,,,,,,,,,,,,,,,,,,,,,,,,,
5,,0.0,0.0,0.0,0.0,2460.0,3148.0,2028.0,2492.0,1009.0,1250.0,75.0,97.0,323.0,417.0,371.0,448.0,391.0,502.0,62.0,71.0,80.0,81.0,179.0,206.0,WEST BENGAL,NADIA,,CHAPRA-II,CHAPRA,,,,,,,,,,,,,,,,,,,,,,,,,
6,,0.0,0.0,0.0,0.0,1393.0,2072.0,1685.0,2494.0,1843.0,2453.0,730.0,851.0,825.0,1014.0,533.0,660.0,379.0,521.0,273.0,359.0,456.0,621.0,848.0,1219.0,WEST BENGAL,NADIA,,HATISALA-I,CHAPRA,,,,,,,,,,,,,,,,,,,,,,,,,
7,,13.0,32.0,13.0,30.0,310.0,849.0,851.0,1876.0,292.0,331.0,175.0,189.0,246.0,290.0,247.0,300.0,63.0,82.0,52.0,61.0,354.0,448.0,228.0,403.0,WEST BENGAL,NADIA,,HATISALA-II,CHAPRA,,,,,,,,,,,,,,,,,,,,,,,,,
8,,1568.0,2216.0,717.0,1145.0,2943.0,4303.0,1461.0,2187.0,83.0,94.0,189.0,222.0,319.0,371.0,237.0,287.0,52.0,78.0,48.0,57.0,145.0,199.0,299.0,464.0,WEST BENGAL,NADIA,,HATKHOLA,CHAPRA,,,,,,,,,,,,,,,,,,,,,,,,,
9,,2002.0,4487.0,2042.0,4678.0,2472.0,5966.0,1954.0,4330.0,1624.0,3451.0,1555.0,3082.0,1823.0,3794.0,1531.0,3048.0,823.0,1325.0,2143.0,4139.0,1122.0,2184.0,1043.0,2062.0,WEST BENGAL,NADIA,,HRIDAYPUR,CHAPRA,,,,,,,,,,,,,,,,,,,,,,,,,
10,,0.0,0.0,53.0,116.0,0.0,0.0,0.0,0.0,0.0,0.0,9.0,20.0,54.0,60.0,292.0,322.0,118.0,125.0,135.0,152.0,263.0,428.0,22.0,38.0,WEST BENGAL,NADIA,,KALINGA,CHAPRA,,,,,,,,,,,,,,,,,,,,,,,,,
11,,0.0,0.0,0.0,0.0,1283.0,1957.0,1867.0,2892.0,1663.0,2769.0,1204.0,2634.0,846.0,1628.0,1088.0,2008.0,108.0,139.0,200.0,310.0,654.0,962.0,456.0,974.0,WEST BENGAL,NADIA,,MAHATPUR,CHAPRA,,,,,,,,,,,,,,,,,,,,,,,,,
12,,0.0,0.0,0.0,0.0,164.0,296.0,502.0,1056.0,652.0,1210.0,141.0,245.0,1035.0,1768.0,159.0,205.0,449.0,681.0,1000.0,1308.0,352.0,462.0,1903.0,4341.0,WEST BENGAL,NADIA,,MAHESHPUR,CHAPRA,,,,,,,,,,,,,,,,,,,,,,,,,
13,,901.0,1197.0,1493.0,2061.0,2198.0,3121.0,1498.0,1979.0,158.0,166.0,14.0,14.0,14.0,14.0,396.0,527.0,20.0,20.0,1032.0,1506.0,98.0,99.0,1582.0,2540.0,WEST BENGAL,NADIA,,PIPRAGACHHI,CHAPRA,,,,,,,,,,,,,,,,,,,,,,,,,
1,,0.0,0.0,654.0,798.0,1200.0,1406.0,1502.0,1728.0,1415.0,1490.0,1214.0,1260.0,1012.0,1062.0,867.0,917.0,799.0,896.0,490.0,578.0,557.0,593.0,155.0,156.0,WEST BENGAL,NADIA,,BAGULA-I,HANSKHALI,,,,,,,,,,,,,,,,,,,,,,,,,
2,,0.0,0.0,40.0,41.0,563.0,674.0,597.0,772.0,741.0,963.0,849.0,1077.0,614.0,747.0,497.0,572.0,243.0,275.0,174.0,218.0,524.0,645.0,431.0,576.0,WEST BENGAL,NADIA,,BAGULA-II,HANSKHALI,,,,,,,,,,,,,,,,,,,,,,,,,
3,,0.0,0.0,375.0,451.0,753.0,964.0,552.0,652.0,770.0,919.0,429.0,487.0,422.0,443.0,399.0,431.0,252.0,261.0,535.0,599.0,526.0,615.0,404.0,478.0,WEST BENGAL,NADIA,,BATKULLA-I,HANSKHALI,,,,,,,,,,,,,,,,,,,,,,,,,
4,,0.0,0.0,0.0,0.0,698.0,1018.0,871.0,1283.0,1055.0,1406.0,1182.0,1594.0,995.0,1242.0,1042.0,1337.0,743.0,985.0,499.0,641.0,659.0,850.0,115.0,181.0,WEST BENGAL,NADIA,,BATKULLA-II,HANSKHALI,,,,,,,,,,,,,,,,,,,,,,,,,
5,,84.0,97.0,1098.0,1651.0,2028.0,2953.0,2183.0,3220.0,2392.0,3635.0,1785.0,2261.0,1441.0,1882.0,1799.0,2492.0,1487.0,2097.0,1391.0,2178.0,1424.0,2278.0,1442.0,2922.0,WEST BENGAL,NADIA,,BETNA GOBINDAPUR,HANSKHALI,,,,,,,,,,,,,,,,,,,,,,,,,
6,,269.0,366.0,108.0,137.0,267.0,330.0,579.0,740.0,659.0,813.0,300.0,365.0,558.0,714.0,454.0,645.0,123.0,149.0,308.0,417.0,354.0,660.0,300.0,464.0,WEST BENGAL,NADIA,,DAKSHINPARA-I,HANSKHALI,,,,,,,,,,,,,,,,,,,,,,,,,
7,,89.0,93.0,37.0,37.0,508.0,565.0,1296.0,1606.0,1240.0,1496.0,1114.0,1323.0,1062.0,1255.0,1231.0,1515.0,448.0,543.0,482.0,572.0,681.0,809.0,863.0,1020.0,WEST BENGAL,NADIA,,DAKSHINPARA-II,HANSKHALI,,,,,,,,,,,,,,,,,,,,,,,,,
8,,226.0,246.0,63.0,111.0,2030.0,3117.0,2912.0,4771.0,2743.0,4044.0,3116.0,4802.0,3297.0,4785.0,2115.0,3263.0,2721.0,5449.0,1502.0,2167.0,991.0,1224.0,1079.0,2331.0,WEST BENGAL,NADIA,,GAJNA,HANSKHALI,,,,,,,,,,,,,,,,,,,,,,,,,
9,,0.0,0.0,41.0,53.0,424.0,706.0,512.0,879.0,500.0,658.0,252.0,315.0,458.0,687.0,546.0,830.0,278.0,473.0,273.0,599.0,360.0,662.0,234.0,409.0,WEST BENGAL,NADIA,,MAMJOAN,HANSKHALI,,,,,,,,,,,,,,,,,,,,,,,,,
10,,0.0,0.0,0.0,0.0,484.0,639.0,863.0,1146.0,910.0,1274.0,844.0,1040.0,897.0,1120.0,1087.0,1295.0,1115.0,1323.0,815.0,967.0,707.0,789.0,576.0,678.0,WEST BENGAL,NADIA,,MAYURHAT-I,HANSKHALI,,,,,,,,,,,,,,,,,,,,,,,,,
11,,0.0,0.0,514.0,607.0,796.0,1062.0,621.0,853.0,790.0,1533.0,824.0,1169.0,825.0,1076.0,895.0,1161.0,715.0,1140.0,828.0,1169.0,642.0,1200.0,457.0,1065.0,WEST BENGAL,NADIA,,MAYURHAT-II,HANSKHALI,,,,,,,,,,,,,,,,,,,,,,,,,
12,,0.0,0.0,1.0,1.0,244.0,347.0,662.0,950.0,936.0,1341.0,925.0,1278.0,838.0,1082.0,870.0,1065.0,1076.0,1229.0,1140.0,1336.0,1031.0,1224.0,945.0,1166.0,WEST BENGAL,NADIA,,RAMNAGAR BARACHUPRIA-I,HANSKHALI,,,,,,,,,,,,,,,,,,,,,,,,,
13,,0.0,0.0,538.0,650.0,1041.0,1313.0,1213.0,1483.0,844.0,966.0,1022.0,1117.0,907.0,973.0,787.0,894.0,1102.0,1231.0,788.0,859.0,1121.0,1248.0,660.0,718.0,WEST BENGAL,NADIA,,RAMNAGAR BARACHUPRIA-II,HANSKHALI,,,,,,,,,,,,,,,,,,,,,,,,,
1,,0.0,0.0,645.0,1243.0,1393.0,2647.0,1140.0,1842.0,592.0,970.0,231.0,253.0,706.0,1134.0,1544.0,2641.0,1402.0,2336.0,273.0,393.0,158.0,258.0,65.0,104.0,WEST BENGAL,NADIA,,BEROHI-I,HARINGHATA,,,,,,,,,,,,,,,,,,,,,,,,,
2,,0.0,0.0,29.0,29.0,882.0,1273.0,810.0,1472.0,893.0,1489.0,867.0,1517.0,834.0,1710.0,873.0,1975.0,623.0,1187.0,305.0,518.0,280.0,517.0,143.0,174.0,WEST BENGAL,NADIA,,BEROHI-II,HARINGHATA,,,,,,,,,,,,,,,,,,,,,,,,,
3,,0.0,0.0,12.0,12.0,912.0,1462.0,1558.0,2315.0,1554.0,2373.0,1775.0,2571.0,1428.0,2097.0,1141.0,1665.0,439.0,516.0,498.0,514.0,327.0,392.0,75.0,91.0,WEST BENGAL,NADIA,,FATEPUR,HARINGHATA,,,,,,,,,,,,,,,,,,,,,,,,,
4,,0.0,0.0,0.0,0.0,0.0,0.0,795.0,1118.0,1055.0,1477.0,889.0,1156.0,971.0,1327.0,944.0,1283.0,1015.0,1346.0,194.0,211.0,180.0,196.0,7.0,17.0,WEST BENGAL,NADIA,,HARINGHATA-I,HARINGHATA,,,,,,,,,,,,,,,,,,,,,,,,,
5,,0.0,0.0,0.0,0.0,0.0,0.0,940.0,1251.0,860.0,1200.0,949.0,1226.0,1116.0,1488.0,868.0,1048.0,841.0,1024.0,275.0,340.0,14.0,14.0,0.0,0.0,WEST BENGAL,NADIA,,HARINGHATA-II,HARINGHATA,,,,,,,,,,,,,,,,,,,,,,,,,
6,,0.0,0.0,0.0,0.0,958.0,1571.0,1733.0,2833.0,1572.0,2521.0,1579.0,2320.0,1632.0,2518.0,1597.0,2224.0,711.0,953.0,532.0,634.0,272.0,380.0,119.0,164.0,WEST BENGAL,NADIA,,KASTODANGA-I,HARINGHATA,,,,,,,,,,,,,,,,,,,,,,,,,
7,,0.0,0.0,0.0,0.0,1190.0,2169.0,1361.0,2472.0,848.0,1404.0,1095.0,1721.0,1203.0,1996.0,1279.0,2129.0,985.0,1593.0,770.0,1166.0,328.0,478.0,407.0,554.0,WEST BENGAL,NADIA,,KASTODANGA-II,HARINGHATA,,,,,,,,,,,,,,,,,,,,,,,,,
8,,0.0,0.0,193.0,290.0,419.0,659.0,553.0,932.0,1167.0,1689.0,1418.0,1950.0,1628.0,2362.0,1304.0,1863.0,874.0,1115.0,667.0,867.0,327.0,401.0,123.0,152.0,WEST BENGAL,NADIA,,MOLLABELIA,HARINGHATA,,,,,,,,,,,,,,,,,,,,,,,,,
9,,0.0,0.0,14.0,14.0,735.0,1040.0,1032.0,1488.0,953.0,1288.0,530.0,675.0,612.0,730.0,460.0,545.0,234.0,266.0,108.0,115.0,125.0,135.0,148.0,153.0,WEST BENGAL,NADIA,,NAGARUKHRA-I,HARINGHATA,,,,,,,,,,,,,,,,,,,,,,,,,
10,,0.0,0.0,158.0,203.0,527.0,684.0,402.0,502.0,459.0,541.0,217.0,249.0,302.0,341.0,159.0,176.0,209.0,251.0,487.0,663.0,321.0,463.0,167.0,288.0,WEST BENGAL,NADIA,,NAGARUKHRA-II,HARINGHATA,,,,,,,,,,,,,,,,,,,,,,,,,
1,,0.0,0.0,0.0,0.0,401.0,595.0,1131.0,1766.0,864.0,1369.0,0.0,0.0,0.0,0.0,626.0,987.0,1434.0,2466.0,1833.0,3248.0,1769.0,3171.0,1107.0,1842.0,WEST BENGAL,NADIA,,BARACHANDGHAR,KALIGANJ,,,,,,,,,,,,,,,,,,,,,,,,,
2,,91.0,134.0,0.0,0.0,474.0,649.0,1037.0,1297.0,670.0,891.0,131.0,190.0,45.0,61.0,148.0,171.0,190.0,248.0,196.0,262.0,174.0,245.0,76.0,82.0,WEST BENGAL,NADIA,,DEBAGRAM,KALIGANJ,,,,,,,,,,,,,,,,,,,,,,,,,
3,,0.0,0.0,54.0,56.0,78.0,84.0,802.0,943.0,309.0,379.0,552.0,684.0,361.0,447.0,870.0,1094.0,135.0,158.0,20.0,21.0,427.0,525.0,326.0,365.0,WEST BENGAL,NADIA,,FARIDPUR,KALIGANJ,,,,,,,,,,,,,,,,,,,,,,,,,
4,,0.0,0.0,0.0,0.0,1331.0,1534.0,846.0,1027.0,328.0,375.0,594.0,669.0,1228.0,1554.0,1148.0,1611.0,954.0,1304.0,1468.0,1875.0,0.0,0.0,164.0,229.0,WEST BENGAL,NADIA,,GOBRA,KALIGANJ,,,,,,,,,,,,,,,,,,,,,,,,,
5,,20.0,27.0,12.0,15.0,539.0,636.0,418.0,471.0,510.0,581.0,376.0,421.0,238.0,262.0,94.0,101.0,70.0,81.0,75.0,83.0,140.0,185.0,181.0,233.0,WEST BENGAL,NADIA,,HATGACHHA,KALIGANJ,,,,,,,,,,,,,,,,,,,,,,,,,
6,,1734.0,2198.0,468.0,527.0,1742.0,2071.0,926.0,1144.0,765.0,914.0,347.0,378.0,1062.0,1315.0,791.0,927.0,237.0,262.0,415.0,504.0,1012.0,1409.0,555.0,683.0,WEST BENGAL,NADIA,,JURANPUR,KALIGANJ,,,,,,,,,,,,,,,,,,,,,,,,,
7,,30.0,30.0,23.0,27.0,209.0,235.0,812.0,985.0,701.0,870.0,183.0,215.0,690.0,867.0,818.0,1023.0,71.0,77.0,126.0,132.0,4.0,4.0,0.0,0.0,WEST BENGAL,NADIA,,KALIGANJ,KALIGANJ,,,,,,,,,,,,,,,,,,,,,,,,,
8,,386.0,406.0,306.0,353.0,1437.0,1643.0,1321.0,1511.0,1234.0,1538.0,865.0,1067.0,329.0,358.0,373.0,393.0,316.0,324.0,353.0,378.0,170.0,176.0,951.0,1159.0,WEST BENGAL,NADIA,,MATIARI,KALIGANJ,,,,,,,,,,,,,,,,,,,,,,,,,
9,,74.0,74.0,47.0,47.0,206.0,267.0,333.0,423.0,222.0,273.0,231.0,251.0,67.0,77.0,59.0,70.0,10.0,10.0,0.0,0.0,0.0,0.0,0.0,0.0,WEST BENGAL,NADIA,,MIRA-I,KALIGANJ,,,,,,,,,,,,,,,,,,,,,,,,,
10,,0.0,0.0,0.0,0.0,251.0,285.0,1232.0,1412.0,736.0,817.0,271.0,333.0,383.0,453.0,192.0,237.0,51.0,54.0,34.0,34.0,138.0,214.0,134.0,218.0,WEST BENGAL,NADIA,,MIRA-II,KALIGANJ,,,,,,,,,,,,,,,,,,,,,,,,,
11,,480.0,493.0,123.0,136.0,634.0,695.0,319.0,362.0,252.0,294.0,475.0,553.0,363.0,406.0,110.0,119.0,264.0,282.0,27.0,29.0,48.0,49.0,121.0,153.0,WEST BENGAL,NADIA,,PALITBEGIA,KALIGANJ,,,,,,,,,,,,,,,,,,,,,,,,,
12,,14.0,14.0,0.0,0.0,49.0,49.0,537.0,576.0,434.0,451.0,255.0,260.0,202.0,206.0,136.0,139.0,245.0,248.0,125.0,125.0,4.0,4.0,0.0,0.0,WEST BENGAL,NADIA,,PANIGHATA,KALIGANJ,,,,,,,,,,,,,,,,,,,,,,,,,
13,,0.0,0.0,0.0,0.0,248.0,288.0,1224.0,1469.0,224.0,267.0,46.0,55.0,57.0,70.0,36.0,51.0,93.0,99.0,16.0,18.0,3.0,3.0,4.0,8.0,WEST BENGAL,NADIA,,PLASSEY-I,KALIGANJ,,,,,,,,,,,,,,,,,,,,,,,,,
14,,0.0,0.0,0.0,0.0,102.0,122.0,324.0,420.0,281.0,361.0,78.0,90.0,67.0,72.0,16.0,18.0,115.0,115.0,19.0,20.0,66.0,78.0,41.0,52.0,WEST BENGAL,NADIA,,PLASSEY-II,KALIGANJ,,,,,,,,,,,,,,,,,,,,,,,,,
15,,0.0,0.0,0.0,0.0,595.0,777.0,825.0,1140.0,764.0,1005.0,110.0,129.0,1052.0,1407.0,1143.0,1510.0,538.0,679.0,396.0,493.0,491.0,568.0,347.0,416.0,WEST BENGAL,NADIA,,RAJARMPUR GHORAIKHETRA,KALIGANJ,,,,,,,,,,,,,,,,,,,,,,,,,
1,,24.0,41.0,37.0,37.0,158.0,183.0,1586.0,1790.0,2952.0,3474.0,1861.0,2165.0,1072.0,1158.0,2827.0,4448.0,762.0,1194.0,755.0,1620.0,594.0,1191.0,111.0,172.0,WEST BENGAL,NADIA,,HAREKRISHNAPUR,KARIMPUR-1,,,,,,,,,,,,,,,,,,,,,,,,,
2,,0.0,0.0,0.0,0.0,12.0,14.0,1934.0,2179.0,3212.0,3732.0,2155.0,2504.0,1745.0,2487.0,915.0,1146.0,538.0,856.0,362.0,648.0,1686.0,3210.0,1585.0,3052.0,WEST BENGAL,NADIA,,HOGOLBARIA,KARIMPUR-1,,,,,,,,,,,,,,,,,,,,,,,,,
3,,0.0,0.0,73.0,123.0,756.0,826.0,1352.0,1523.0,1950.0,2098.0,1601.0,1744.0,1192.0,1418.0,1316.0,1686.0,995.0,1829.0,827.0,1515.0,805.0,1408.0,1289.0,2291.0,WEST BENGAL,NADIA,,JAMASHERPUR,KARIMPUR-1,,,,,,,,,,,,,,,,,,,,,,,,,
4,,0.0,0.0,391.0,417.0,689.0,834.0,1593.0,1972.0,1933.0,2507.0,727.0,900.0,727.0,802.0,900.0,1048.0,952.0,1411.0,274.0,410.0,429.0,744.0,384.0,606.0,WEST BENGAL,NADIA,,KARIMPUR-I,KARIMPUR-1,,,,,,,,,,,,,,,,,,,,,,,,,
5,,82.0,83.0,1083.0,1299.0,1647.0,2136.0,1160.0,1630.0,1858.0,2744.0,1113.0,1551.0,986.0,1442.0,1707.0,2625.0,1085.0,1743.0,953.0,1681.0,743.0,1261.0,503.0,787.0,WEST BENGAL,NADIA,,KARIMPUR-II,KARIMPUR-1,,,,,,,,,,,,,,,,,,,,,,,,,
6,,0.0,0.0,0.0,0.0,96.0,110.0,445.0,505.0,954.0,1168.0,839.0,1069.0,588.0,732.0,687.0,823.0,716.0,929.0,622.0,777.0,789.0,1020.0,562.0,695.0,WEST BENGAL,NADIA,,MADHUGARI,KARIMPUR-1,,,,,,,,,,,,,,,,,,,,,,,,,
7,,0.0,0.0,0.0,0.0,520.0,598.0,2319.0,2825.0,3037.0,3768.0,2985.0,3719.0,2037.0,2756.0,2908.0,4400.0,1198.0,1940.0,3284.0,5086.0,412.0,735.0,643.0,938.0,WEST BENGAL,NADIA,,PIPULBARIA,KARIMPUR-1,,,,,,,,,,,,,,,,,,,,,,,,,
8,,0.0,0.0,3.0,3.0,173.0,195.0,2541.0,2740.0,3615.0,4095.0,2661.0,3000.0,882.0,1021.0,3167.0,3893.0,2414.0,3921.0,1271.0,2436.0,1011.0,1798.0,741.0,1319.0,WEST BENGAL,NADIA,,SHIKARPUR,KARIMPUR-1,,,,,,,,,,,,,,,,,,,,,,,,,
1,,0.0,0.0,0.0,0.0,1268.0,1397.0,1645.0,1903.0,769.0,898.0,1492.0,1690.0,838.0,988.0,1921.0,2256.0,1111.0,1288.0,960.0,1119.0,843.0,995.0,969.0,1080.0,WEST BENGAL,NADIA,,DHORADAHA-I,KARIMPUR-II,,,,,,,,,,,,,,,,,,,,,,,,,
2,,0.0,0.0,0.0,0.0,30.0,30.0,167.0,169.0,989.0,1048.0,801.0,856.0,315.0,328.0,109.0,110.0,111.0,114.0,23.0,23.0,281.0,402.0,78.0,96.0,WEST BENGAL,NADIA,,DHORADAHA-II,KARIMPUR-II,,,,,,,,,,,,,,,,,,,,,,,,,
3,,103.0,105.0,101.0,102.0,3147.0,4268.0,3490.0,4745.0,2963.0,3824.0,2354.0,3037.0,109.0,109.0,1358.0,1559.0,1471.0,1662.0,815.0,1043.0,1101.0,1447.0,1377.0,1779.0,WEST BENGAL,NADIA,,DIGHAL KANDI,KARIMPUR-II,,,,,,,,,,,,,,,,,,,,,,,,,
4,,0.0,0.0,0.0,0.0,519.0,658.0,976.0,1246.0,1127.0,1472.0,787.0,993.0,235.0,316.0,864.0,1110.0,567.0,814.0,515.0,718.0,619.0,866.0,213.0,297.0,WEST BENGAL,NADIA,,MURUTIA,KARIMPUR-II,,,,,,,,,,,,,,,,,,,,,,,,,
5,,0.0,0.0,0.0,0.0,2193.0,2968.0,3936.0,5401.0,4189.0,5629.0,970.0,1121.0,159.0,168.0,2957.0,3658.0,2069.0,2591.0,1290.0,1713.0,156.0,258.0,683.0,1075.0,WEST BENGAL,NADIA,,NANDANPUR,KARIMPUR-II,,,,,,,,,,,,,,,,,,,,,,,,,
6,,0.0,0.0,0.0,0.0,0.0,0.0,0.0,0.0,39.0,39.0,72.0,77.0,66.0,72.0,43.0,48.0,27.0,30.0,67.0,110.0,256.0,367.0,448.0,608.0,WEST BENGAL,NADIA,,NARAYANPUR-I,KARIMPUR-II,,,,,,,,,,,,,,,,,,,,,,,,,
7,,0.0,0.0,0.0,0.0,1400.0,1503.0,1092.0,1219.0,1045.0,1132.0,894.0,994.0,710.0,783.0,1214.0,1287.0,1009.0,1059.0,1471.0,1572.0,1307.0,1415.0,460.0,495.0,WEST BENGAL,NADIA,,NARAYANPUR-II,KARIMPUR-II,,,,,,,,,,,,,,,,,,,,,,,,,
8,,0.0,0.0,0.0,0.0,1240.0,1521.0,699.0,817.0,1652.0,2017.0,685.0,799.0,165.0,197.0,462.0,557.0,633.0,746.0,408.0,523.0,1200.0,1446.0,1504.0,1840.0,WEST BENGAL,NADIA,,NATIDANGA-I,KARIMPUR-II,,,,,,,,,,,,,,,,,,,,,,,,,
9,,0.0,0.0,0.0,0.0,1109.0,1254.0,825.0,957.0,973.0,1234.0,417.0,512.0,232.0,266.0,474.0,588.0,768.0,930.0,1305.0,1628.0,1128.0,1357.0,796.0,964.0,WEST BENGAL,NADIA,,NATIDANGA-II,KARIMPUR-II,,,,,,,,,,,,,,,,,,,,,,,,,
10,,0.0,0.0,0.0,0.0,820.0,1009.0,225.0,253.0,1997.0,2442.0,2075.0,2543.0,1701.0,2122.0,2629.0,3293.0,2463.0,3179.0,2704.0,3526.0,869.0,1052.0,285.0,335.0,WEST BENGAL,NADIA,,RAHAMATPUR,KARIMPUR-II,,,,,,,,,,,,,,,,,,,,,,,,,
1,,0.0,0.0,0.0,0.0,1063.0,2082.0,1239.0,2662.0,1111.0,2161.0,2010.0,3910.0,1196.0,1566.0,813.0,1150.0,874.0,1094.0,601.0,665.0,148.0,152.0,464.0,627.0,WEST BENGAL,NADIA,,BHAJANGHAT TUNGI,KRISHNAGANJ,,,,,,,,,,,,,,,,,,,,,,,,,
2,,0.0,0.0,570.0,1087.0,978.0,1751.0,904.0,1371.0,538.0,563.0,1095.0,1145.0,1114.0,1120.0,464.0,468.0,514.0,514.0,49.0,49.0,20.0,20.0,0.0,0.0,WEST BENGAL,NADIA,,GOBINDAPUR,KRISHNAGANJ,,,,,,,,,,,,,,,,,,,,,,,,,
3,,0.0,0.0,79.0,80.0,400.0,495.0,1473.0,2417.0,723.0,771.0,2461.0,4487.0,2787.0,5040.0,2004.0,3110.0,1389.0,1512.0,896.0,982.0,253.0,281.0,130.0,168.0,WEST BENGAL,NADIA,,JOYGHATA,KRISHNAGANJ,,,,,,,,,,,,,,,,,,,,,,,,,
4,,0.0,0.0,273.0,276.0,961.0,991.0,1068.0,1112.0,1761.0,1821.0,743.0,755.0,1028.0,1071.0,1199.0,1226.0,664.0,674.0,1274.0,1739.0,226.0,230.0,62.0,121.0,WEST BENGAL,NADIA,,KRISHNAGANJ,KRISHNAGANJ,,,,,,,,,,,,,,,,,,,,,,,,,
5,,0.0,0.0,19.0,19.0,943.0,1221.0,1125.0,1596.0,635.0,739.0,665.0,701.0,693.0,709.0,1036.0,1363.0,1007.0,1716.0,706.0,963.0,791.0,962.0,1183.0,1922.0,WEST BENGAL,NADIA,,MAITIARY BANPUR,KRISHNAGANJ,,,,,,,,,,,,,,,,,,,,,,,,,
6,,0.0,0.0,4.0,4.0,773.0,1502.0,1184.0,2586.0,1036.0,1903.0,1484.0,1641.0,1189.0,1740.0,658.0,1153.0,446.0,522.0,456.0,474.0,668.0,679.0,1092.0,1645.0,WEST BENGAL,NADIA,,SHIBNIBAS,KRISHNAGANJ,,,,,,,,,,,,,,,,,,,,,,,,,
7,,0.0,0.0,10.0,10.0,357.0,632.0,701.0,1252.0,762.0,1331.0,1646.0,2914.0,2257.0,4815.0,2132.0,4364.0,1162.0,1686.0,363.0,434.0,649.0,1269.0,462.0,904.0,WEST BENGAL,NADIA,,TALDAH MAJDIA,KRISHNAGANJ,,,,,,,,,,,,,,,,,,,,,,,,,
1,,19.0,19.0,181.0,210.0,407.0,520.0,399.0,434.0,725.0,805.0,463.0,537.0,483.0,539.0,202.0,234.0,94.0,115.0,64.0,64.0,206.0,215.0,246.0,261.0,WEST BENGAL,NADIA,,ASSANNAGAR,KRISHNAGAR-I,,,,,,,,,,,,,,,,,,,,,,,,,
2,,65.0,66.0,48.0,49.0,656.0,772.0,717.0,829.0,1155.0,1482.0,1121.0,1447.0,707.0,890.0,148.0,185.0,2.0,2.0,47.0,56.0,99.0,126.0,235.0,310.0,WEST BENGAL,NADIA,,BHALUKA,KRISHNAGAR-I,,,,,,,,,,,,,,,,,,,,,,,,,
3,,0.0,0.0,80.0,86.0,352.0,403.0,968.0,1161.0,1083.0,1285.0,1086.0,1275.0,1082.0,1246.0,1072.0,1282.0,1058.0,1192.0,705.0,760.0,37.0,37.0,30.0,30.0,WEST BENGAL,NADIA,,BHANDARKHOLA,KRISHNAGAR-I,,,,,,,,,,,,,,,,,,,,,,,,,
4,,38.0,44.0,103.0,105.0,344.0,359.0,914.0,1011.0,862.0,967.0,464.0,504.0,667.0,704.0,1051.0,1145.0,1083.0,1160.0,313.0,321.0,95.0,95.0,278.0,281.0,WEST BENGAL,NADIA,,BHATJUNGLA,KRISHNAGAR-I,,,,,,,,,,,,,,,,,,,,,,,,,
5,,35.0,35.0,35.0,35.0,1159.0,1294.0,1480.0,1689.0,1129.0,1283.0,439.0,474.0,265.0,302.0,233.0,257.0,0.0,0.0,0.0,0.0,98.0,98.0,130.0,130.0,WEST BENGAL,NADIA,,BHIMPUR,KRISHNAGAR-I,,,,,,,,,,,,,,,,,,,,,,,,,
6,,0.0,0.0,0.0,0.0,283.0,379.0,463.0,657.0,257.0,342.0,362.0,489.0,190.0,314.0,757.0,1281.0,804.0,1261.0,287.0,341.0,114.0,117.0,1366.0,3058.0,WEST BENGAL,NADIA,,CHAKDIGNAGAR,KRISHNAGAR-I,,,,,,,,,,,,,,,,,,,,,,,,,
7,,0.0,0.0,0.0,0.0,398.0,422.0,631.0,684.0,733.0,803.0,663.0,721.0,603.0,649.0,567.0,604.0,580.0,614.0,518.0,550.0,573.0,595.0,363.0,381.0,WEST BENGAL,NADIA,,DEYPARA,KRISHNAGAR-I,,,,,,,,,,,,,,,,,,,,,,,,,
8,,32.0,39.0,7.0,10.0,193.0,224.0,1753.0,2733.0,1893.0,2956.0,1419.0,2052.0,1447.0,2376.0,1585.0,2295.0,540.0,785.0,202.0,288.0,104.0,106.0,871.0,1939.0,WEST BENGAL,NADIA,,DIGNAGAR,KRISHNAGAR-I,,,,,,,,,,,,,,,,,,,,,,,,,
9,,47.0,48.0,329.0,377.0,856.0,1048.0,711.0,808.0,1229.0,1449.0,599.0,686.0,462.0,511.0,320.0,339.0,188.0,231.0,263.0,451.0,408.0,545.0,362.0,405.0,WEST BENGAL,NADIA,,DOGACHI,KRISHNAGAR-I,,,,,,,,,,,,,,,,,,,,,,,,,
10,,0.0,0.0,87.0,126.0,146.0,187.0,777.0,944.0,629.0,828.0,796.0,952.0,369.0,411.0,276.0,315.0,459.0,496.0,546.0,597.0,476.0,512.0,432.0,607.0,WEST BENGAL,NADIA,,JOANIA,KRISHNAGAR-I,,,,,,,,,,,,,,,,,,,,,,,,,
11,,0.0,0.0,0.0,0.0,319.0,541.0,522.0,781.0,433.0,504.0,420.0,450.0,426.0,476.0,805.0,902.0,1040.0,1159.0,1083.0,1226.0,1016.0,1159.0,329.0,380.0,WEST BENGAL,NADIA,,PORAGACHHA,KRISHNAGAR-I,,,,,,,,,,,,,,,,,,,,,,,,,
12,,0.0,0.0,0.0,0.0,755.0,973.0,845.0,1079.0,1059.0,1291.0,939.0,1141.0,1215.0,1482.0,1175.0,1401.0,705.0,817.0,318.0,358.0,195.0,221.0,556.0,637.0,WEST BENGAL,NADIA,,RUIPUKUR.,KRISHNAGAR-I,,,,,,,,,,,,,,,,,,,,,,,,,
1,,42.0,60.0,144.0,160.0,1546.0,2127.0,943.0,1247.0,567.0,665.0,560.0,839.0,1022.0,1695.0,520.0,774.0,42.0,42.0,113.0,145.0,88.0,103.0,206.0,246.0,WEST BENGAL,NADIA,,BELPUKUR,KRISHNAGAR-II,,,,,,,,,,,,,,,,,,,,,,,,,
2,,105.0,148.0,121.0,129.0,854.0,1417.0,983.0,1521.0,383.0,492.0,621.0,955.0,258.0,494.0,55.0,81.0,0.0,0.0,52.0,76.0,93.0,121.0,1053.0,1132.0,WEST BENGAL,NADIA,,DHUBULIA-I,KRISHNAGAR-II,,,,,,,,,,,,,,,,,,,,,,,,,
3,,9.0,18.0,86.0,118.0,390.0,538.0,801.0,1005.0,122.0,143.0,279.0,405.0,412.0,576.0,147.0,177.0,178.0,211.0,293.0,403.0,504.0,765.0,84.0,142.0,WEST BENGAL,NADIA,,DHUBULIA-II,KRISHNAGAR-II,,,,,,,,,,,,,,,,,,,,,,,,,
4,,39.0,77.0,42.0,82.0,2666.0,3916.0,1919.0,2723.0,1244.0,1521.0,479.0,615.0,1761.0,2536.0,2718.0,4318.0,514.0,846.0,508.0,604.0,452.0,888.0,283.0,476.0,WEST BENGAL,NADIA,,NOAPARA-I,KRISHNAGAR-II,,,,,,,,,,,,,,,,,,,,,,,,,
5,,18.0,18.0,446.0,620.0,1184.0,1463.0,1747.0,2309.0,847.0,1040.0,1419.0,1741.0,1976.0,3326.0,1818.0,3440.0,0.0,0.0,998.0,1406.0,430.0,618.0,1021.0,1880.0,WEST BENGAL,NADIA,,NOAPARA-II,KRISHNAGAR-II,,,,,,,,,,,,,,,,,,,,,,,,,
6,,62.0,91.0,409.0,715.0,2075.0,3688.0,1576.0,2889.0,24.0,40.0,531.0,776.0,449.0,713.0,361.0,671.0,167.0,211.0,277.0,324.0,491.0,761.0,730.0,974.0,WEST BENGAL,NADIA,,SADHANPARA-I,KRISHNAGAR-II,,,,,,,,,,,,,,,,,,,,,,,,,
7,,3.0,5.0,7.0,7.0,347.0,403.0,456.0,557.0,379.0,427.0,438.0,522.0,148.0,207.0,8.0,14.0,2.0,2.0,207.0,224.0,522.0,624.0,657.0,821.0,WEST BENGAL,NADIA,,SADHANPARA-II,KRISHNAGAR-II,,,,,,,,,,,,,,,,,,,,,,,,,
1,,206.0,335.0,130.0,236.0,460.0,562.0,535.0,699.0,150.0,167.0,91.0,99.0,66.0,69.0,86.0,91.0,103.0,119.0,59.0,66.0,27.0,27.0,36.0,36.0,WEST BENGAL,NADIA,,BABLARI,NABADWIP,,,,,,,,,,,,,,,,,,,,,,,,,
2,,0.0,0.0,0.0,0.0,879.0,940.0,644.0,667.0,515.0,589.0,496.0,524.0,553.0,573.0,450.0,459.0,359.0,375.0,354.0,363.0,111.0,111.0,36.0,40.0,WEST BENGAL,NADIA,,CHARMAJDIA CHARBRAHMANAGAR,NABADWIP,,,,,,,,,,,,,,,,,,,,,,,,,
3,,0.0,0.0,0.0,0.0,864.0,1465.0,1368.0,2494.0,817.0,1562.0,582.0,1002.0,938.0,1762.0,286.0,500.0,223.0,374.0,0.0,0.0,0.0,0.0,93.0,120.0,WEST BENGAL,NADIA,,FAKIRDANGA GHOLPARA,NABADWIP,,,,,,,,,,,,,,,,,,,,,,,,,
4,,0.0,0.0,0.0,0.0,1431.0,2063.0,1264.0,1987.0,224.0,315.0,49.0,49.0,484.0,617.0,364.0,424.0,354.0,441.0,189.0,222.0,426.0,785.0,440.0,839.0,WEST BENGAL,NADIA,,MAHISURA,NABADWIP,,,,,,,,,,,,,,,,,,,,,,,,,
5,,0.0,0.0,200.0,223.0,1617.0,2057.0,1477.0,1796.0,1609.0,2007.0,1193.0,1349.0,1027.0,1136.0,575.0,602.0,389.0,447.0,399.0,466.0,20.0,25.0,56.0,98.0,WEST BENGAL,NADIA,,MAJDIA PANSILA,NABADWIP,,,,,,,,,,,,,,,,,,,,,,,,,
6,,91.0,119.0,0.0,0.0,1536.0,2191.0,2661.0,4316.0,1960.0,2827.0,1677.0,2333.0,651.0,783.0,422.0,514.0,265.0,310.0,174.0,196.0,59.0,66.0,242.0,307.0,WEST BENGAL,NADIA,,MAYAPUR BAMANPUKUR-I,NABADWIP,,,,,,,,,,,,,,,,,,,,,,,,,
7,,593.0,1215.0,326.0,658.0,1569.0,2532.0,1316.0,2189.0,253.0,321.0,616.0,770.0,1009.0,1396.0,1173.0,1735.0,807.0,1169.0,841.0,1434.0,649.0,955.0,617.0,800.0,WEST BENGAL,NADIA,,MAYAPUR BAMANPUKUR-II,NABADWIP,,,,,,,,,,,,,,,,,,,,,,,,,
8,,0.0,0.0,0.0,0.0,562.0,615.0,661.0,723.0,643.0,695.0,524.0,552.0,255.0,260.0,416.0,437.0,172.0,177.0,145.0,277.0,138.0,289.0,138.0,285.0,WEST BENGAL,NADIA,,SWARUPGANJ,NABADWIP,,,,,,,,,,,,,,,,,,,,,,,,,
1,,0.0,0.0,138.0,144.0,373.0,433.0,288.0,346.0,358.0,375.0,245.0,273.0,258.0,288.0,156.0,183.0,195.0,231.0,260.0,301.0,221.0,269.0,307.0,365.0,WEST BENGAL,NADIA,,BETHUADAHARI-I,NAKASHIPARA,,,,,,,,,,,,,,,,,,,,,,,,,
2,,87.0,153.0,23.0,26.0,257.0,396.0,492.0,733.0,810.0,1266.0,683.0,952.0,225.0,290.0,367.0,563.0,13.0,13.0,95.0,106.0,77.0,94.0,153.0,217.0,WEST BENGAL,NADIA,,BETHUADAHARI-II,NAKASHIPARA,,,,,,,,,,,,,,,,,,,,,,,,,
3,,0.0,0.0,0.0,0.0,2284.0,3969.0,2415.0,4258.0,2102.0,3557.0,966.0,1461.0,0.0,0.0,0.0,0.0,0.0,0.0,166.0,320.0,17.0,17.0,37.0,37.0,WEST BENGAL,NADIA,,BIKRAMPUR,NAKASHIPARA,,,,,,,,,,,,,,,,,,,,,,,,,
4,,0.0,0.0,80.0,117.0,911.0,1409.0,2235.0,3327.0,1833.0,2736.0,342.0,566.0,263.0,264.0,0.0,0.0,0.0,0.0,0.0,0.0,272.0,443.0,544.0,726.0,WEST BENGAL,NADIA,,BILKUMARI,NAKASHIPARA,,,,,,,,,,,,,,,,,,,,,,,,,
5,,32.0,71.0,0.0,0.0,2227.0,2888.0,1191.0,1511.0,344.0,390.0,162.0,199.0,96.0,110.0,806.0,1017.0,837.0,1085.0,670.0,818.0,100.0,168.0,289.0,407.0,WEST BENGAL,NADIA,,BILLWAGRAM,NAKASHIPARA,,,,,,,,,,,,,,,,,,,,,,,,,
6,,65.0,90.0,0.0,0.0,794.0,1211.0,623.0,862.0,542.0,883.0,178.0,253.0,11.0,11.0,848.0,850.0,79.0,80.0,12.0,13.0,129.0,134.0,133.0,159.0,WEST BENGAL,NADIA,,BIRPUR-I,NAKASHIPARA,,,,,,,,,,,,,,,,,,,,,,,,,
7,,322.0,376.0,292.0,368.0,1225.0,1597.0,1197.0,1515.0,784.0,904.0,1151.0,2203.0,0.0,0.0,1527.0,2928.0,356.0,477.0,599.0,767.0,290.0,375.0,271.0,372.0,WEST BENGAL,NADIA,,BIRPUR-II,NAKASHIPARA,,,,,,,,,,,,,,,,,,,,,,,,,
8,,0.0,0.0,0.0,0.0,2360.0,3739.0,2666.0,4218.0,3003.0,4630.0,1432.0,1987.0,483.0,666.0,0.0,0.0,0.0,0.0,0.0,0.0,172.0,237.0,1359.0,2480.0,WEST BENGAL,NADIA,,DHANANJAYPUR,NAKASHIPARA,,,,,,,,,,,,,,,,,,,,,,,,,
9,,280.0,439.0,1145.0,1799.0,4161.0,6565.0,3115.0,4747.0,2196.0,3239.0,1754.0,2359.0,12.0,12.0,449.0,542.0,959.0,1334.0,795.0,1019.0,245.0,272.0,640.0,863.0,WEST BENGAL,NADIA,,DHARMADA,NAKASHIPARA,,,,,,,,,,,,,,,,,,,,,,,,,
10,,39.0,64.0,0.0,0.0,1083.0,1822.0,355.0,563.0,688.0,1132.0,429.0,674.0,275.0,488.0,325.0,514.0,919.0,993.0,8.0,8.0,34.0,34.0,154.0,229.0,WEST BENGAL,NADIA,,DOGACHHIA,NAKASHIPARA,,,,,,,,,,,,,,,,,,,,,,,,,
11,,0.0,0.0,0.0,0.0,893.0,1359.0,1260.0,1711.0,1344.0,1806.0,844.0,1138.0,4.0,4.0,84.0,92.0,44.0,52.0,42.0,49.0,146.0,174.0,1037.0,1414.0,WEST BENGAL,NADIA,,HARANAGAR,NAKASHIPARA,,,,,,,,,,,,,,,,,,,,,,,,,
12,,0.0,0.0,0.0,0.0,362.0,455.0,1461.0,2134.0,2439.0,4114.0,1471.0,2426.0,281.0,476.0,100.0,162.0,90.0,179.0,20.0,33.0,258.0,376.0,611.0,949.0,WEST BENGAL,NADIA,,MAJHERGRAM,NAKASHIPARA,,,,,,,,,,,,,,,,,,,,,,,,,
13,,0.0,0.0,604.0,957.0,1586.0,2776.0,2317.0,4131.0,2088.0,3683.0,626.0,989.0,77.0,94.0,29.0,39.0,5.0,6.0,0.0,0.0,133.0,254.0,287.0,514.0,WEST BENGAL,NADIA,,MURAGACHHA,NAKASHIPARA,,,,,,,,,,,,,,,,,,,,,,,,,
14,,0.0,0.0,0.0,0.0,548.0,735.0,1072.0,1571.0,2264.0,2936.0,1724.0,2337.0,14.0,15.0,0.0,0.0,1096.0,1574.0,1132.0,1618.0,81.0,90.0,1201.0,1595.0,WEST BENGAL,NADIA,,NAKASIPARA,NAKASHIPARA,,,,,,,,,,,,,,,,,,,,,,,,,
15,,0.0,0.0,951.0,1426.0,2195.0,3175.0,2222.0,3235.0,1832.0,2659.0,90.0,109.0,142.0,142.0,0.0,0.0,232.0,247.0,66.0,72.0,0.0,0.0,258.0,292.0,WEST BENGAL,NADIA,,PATIKABARI,NAKASHIPARA,,,,,,,,,,,,,,,,,,,,,,,,,
1,,266.0,288.0,493.0,608.0,676.0,869.0,583.0,712.0,475.0,586.0,495.0,601.0,582.0,794.0,469.0,567.0,20.0,20.0,336.0,509.0,506.0,702.0,406.0,609.0,WEST BENGAL,NADIA,,ANULIA,RANAGHAT-I,,,,,,,,,,,,,,,,,,,,,,,,,
2,,1914.0,2509.0,2178.0,2904.0,2334.0,2931.0,1690.0,1998.0,2022.0,2285.0,1370.0,1528.0,1733.0,1943.0,972.0,1034.0,328.0,349.0,101.0,104.0,340.0,350.0,682.0,835.0,WEST BENGAL,NADIA,,BARASAT,RANAGHAT-I,,,,,,,,,,,,,,,,,,,,,,,,,
3,,376.0,501.0,614.0,735.0,605.0,715.0,619.0,746.0,599.0,704.0,542.0,609.0,530.0,1157.0,386.0,849.0,268.0,570.0,298.0,657.0,310.0,722.0,252.0,604.0,WEST BENGAL,NADIA,,HABIBPUR,RANAGHAT-I,,,,,,,,,,,,,,,,,,,,,,,,,
4,,981.0,1116.0,943.0,1056.0,1153.0,1314.0,987.0,1104.0,1070.0,1249.0,588.0,666.0,886.0,991.0,733.0,810.0,540.0,666.0,700.0,784.0,478.0,730.0,429.0,742.0,WEST BENGAL,NADIA,,KALINARAYANPUR PAHARPUR,RANAGHAT-I,,,,,,,,,,,,,,,,,,,,,,,,,
5,,946.0,1154.0,477.0,530.0,998.0,1179.0,728.0,840.0,473.0,537.0,572.0,684.0,852.0,1049.0,493.0,564.0,75.0,80.0,521.0,802.0,324.0,595.0,255.0,453.0,WEST BENGAL,NADIA,,KHISMA,RANAGHAT-I,,,,,,,,,,,,,,,,,,,,,,,,,
6,,334.0,369.0,938.0,1138.0,1309.0,1726.0,1489.0,1964.0,1242.0,1736.0,1362.0,1713.0,1511.0,2363.0,1679.0,2520.0,432.0,583.0,121.0,173.0,287.0,424.0,391.0,571.0,WEST BENGAL,NADIA,,NAWPARA MASUNDA,RANAGHAT-I,,,,,,,,,,,,,,,,,,,,,,,,,
7,,426.0,465.0,572.0,642.0,615.0,703.0,708.0,763.0,743.0,827.0,698.0,750.0,648.0,685.0,649.0,703.0,536.0,562.0,502.0,564.0,339.0,363.0,231.0,262.0,WEST BENGAL,NADIA,,PAYRADANGA,RANAGHAT-I,,,,,,,,,,,,,,,,,,,,,,,,,
8,,184.0,203.0,237.0,265.0,246.0,283.0,255.0,290.0,217.0,228.0,245.0,260.0,245.0,344.0,226.0,392.0,176.0,302.0,265.0,278.0,212.0,218.0,134.0,154.0,WEST BENGAL,NADIA,,RAMANAGAR-I,RANAGHAT-I,,,,,,,,,,,,,,,,,,,,,,,,,
9,,405.0,430.0,454.0,483.0,478.0,507.0,573.0,639.0,539.0,607.0,506.0,566.0,492.0,565.0,497.0,582.0,400.0,499.0,369.0,486.0,339.0,476.0,335.0,473.0,WEST BENGAL,NADIA,,RAMNAGAR-II,RANAGHAT-I,,,,,,,,,,,,,,,,,,,,,,,,,
10,,290.0,444.0,1027.0,1609.0,1479.0,2557.0,646.0,809.0,887.0,1108.0,350.0,407.0,755.0,1054.0,838.0,1084.0,818.0,954.0,145.0,242.0,471.0,749.0,208.0,319.0,WEST BENGAL,NADIA,,TARAPUR,RANAGHAT-I,,,,,,,,,,,,,,,,,,,,,,,,,
1,,0.0,0.0,185.0,214.0,337.0,393.0,390.0,468.0,411.0,495.0,593.0,752.0,609.0,852.0,197.0,227.0,102.0,126.0,246.0,287.0,305.0,446.0,90.0,172.0,WEST BENGAL,NADIA,,ANISHMALI,RANAGHAT-II,,,,,,,,,,,,,,,,,,,,,,,,,
2,,130.0,193.0,221.0,297.0,745.0,1050.0,936.0,1293.0,641.0,824.0,591.0,804.0,675.0,834.0,456.0,586.0,314.0,358.0,593.0,746.0,371.0,492.0,646.0,913.0,WEST BENGAL,NADIA,,ARANGHATA,RANAGHAT-II,,,,,,,,,,,,,,,,,,,,,,,,,
3,,368.0,417.0,418.0,486.0,1238.0,1483.0,1165.0,1396.0,710.0,869.0,1246.0,1505.0,851.0,1021.0,603.0,690.0,546.0,617.0,625.0,780.0,1126.0,1409.0,1022.0,1356.0,WEST BENGAL,NADIA,,BAHIRGACHI,RANAGHAT-II,,,,,,,,,,,,,,,,,,,,,,,,,
4,,368.0,443.0,398.0,481.0,765.0,1164.0,1114.0,1647.0,1086.0,1701.0,921.0,1430.0,598.0,914.0,166.0,253.0,24.0,46.0,561.0,833.0,540.0,861.0,262.0,412.0,WEST BENGAL,NADIA,,BAIDYAPUR-I,RANAGHAT-II,,,,,,,,,,,,,,,,,,,,,,,,,
5,,70.0,72.0,207.0,243.0,339.0,377.0,340.0,382.0,355.0,393.0,338.0,387.0,291.0,324.0,47.0,47.0,0.0,0.0,81.0,81.0,133.0,138.0,202.0,226.0,WEST BENGAL,NADIA,,BAIDYAPUR-II,RANAGHAT-II,,,,,,,,,,,,,,,,,,,,,,,,,
6,,264.0,277.0,152.0,163.0,461.0,537.0,639.0,770.0,775.0,973.0,698.0,793.0,639.0,804.0,222.0,245.0,36.0,40.0,75.0,102.0,301.0,385.0,553.0,672.0,WEST BENGAL,NADIA,,DEBAGRAM,RANAGHAT-II,,,,,,,,,,,,,,,,,,,,,,,,,
7,,520.0,677.0,952.0,1227.0,1395.0,1893.0,808.0,1046.0,696.0,886.0,888.0,1128.0,720.0,974.0,540.0,779.0,0.0,0.0,631.0,898.0,888.0,1174.0,676.0,957.0,WEST BENGAL,NADIA,,DUTTAFULIA,RANAGHAT-II,,,,,,,,,,,,,,,,,,,,,,,,,
8,,540.0,675.0,758.0,934.0,1258.0,1694.0,1314.0,1821.0,1171.0,1550.0,1069.0,1383.0,698.0,1037.0,453.0,711.0,373.0,492.0,789.0,1258.0,682.0,1026.0,994.0,1863.0,WEST BENGAL,NADIA,,JUGALKISHORE,RANAGHAT-II,,,,,,,,,,,,,,,,,,,,,,,,,
9,,189.0,199.0,141.0,150.0,394.0,424.0,722.0,820.0,915.0,1028.0,659.0,701.0,817.0,908.0,693.0,781.0,399.0,484.0,731.0,880.0,644.0,801.0,556.0,637.0,WEST BENGAL,NADIA,,KAMALPUR,RANAGHAT-II,,,,,,,,,,,,,,,,,,,,,,,,,
10,,266.0,279.0,738.0,826.0,949.0,1122.0,1222.0,1493.0,1214.0,1481.0,1491.0,1750.0,1348.0,1551.0,837.0,1015.0,88.0,97.0,445.0,504.0,775.0,950.0,828.0,1056.0,WEST BENGAL,NADIA,,MAJHERGRAM,RANAGHAT-II,,,,,,,,,,,,,,,,,,,,,,,,,
11,,122.0,142.0,330.0,428.0,731.0,883.0,843.0,1060.0,812.0,955.0,784.0,1389.0,659.0,1062.0,295.0,446.0,100.0,178.0,162.0,345.0,795.0,1629.0,568.0,946.0,WEST BENGAL,NADIA,,NOKARI,RANAGHAT-II,,,,,,,,,,,,,,,,,,,,,,,,,
12,,258.0,298.0,426.0,475.0,544.0,598.0,640.0,733.0,656.0,736.0,376.0,408.0,543.0,616.0,239.0,247.0,63.0,65.0,80.0,81.0,137.0,152.0,228.0,259.0,WEST BENGAL,NADIA,,RAGHUNATHPUR HIJULI-I,RANAGHAT-II,,,,,,,,,,,,,,,,,,,,,,,,,
13,,564.0,668.0,633.0,755.0,1055.0,1191.0,1409.0,1635.0,1378.0,1576.0,1323.0,1499.0,862.0,918.0,700.0,736.0,19.0,20.0,190.0,227.0,702.0,816.0,872.0,1025.0,WEST BENGAL,NADIA,,RAGHUNATHPUR HIJULI-II,RANAGHAT-II,,,,,,,,,,,,,,,,,,,,,,,,,
14,,28.0,29.0,31.0,32.0,125.0,135.0,206.0,224.0,128.0,147.0,154.0,172.0,98.0,100.0,58.0,58.0,13.0,14.0,96.0,102.0,199.0,226.0,179.0,229.0,WEST BENGAL,NADIA,,SHYAMNAGAR,RANAGHAT-II,,,,,,,,,,,,,,,,,,,,,,,,,
1,,458.0,839.0,586.0,968.0,1967.0,3269.0,2318.0,3649.0,2532.0,4008.0,2508.0,3973.0,1951.0,2927.0,1798.0,2598.0,530.0,690.0,326.0,423.0,276.0,404.0,733.0,987.0,WEST BENGAL,NADIA,,ARBANDI-I,SANTIPUR,,,,,,,,,,,,,,,,,,,,,,,,,
2,,796.0,1419.0,0.0,0.0,1949.0,3348.0,2550.0,4431.0,901.0,1583.0,2216.0,4072.0,1776.0,3063.0,1645.0,2769.0,483.0,808.0,1367.0,2300.0,547.0,913.0,298.0,340.0,WEST BENGAL,NADIA,,ARBANDI-II,SANTIPUR,,,,,,,,,,,,,,,,,,,,,,,,,
3,,380.0,497.0,392.0,519.0,1572.0,2282.0,976.0,1364.0,1012.0,1385.0,1042.0,1426.0,1476.0,2239.0,1396.0,2762.0,1480.0,2698.0,1498.0,3639.0,988.0,2240.0,499.0,995.0,WEST BENGAL,NADIA,,BABLA,SANTIPUR,,,,,,,,,,,,,,,,,,,,,,,,,
4,,0.0,0.0,377.0,681.0,1202.0,1942.0,1642.0,2685.0,1440.0,1979.0,2556.0,3908.0,1731.0,2769.0,1498.0,2417.0,141.0,321.0,1141.0,1895.0,1418.0,2553.0,915.0,1738.0,WEST BENGAL,NADIA,,BAGANCHRA,SANTIPUR,,,,,,,,,,,,,,,,,,,,,,,,,
5,,330.0,441.0,620.0,1060.0,768.0,1204.0,601.0,731.0,327.0,511.0,465.0,587.0,581.0,650.0,595.0,920.0,738.0,1003.0,531.0,705.0,700.0,950.0,591.0,789.0,WEST BENGAL,NADIA,,BELGORIA-I,SANTIPUR,,,,,,,,,,,,,,,,,,,,,,,,,
6,,0.0,0.0,321.0,331.0,613.0,709.0,847.0,947.0,1013.0,1187.0,861.0,940.0,987.0,1104.0,980.0,1074.0,862.0,909.0,856.0,920.0,685.0,736.0,561.0,598.0,WEST BENGAL,NADIA,,BELGORIA-II,SANTIPUR,,,,,,,,,,,,,,,,,,,,,,,,,
7,,235.0,267.0,378.0,440.0,561.0,693.0,575.0,695.0,546.0,639.0,585.0,730.0,510.0,603.0,488.0,558.0,321.0,336.0,355.0,388.0,281.0,312.0,275.0,308.0,WEST BENGAL,NADIA,,FULIA TOWNSHIP,SANTIPUR,,,,,,,,,,,,,,,,,,,,,,,,,
8,,423.0,472.0,349.0,562.0,1483.0,2395.0,450.0,817.0,1189.0,2005.0,1038.0,1720.0,1218.0,2042.0,1316.0,2163.0,709.0,1122.0,580.0,1088.0,276.0,443.0,151.0,281.0,WEST BENGAL,NADIA,,GAYESHPUR,SANTIPUR,,,,,,,,,,,,,,,,,,,,,,,,,
9,,70.0,70.0,411.0,643.0,1227.0,1928.0,1651.0,2592.0,1231.0,1846.0,585.0,791.0,923.0,1372.0,802.0,1197.0,633.0,720.0,757.0,1199.0,211.0,295.0,149.0,292.0,WEST BENGAL,NADIA,,HARIPUR,SANTIPUR,,,,,,,,,,,,,,,,,,,,,,,,,
10,,660.0,1271.0,1169.0,2425.0,1654.0,2514.0,1038.0,1484.0,2187.0,3041.0,1654.0,2240.0,1540.0,2152.0,1454.0,2100.0,1055.0,1363.0,1736.0,2339.0,1438.0,2220.0,1178.0,1810.0,WEST BENGAL,NADIA,,NABLA,SANTIPUR,,,,,,,,,,,,,,,,,,,,,,,,,
1,,138.0,144.0,469.0,495.0,1368.0,1454.0,1473.0,1600.0,1323.0,1437.0,1478.0,1612.0,1653.0,1778.0,779.0,870.0,205.0,295.0,325.0,757.0,338.0,662.0,384.0,519.0,WEST BENGAL,NADIA,,BATAI-I,TEHATTA-I,,,,,,,,,,,,,,,,,,,,,,,,,
2,,0.0,0.0,200.0,201.0,691.0,708.0,763.0,790.0,972.0,1003.0,686.0,708.0,955.0,979.0,1058.0,1093.0,892.0,973.0,1014.0,1120.0,930.0,1076.0,1151.0,1437.0,WEST BENGAL,NADIA,,BETAI-II,TEHATTA-I,,,,,,,,,,,,,,,,,,,,,,,,,
3,,0.0,0.0,0.0,0.0,914.0,1033.0,1123.0,1309.0,880.0,1043.0,836.0,990.0,849.0,1013.0,952.0,1144.0,130.0,166.0,795.0,1019.0,1139.0,1506.0,1048.0,1653.0,WEST BENGAL,NADIA,,CHANDERGHAT,TEHATTA-I,,,,,,,,,,,,,,,,,,,,,,,,,
4,,21.0,25.0,1017.0,1314.0,1852.0,2388.0,2061.0,2532.0,2031.0,2505.0,1695.0,2048.0,1655.0,1895.0,1861.0,2069.0,1466.0,1568.0,1047.0,1149.0,1343.0,1456.0,901.0,997.0,WEST BENGAL,NADIA,,CHHITKA,TEHATTA-I,,,,,,,,,,,,,,,,,,,,,,,,,
5,,0.0,0.0,41.0,41.0,347.0,375.0,612.0,673.0,687.0,753.0,505.0,553.0,922.0,999.0,755.0,777.0,74.0,78.0,249.0,275.0,698.0,816.0,349.0,428.0,WEST BENGAL,NADIA,,KANAINAGAR,TEHATTA-I,,,,,,,,,,,,,,,,,,,,,,,,,
6,,0.0,0.0,284.0,308.0,1332.0,1539.0,1135.0,1302.0,1278.0,1439.0,1197.0,1422.0,1163.0,1386.0,1150.0,1335.0,807.0,881.0,1149.0,1272.0,1362.0,1550.0,1316.0,1565.0,WEST BENGAL,NADIA,,NATNA,TEHATTA-I,,,,,,,,,,,,,,,,,,,,,,,,,
7,,0.0,0.0,34.0,35.0,831.0,962.0,809.0,910.0,586.0,663.0,737.0,842.0,1031.0,1246.0,982.0,1185.0,1168.0,1581.0,1088.0,1649.0,1021.0,1479.0,1055.0,1478.0,WEST BENGAL,NADIA,,PATHARGHATA-I,TEHATTA-I,,,,,,,,,,,,,,,,,,,,,,,,,
8,,33.0,34.0,65.0,67.0,835.0,893.0,1058.0,1130.0,907.0,980.0,937.0,1012.0,895.0,943.0,935.0,1004.0,107.0,198.0,690.0,815.0,889.0,971.0,633.0,819.0,WEST BENGAL,NADIA,,PATHATGHATA-II,TEHATTA-I,,,,,,,,,,,,,,,,,,,,,,,,,
9,,0.0,0.0,411.0,457.0,1143.0,1358.0,1285.0,1486.0,1385.0,1635.0,1058.0,1261.0,1151.0,1309.0,960.0,1056.0,338.0,354.0,415.0,465.0,748.0,914.0,739.0,836.0,WEST BENGAL,NADIA,,RAGHUNATHPUR,TEHATTA-I,,,,,,,,,,,,,,,,,,,,,,,,,
10,,0.0,0.0,214.0,215.0,1479.0,1551.0,1404.0,1544.0,1087.0,1185.0,1594.0,1723.0,801.0,848.0,726.0,758.0,205.0,210.0,674.0,758.0,449.0,515.0,691.0,755.0,WEST BENGAL,NADIA,,SHYAMNAGAR,TEHATTA-I,,,,,,,,,,,,,,,,,,,,,,,,,
11,,0.0,0.0,0.0,0.0,23.0,26.0,835.0,895.0,1290.0,1410.0,926.0,1075.0,688.0,789.0,604.0,662.0,75.0,77.0,341.0,412.0,668.0,723.0,931.0,1117.0,WEST BENGAL,NADIA,,TEHATTA,TEHATTA-I,,,,,,,,,,,,,,,,,,,,,,,,,
1,,0.0,0.0,0.0,0.0,359.0,474.0,941.0,1150.0,1178.0,1502.0,220.0,308.0,33.0,33.0,284.0,347.0,805.0,997.0,722.0,936.0,752.0,988.0,860.0,1117.0,WEST BENGAL,NADIA,,BARNIA,TEHATTA-II,,,,,,,,,,,,,,,,,,,,,,,,,
2,,59.0,62.0,98.0,105.0,628.0,682.0,783.0,928.0,1286.0,1527.0,636.0,746.0,444.0,531.0,91.0,95.0,0.0,0.0,4.0,4.0,455.0,601.0,462.0,589.0,WEST BENGAL,NADIA,,GOPINATHPUR,TEHATTA-II,,,,,,,,,,,,,,,,,,,,,,,,,
3,,59.0,59.0,243.0,246.0,3295.0,3899.0,1943.0,2680.0,1720.0,2350.0,152.0,187.0,14.0,16.0,67.0,77.0,29.0,32.0,28.0,29.0,209.0,252.0,220.0,266.0,WEST BENGAL,NADIA,,HANSPUKURIA,TEHATTA-II,,,,,,,,,,,,,,,,,,,,,,,,,
4,,0.0,0.0,12.0,12.0,1115.0,1296.0,1021.0,1390.0,1812.0,2076.0,1339.0,1515.0,696.0,868.0,133.0,152.0,123.0,144.0,80.0,80.0,507.0,666.0,407.0,571.0,WEST BENGAL,NADIA,,PALASIPARA,TEHATTA-II,,,,,,,,,,,,,,,,,,,,,,,,,
5,,0.0,0.0,0.0,0.0,43.0,45.0,373.0,386.0,829.0,939.0,1487.0,1725.0,163.0,166.0,396.0,461.0,862.0,940.0,166.0,182.0,613.0,689.0,654.0,797.0,WEST BENGAL,NADIA,,PALSUNDA-I,TEHATTA-II,,,,,,,,,,,,,,,,,,,,,,,,,
6,,0.0,0.0,0.0,0.0,144.0,191.0,235.0,376.0,665.0,1155.0,309.0,579.0,26.0,26.0,58.0,71.0,19.0,19.0,47.0,62.0,114.0,149.0,310.0,423.0,WEST BENGAL,NADIA,,PALSUNDA-II,TEHATTA-II,,,,,,,,,,,,,,,,,,,,,,,,,
7,,0.0,0.0,0.0,0.0,1196.0,1437.0,1367.0,1673.0,1518.0,1785.0,800.0,847.0,862.0,934.0,1360.0,1562.0,1542.0,1858.0,1126.0,1382.0,1390.0,1645.0,752.0,967.0,WEST BENGAL,NADIA,,SAHEBNAGAR,TEHATTA-II,,,,,,,,,,,,,,,,,,,,,,,,,
